2025-04-17 21:22:25,269 - asyncio - DEBUG - Using proactor: IocpProactor
2025-04-17 21:22:25,270 - IseeYou.main - INFO - Starting Felix Tracking Client...
2025-04-17 21:22:25,270 - IseeYou.FelixTrackingClient - INFO - 
=== Initializing FelixTrackingClient ===
2025-04-17 21:22:25,270 - IseeYou.FelixTrackingClient - INFO - Using simple direct tracking (no ByteTrack dependency)
2025-04-17 21:22:25,270 - IseeYou.FelixTrackingClient - INFO - FelixTrackingClient initialized successfully
2025-04-17 21:22:25,270 - IseeYou.FelixTrackingClient - INFO - 
=== Testing camera access ===
2025-04-17 21:22:30,228 - IseeYou.FelixTrackingClient - INFO - Camera test successful
2025-04-17 21:22:30,228 - IseeYou.FelixTrackingClient - INFO - Connection attempt 1/5 to ws://localhost:8080...
2025-04-17 21:22:30,228 - IseeYou.FelixTrackingClient - DEBUG - Attempting websocket.connect with 20.0s timeout...
2025-04-17 21:22:30,249 - websockets.client - DEBUG - = connection is CONNECTING
2025-04-17 21:22:30,250 - websockets.client - DEBUG - > GET / HTTP/1.1
2025-04-17 21:22:30,250 - websockets.client - DEBUG - > Host: localhost:8080
2025-04-17 21:22:30,250 - websockets.client - DEBUG - > Upgrade: websocket
2025-04-17 21:22:30,250 - websockets.client - DEBUG - > Connection: Upgrade
2025-04-17 21:22:30,250 - websockets.client - DEBUG - > Sec-WebSocket-Key: g0eruY9vOZVzWURFYUS2hQ==
2025-04-17 21:22:30,250 - websockets.client - DEBUG - > Sec-WebSocket-Version: 13
2025-04-17 21:22:30,250 - websockets.client - DEBUG - > Sec-WebSocket-Extensions: permessage-deflate; client_max_window_bits
2025-04-17 21:22:30,250 - websockets.client - DEBUG - > User-Agent: Python/3.12 websockets/15.0.1
2025-04-17 21:22:30,353 - websockets.client - DEBUG - < HTTP/1.1 101 Switching Protocols
2025-04-17 21:22:30,353 - websockets.client - DEBUG - < Date: Fri, 18 Apr 2025 04:22:29 GMT
2025-04-17 21:22:30,353 - websockets.client - DEBUG - < Upgrade: websocket
2025-04-17 21:22:30,353 - websockets.client - DEBUG - < Connection: Upgrade
2025-04-17 21:22:30,353 - websockets.client - DEBUG - < Sec-WebSocket-Accept: bFg1vjgYk4cidIIXGQ47mxn4h/I=
2025-04-17 21:22:30,353 - websockets.client - DEBUG - < Sec-WebSocket-Extensions: permessage-deflate; server_max_window_bits=12; client_max_window_bits=12
2025-04-17 21:22:30,353 - websockets.client - DEBUG - < Server: Python/3.10 websockets/15.0.1
2025-04-17 21:22:30,354 - websockets.client - DEBUG - = connection is OPEN
2025-04-17 21:22:30,354 - IseeYou.FelixTrackingClient - INFO - Connection successful! (('::1', 8080, 0, 0))
2025-04-17 21:22:30,354 - IseeYou.FelixTrackingClient - INFO - Launching client tasks (capture/send, receive)...
2025-04-17 21:22:30,354 - IseeYou.FelixTrackingClient - INFO - Monitoring client tasks...
2025-04-17 21:22:30,354 - IseeYou.FelixTrackingClient - INFO - 
=== Starting video capture ===
2025-04-17 21:22:34,725 - IseeYou.FelixTrackingClient - INFO - 
=== Starting to receive detection results ===
2025-04-17 21:22:34,726 - websockets.client - DEBUG - > BINARY ff d8 ff e0 00 10 4a 46 49 46 00 01 01 00 00 01 ... 39 49 21 a8 db 73 ff d9 [69816 bytes]
2025-04-17 21:22:34,836 - websockets.client - DEBUG - > BINARY ff d8 ff e0 00 10 4a 46 49 46 00 01 01 00 00 01 ... fa 0d d3 b4 2f 73 ff d9 [69722 bytes]
2025-04-17 21:22:34,957 - websockets.client - DEBUG - > BINARY ff d8 ff e0 00 10 4a 46 49 46 00 01 01 00 00 01 ... 52 6c b8 fb cd 33 ff d9 [69536 bytes]
2025-04-17 21:22:35,074 - websockets.client - DEBUG - > BINARY ff d8 ff e0 00 10 4a 46 49 46 00 01 01 00 00 01 ... 6e 85 34 f9 79 99 ff d9 [69364 bytes]
2025-04-17 21:22:35,182 - websockets.client - DEBUG - > BINARY ff d8 ff e0 00 10 4a 46 49 46 00 01 01 00 00 01 ... 75 34 b7 2a b3 47 ff d9 [69376 bytes]
2025-04-17 21:22:35,294 - websockets.client - DEBUG - > BINARY ff d8 ff e0 00 10 4a 46 49 46 00 01 01 00 00 01 ... e4 8d 23 15 c9 a9 ff d9 [69090 bytes]
2025-04-17 21:22:35,418 - websockets.client - DEBUG - > BINARY ff d8 ff e0 00 10 4a 46 49 46 00 01 01 00 00 01 ... dc d6 94 6e ee 7f ff d9 [69376 bytes]
2025-04-17 21:22:35,542 - websockets.client - DEBUG - > BINARY ff d8 ff e0 00 10 4a 46 49 46 00 01 01 00 00 01 ... 6e 52 8c 66 b5 3f ff d9 [69199 bytes]
2025-04-17 21:22:35,651 - websockets.client - DEBUG - > BINARY ff d8 ff e0 00 10 4a 46 49 46 00 01 01 00 00 01 ... 6e 52 8c 66 b5 3f ff d9 [69199 bytes]
2025-04-17 21:22:35,775 - websockets.client - DEBUG - > BINARY ff d8 ff e0 00 10 4a 46 49 46 00 01 01 00 00 01 ... b4 2a 0a 4d 5e c7 ff d9 [68991 bytes]
2025-04-17 21:22:35,885 - websockets.client - DEBUG - > BINARY ff d8 ff e0 00 10 4a 46 49 46 00 01 01 00 00 01 ... dc bb d9 36 f5 3f ff d9 [68951 bytes]
2025-04-17 21:22:35,992 - websockets.client - DEBUG - > BINARY ff d8 ff e0 00 10 4a 46 49 46 00 01 01 00 00 01 ... d5 8a 8c 65 cd b1 ff d9 [69115 bytes]
2025-04-17 21:22:36,103 - websockets.client - DEBUG - > BINARY ff d8 ff e0 00 10 4a 46 49 46 00 01 01 00 00 01 ... a2 76 d0 b8 5b a1 ff d9 [69239 bytes]
2025-04-17 21:22:36,213 - websockets.client - DEBUG - > BINARY ff d8 ff e0 00 10 4a 46 49 46 00 01 01 00 00 01 ... 45 28 ca 35 55 d1 ff d9 [69182 bytes]
2025-04-17 21:22:36,320 - websockets.client - DEBUG - > BINARY ff d8 ff e0 00 10 4a 46 49 46 00 01 01 00 00 01 ... 3b 32 a0 92 69 dc ff d9 [69333 bytes]
2025-04-17 21:22:36,431 - websockets.client - DEBUG - > BINARY ff d8 ff e0 00 10 4a 46 49 46 00 01 01 00 00 01 ... 45 c7 97 93 95 9f ff d9 [69270 bytes]
2025-04-17 21:22:36,553 - websockets.client - DEBUG - > BINARY ff d8 ff e0 00 10 4a 46 49 46 00 01 01 00 00 01 ... 7b 22 e9 ad 2e cf ff d9 [69267 bytes]
2025-04-17 21:22:36,664 - websockets.client - DEBUG - > BINARY ff d8 ff e0 00 10 4a 46 49 46 00 01 01 00 00 01 ... 96 b9 70 49 43 98 ff d9 [69239 bytes]
2025-04-17 21:22:36,788 - websockets.client - DEBUG - > BINARY ff d8 ff e0 00 10 4a 46 49 46 00 01 01 00 00 01 ... 96 b9 70 49 43 98 ff d9 [69239 bytes]
2025-04-17 21:22:36,892 - websockets.client - DEBUG - < TEXT '[{"box": [121, 214, 349, 265], "is_felix": fals...": 0.4953168034553528}]' [84 bytes]
2025-04-17 21:22:36,895 - IseeYou.FelixTrackingClient - DEBUG - [RECEIVER] Frame #1: Received 1 detections (0 Felix)
2025-04-17 21:22:36,896 - websockets.client - DEBUG - > BINARY ff d8 ff e0 00 10 4a 46 49 46 00 01 01 00 00 01 ... b5 8a a7 1e 67 b1 ff d9 [69087 bytes]
2025-04-17 21:22:37,007 - websockets.client - DEBUG - > BINARY ff d8 ff e0 00 10 4a 46 49 46 00 01 01 00 00 01 ... ba 6a 4f e0 f9 9f ff d9 [69250 bytes]
2025-04-17 21:22:37,139 - websockets.client - DEBUG - > BINARY ff d8 ff e0 00 10 4a 46 49 46 00 01 01 00 00 01 ... b2 2d 2e 59 34 7f ff d9 [69167 bytes]
2025-04-17 21:22:37,257 - websockets.client - DEBUG - > BINARY ff d8 ff e0 00 10 4a 46 49 46 00 01 01 00 00 01 ... 14 d2 95 9c 74 3f ff d9 [69328 bytes]
2025-04-17 21:22:37,381 - websockets.client - DEBUG - > BINARY ff d8 ff e0 00 10 4a 46 49 46 00 01 01 00 00 01 ... c5 45 72 be 68 9f ff d9 [69338 bytes]
2025-04-17 21:22:37,392 - websockets.client - DEBUG - < TEXT '[{"box": [118, 213, 352, 266], "is_felix": fals...: 0.49623268842697144}]' [85 bytes]
2025-04-17 21:22:37,393 - IseeYou.FelixTrackingClient - DEBUG - [RECEIVER] Frame #2: Received 1 detections (0 Felix)
2025-04-17 21:22:37,505 - websockets.client - DEBUG - > BINARY ff d8 ff e0 00 10 4a 46 49 46 00 01 01 00 00 01 ... ac a8 47 9e 3a 9f ff d9 [69374 bytes]
2025-04-17 21:22:37,607 - websockets.client - DEBUG - < TEXT '[{"box": [117, 213, 353, 266], "is_felix": fals...: 0.49665936827659607}]' [85 bytes]
2025-04-17 21:22:37,611 - IseeYou.FelixTrackingClient - DEBUG - [RECEIVER] Frame #3: Received 1 detections (0 Felix)
2025-04-17 21:22:37,612 - websockets.client - DEBUG - > BINARY ff d8 ff e0 00 10 4a 46 49 46 00 01 01 00 00 01 ... 17 4d 42 4d 37 d0 ff d9 [69270 bytes]
2025-04-17 21:22:37,725 - websockets.client - DEBUG - > BINARY ff d8 ff e0 00 10 4a 46 49 46 00 01 01 00 00 01 ... 2d 0b 8c 79 95 cf ff d9 [69233 bytes]
2025-04-17 21:22:37,836 - websockets.client - DEBUG - > BINARY ff d8 ff e0 00 10 4a 46 49 46 00 01 01 00 00 01 ... 99 56 6e f7 5b 1f ff d9 [69319 bytes]
2025-04-17 21:22:37,920 - websockets.client - DEBUG - < TEXT '[{"box": [120, 213, 354, 266], "is_felix": fals...: 0.49619629979133606}]' [85 bytes]
2025-04-17 21:22:37,920 - IseeYou.FelixTrackingClient - DEBUG - [RECEIVER] Frame #4: Received 1 detections (0 Felix)
2025-04-17 21:22:37,957 - websockets.client - DEBUG - > BINARY ff d8 ff e0 00 10 4a 46 49 46 00 01 01 00 00 01 ... df 52 d6 aa c9 1f ff d9 [69200 bytes]
2025-04-17 21:22:38,065 - websockets.client - DEBUG - > BINARY ff d8 ff e0 00 10 4a 46 49 46 00 01 01 00 00 01 ... b4 da d8 a7 65 23 ff d9 [69200 bytes]
2025-04-17 21:22:38,174 - websockets.client - DEBUG - > BINARY ff d8 ff e0 00 10 4a 46 49 46 00 01 01 00 00 01 ... b4 da d8 a7 65 23 ff d9 [69200 bytes]
2025-04-17 21:22:38,250 - websockets.client - DEBUG - < TEXT '[{"box": [118, 212, 352, 267], "is_felix": fals...: 0.49594631791114807}]' [85 bytes]
2025-04-17 21:22:38,250 - IseeYou.FelixTrackingClient - DEBUG - [RECEIVER] Frame #5: Received 1 detections (0 Felix)
2025-04-17 21:22:38,282 - websockets.client - DEBUG - > BINARY ff d8 ff e0 00 10 4a 46 49 46 00 01 01 00 00 01 ... b3 1c 57 bb 74 7f ff d9 [69259 bytes]
2025-04-17 21:22:38,392 - websockets.client - DEBUG - > BINARY ff d8 ff e0 00 10 4a 46 49 46 00 01 01 00 00 01 ... b3 2e 0b 9b 59 9f ff d9 [69083 bytes]
2025-04-17 21:22:38,506 - websockets.client - DEBUG - > BINARY ff d8 ff e0 00 10 4a 46 49 46 00 01 01 00 00 01 ... a6 5c 39 a9 fb c8 ff d9 [69299 bytes]
2025-04-17 21:22:38,627 - websockets.client - DEBUG - > BINARY ff d8 ff e0 00 10 4a 46 49 46 00 01 01 00 00 01 ... 72 b1 db de 4d 9f ff d9 [69421 bytes]
2025-04-17 21:22:38,736 - websockets.client - DEBUG - > BINARY ff d8 ff e0 00 10 4a 46 49 46 00 01 01 00 00 01 ... ee 97 15 c9 e4 7f ff d9 [69075 bytes]
2025-04-17 21:22:38,845 - websockets.client - DEBUG - > BINARY ff d8 ff e0 00 10 4a 46 49 46 00 01 01 00 00 01 ... 24 52 8d f5 b6 87 ff d9 [69395 bytes]
2025-04-17 21:22:38,953 - websockets.client - DEBUG - > BINARY ff d8 ff e0 00 10 4a 46 49 46 00 01 01 00 00 01 ... 2a d1 9a 49 74 3f ff d9 [69252 bytes]
2025-04-17 21:22:39,062 - websockets.client - DEBUG - > BINARY ff d8 ff e0 00 10 4a 46 49 46 00 01 01 00 00 01 ... 1c 13 9c 5f 2f 43 ff d9 [69158 bytes]
2025-04-17 21:22:39,173 - websockets.client - DEBUG - > BINARY ff d8 ff e0 00 10 4a 46 49 46 00 01 01 00 00 01 ... 1c 13 9c 5f 2f 43 ff d9 [69158 bytes]
2025-04-17 21:22:39,281 - websockets.client - DEBUG - > BINARY ff d8 ff e0 00 10 4a 46 49 46 00 01 01 00 00 01 ... ec 8a 82 b3 bf 43 ff d9 [69481 bytes]
2025-04-17 21:22:39,284 - websockets.client - DEBUG - < TEXT '[{"box": [124, 213, 353, 266], "is_felix": fals...": 0.4961857497692108}]' [84 bytes]
2025-04-17 21:22:39,284 - IseeYou.FelixTrackingClient - DEBUG - [RECEIVER] Frame #6: Received 1 detections (0 Felix)
2025-04-17 21:22:39,389 - websockets.client - DEBUG - > BINARY ff d8 ff e0 00 10 4a 46 49 46 00 01 01 00 00 01 ... 12 a9 a8 b7 aa 3f ff d9 [69275 bytes]
2025-04-17 21:22:39,522 - websockets.client - DEBUG - > BINARY ff d8 ff e0 00 10 4a 46 49 46 00 01 01 00 00 01 ... 6e 85 45 46 50 b9 ff d9 [69309 bytes]
2025-04-17 21:22:39,611 - websockets.client - DEBUG - < TEXT '[{"box": [123, 213, 351, 266], "is_felix": fals...": 0.4951387345790863}]' [84 bytes]
2025-04-17 21:22:39,612 - IseeYou.FelixTrackingClient - DEBUG - [RECEIVER] Frame #7: Received 1 detections (0 Felix)
2025-04-17 21:22:39,640 - websockets.client - DEBUG - > BINARY ff d8 ff e0 00 10 4a 46 49 46 00 01 01 00 00 01 ... 13 4a 6a 32 d1 9f ff d9 [69206 bytes]
2025-04-17 21:22:39,749 - websockets.client - DEBUG - > BINARY ff d8 ff e0 00 10 4a 46 49 46 00 01 01 00 00 01 ... e5 f2 a9 3b ec 7f ff d9 [69393 bytes]
2025-04-17 21:22:39,858 - websockets.client - DEBUG - > BINARY ff d8 ff e0 00 10 4a 46 49 46 00 01 01 00 00 01 ... 49 ab 95 18 f3 1f ff d9 [69184 bytes]
2025-04-17 21:22:39,936 - websockets.client - DEBUG - < TEXT '[{"box": [124, 214, 351, 265], "is_felix": fals...": 0.4949760437011719}]' [84 bytes]
2025-04-17 21:22:39,936 - IseeYou.FelixTrackingClient - DEBUG - [RECEIVER] Frame #8: Received 1 detections (0 Felix)
2025-04-17 21:22:39,966 - websockets.client - DEBUG - > BINARY ff d8 ff e0 00 10 4a 46 49 46 00 01 01 00 00 01 ... a2 46 91 bb e8 7f ff d9 [69031 bytes]
2025-04-17 21:22:40,077 - websockets.client - DEBUG - > BINARY ff d8 ff e0 00 10 4a 46 49 46 00 01 01 00 00 01 ... 6f 42 a0 bd ed 51 ff d9 [68953 bytes]
2025-04-17 21:22:40,202 - websockets.client - DEBUG - > BINARY ff d8 ff e0 00 10 4a 46 49 46 00 01 01 00 00 01 ... 2e 0b 9e 5a ec 7f ff d9 [69045 bytes]
2025-04-17 21:22:40,251 - websockets.client - DEBUG - < TEXT '[{"box": [124, 214, 351, 265], "is_felix": fals...": 0.4949760437011719}]' [84 bytes]
2025-04-17 21:22:40,252 - IseeYou.FelixTrackingClient - DEBUG - [RECEIVER] Frame #9: Received 1 detections (0 Felix)
2025-04-17 21:22:40,326 - websockets.client - DEBUG - > BINARY ff d8 ff e0 00 10 4a 46 49 46 00 01 01 00 00 01 ... 2e 0b 9e 5a ec 7f ff d9 [69045 bytes]
2025-04-17 21:22:40,436 - websockets.client - DEBUG - > BINARY ff d8 ff e0 00 10 4a 46 49 46 00 01 01 00 00 01 ... 8a a7 14 a2 fb b3 ff d9 [69017 bytes]
2025-04-17 21:22:40,559 - websockets.client - DEBUG - < TEXT '[{"box": [125, 213, 352, 266], "is_felix": fals...": 0.4955645799636841}]' [84 bytes]
2025-04-17 21:22:40,560 - IseeYou.FelixTrackingClient - DEBUG - [RECEIVER] Frame #10: Received 1 detections (0 Felix)
2025-04-17 21:22:40,561 - websockets.client - DEBUG - > BINARY ff d8 ff e0 00 10 4a 46 49 46 00 01 01 00 00 01 ... b1 6d 45 47 9a 27 ff d9 [69236 bytes]
2025-04-17 21:22:40,682 - websockets.client - DEBUG - > BINARY ff d8 ff e0 00 10 4a 46 49 46 00 01 01 00 00 01 ... fb aa 29 0d 27 23 ff d9 [69023 bytes]
2025-04-17 21:22:40,792 - websockets.client - DEBUG - > BINARY ff d8 ff e0 00 10 4a 46 49 46 00 01 01 00 00 01 ... 6b 58 8e ce 32 d4 ff d9 [69038 bytes]
2025-04-17 21:22:40,883 - websockets.client - DEBUG - < TEXT '[{"box": [116, 213, 355, 266], "is_felix": fals...: 0.49446114897727966}]' [85 bytes]
2025-04-17 21:22:40,883 - IseeYou.FelixTrackingClient - DEBUG - [RECEIVER] Frame #11: Received 1 detections (0 Felix)
2025-04-17 21:22:40,918 - websockets.client - DEBUG - > BINARY ff d8 ff e0 00 10 4a 46 49 46 00 01 01 00 00 01 ... 45 53 8c 5c ae 7f ff d9 [68895 bytes]
2025-04-17 21:22:41,027 - websockets.client - DEBUG - > BINARY ff d8 ff e0 00 10 4a 46 49 46 00 01 01 00 00 01 ... b9 63 18 fb db 9f ff d9 [69042 bytes]
2025-04-17 21:22:41,135 - websockets.client - DEBUG - > BINARY ff d8 ff e0 00 10 4a 46 49 46 00 01 01 00 00 01 ... 48 a1 f2 e9 76 7f ff d9 [69013 bytes]
2025-04-17 21:22:41,233 - websockets.client - DEBUG - < TEXT '[{"box": [118, 212, 352, 267], "is_felix": fals...: 0.49534404277801514}]' [85 bytes]
2025-04-17 21:22:41,237 - IseeYou.FelixTrackingClient - DEBUG - [RECEIVER] Frame #12: Received 1 detections (0 Felix)
2025-04-17 21:22:41,238 - websockets.client - DEBUG - > BINARY ff d8 ff e0 00 10 4a 46 49 46 00 01 01 00 00 01 ... 18 a2 a0 93 69 b3 ff d9 [69000 bytes]
2025-04-17 21:22:41,355 - websockets.client - DEBUG - > BINARY ff d8 ff e0 00 10 4a 46 49 46 00 01 01 00 00 01 ... 17 15 05 1e 67 b9 ff d9 [69186 bytes]
2025-04-17 21:22:41,478 - websockets.client - DEBUG - > BINARY ff d8 ff e0 00 10 4a 46 49 46 00 01 01 00 00 01 ... b8 f4 e8 5c 16 87 ff d9 [69046 bytes]
2025-04-17 21:22:41,589 - websockets.client - DEBUG - < TEXT '[{"box": [120, 212, 351, 267], "is_felix": fals...": 0.4965355098247528}]' [84 bytes]
2025-04-17 21:22:41,591 - IseeYou.FelixTrackingClient - DEBUG - [RECEIVER] Frame #13: Received 1 detections (0 Felix)
2025-04-17 21:22:41,591 - websockets.client - DEBUG - > BINARY ff d8 ff e0 00 10 4a 46 49 46 00 01 01 00 00 01 ... b8 f4 e8 5c 16 87 ff d9 [69046 bytes]
2025-04-17 21:22:41,716 - websockets.client - DEBUG - > BINARY ff d8 ff e0 00 10 4a 46 49 46 00 01 01 00 00 01 ... 99 54 94 a6 ef 63 ff d9 [68941 bytes]
2025-04-17 21:22:41,838 - websockets.client - DEBUG - > BINARY ff d8 ff e0 00 10 4a 46 49 46 00 01 01 00 00 01 ... d9 0e 92 52 9a b9 ff d9 [69263 bytes]
2025-04-17 21:22:41,914 - websockets.client - DEBUG - < TEXT '[{"box": [115, 212, 355, 267], "is_felix": fals...": 0.4956689178943634}]' [84 bytes]
2025-04-17 21:22:41,914 - IseeYou.FelixTrackingClient - DEBUG - [RECEIVER] Frame #14: Received 1 detections (0 Felix)
2025-04-17 21:22:41,962 - websockets.client - DEBUG - > BINARY ff d8 ff e0 00 10 4a 46 49 46 00 01 01 00 00 01 ... e2 2a 09 ab 3e 8c ff d9 [69252 bytes]
2025-04-17 21:22:42,072 - websockets.client - DEBUG - > BINARY ff d8 ff e0 00 10 4a 46 49 46 00 01 01 00 00 01 ... f7 47 4d 24 ec d1 ff d9 [69093 bytes]
2025-04-17 21:22:42,181 - websockets.client - DEBUG - > BINARY ff d8 ff e0 00 10 4a 46 49 46 00 01 01 00 00 01 ... 2b 2e 09 28 fb c7 ff d9 [69203 bytes]
2025-04-17 21:22:42,234 - websockets.client - DEBUG - < TEXT '[{"box": [120, 213, 352, 266], "is_felix": fals...e": 0.496121346950531}]' [83 bytes]
2025-04-17 21:22:42,235 - IseeYou.FelixTrackingClient - DEBUG - [RECEIVER] Frame #15: Received 1 detections (0 Felix)
2025-04-17 21:22:42,305 - websockets.client - DEBUG - > BINARY ff d8 ff e0 00 10 4a 46 49 46 00 01 01 00 00 01 ... d3 42 f9 54 63 73 ff d9 [69224 bytes]
2025-04-17 21:22:42,430 - websockets.client - DEBUG - > BINARY ff d8 ff e0 00 10 4a 46 49 46 00 01 01 00 00 01 ... f2 f4 2e 95 ee 7f ff d9 [69395 bytes]
2025-04-17 21:22:42,540 - websockets.client - DEBUG - > BINARY ff d8 ff e0 00 10 4a 46 49 46 00 01 01 00 00 01 ... 70 4d 14 92 4d 5c ff d9 [69250 bytes]
2025-04-17 21:22:42,558 - websockets.client - DEBUG - < TEXT '[{"box": [119, 213, 352, 266], "is_felix": fals...: 0.49655285477638245}]' [85 bytes]
2025-04-17 21:22:42,559 - IseeYou.FelixTrackingClient - DEBUG - [RECEIVER] Frame #16: Received 1 detections (0 Felix)
2025-04-17 21:22:42,664 - websockets.client - DEBUG - > BINARY ff d8 ff e0 00 10 4a 46 49 46 00 01 01 00 00 01 ... 97 52 a3 14 dd 99 ff d9 [69443 bytes]
2025-04-17 21:22:42,787 - websockets.client - DEBUG - > BINARY ff d8 ff e0 00 10 4a 46 49 46 00 01 01 00 00 01 ... 2e 11 8a 8a 97 53 ff d9 [69306 bytes]
2025-04-17 21:22:42,892 - websockets.client - DEBUG - < TEXT '[{"box": [122, 213, 349, 266], "is_felix": fals...: 0.49516648054122925}]' [85 bytes]
2025-04-17 21:22:42,896 - IseeYou.FelixTrackingClient - DEBUG - [RECEIVER] Frame #17: Received 1 detections (0 Felix)
2025-04-17 21:22:42,897 - websockets.client - DEBUG - > BINARY ff d8 ff e0 00 10 4a 46 49 46 00 01 01 00 00 01 ... 5d dc ba 71 be a7 ff d9 [69394 bytes]
2025-04-17 21:22:43,008 - websockets.client - DEBUG - > BINARY ff d8 ff e0 00 10 4a 46 49 46 00 01 01 00 00 01 ... ae fd 0b 51 4d 5c ff d9 [69484 bytes]
2025-04-17 21:22:43,117 - websockets.client - DEBUG - > BINARY ff d8 ff e0 00 10 4a 46 49 46 00 01 01 00 00 01 ... ae fd 0b 51 4d 5c ff d9 [69484 bytes]
2025-04-17 21:22:43,227 - websockets.client - DEBUG - > BINARY ff d8 ff e0 00 10 4a 46 49 46 00 01 01 00 00 01 ... 9b d7 62 d4 5a 67 ff d9 [69371 bytes]
2025-04-17 21:22:43,259 - websockets.client - DEBUG - < TEXT '[{"box": [125, 213, 349, 266], "is_felix": fals...e": 0.495440810918808}]' [83 bytes]
2025-04-17 21:22:43,260 - IseeYou.FelixTrackingClient - DEBUG - [RECEIVER] Frame #18: Received 1 detections (0 Felix)
2025-04-17 21:22:43,335 - websockets.client - DEBUG - > BINARY ff d8 ff e0 00 10 4a 46 49 46 00 01 01 00 00 01 ... 51 8c 1c b9 92 3f ff d9 [69358 bytes]
2025-04-17 21:22:43,458 - websockets.client - DEBUG - > BINARY ff d8 ff e0 00 10 4a 46 49 46 00 01 01 00 00 01 ... bd d4 5a 8c de 87 ff d9 [69433 bytes]
2025-04-17 21:22:43,569 - websockets.client - DEBUG - > BINARY ff d8 ff e0 00 10 4a 46 49 46 00 01 01 00 00 01 ... 90 8c 63 35 2e c7 ff d9 [69190 bytes]
2025-04-17 21:22:43,609 - websockets.client - DEBUG - < TEXT '[{"box": [125, 213, 349, 266], "is_felix": fals...e": 0.495440810918808}]' [83 bytes]
2025-04-17 21:22:43,609 - IseeYou.FelixTrackingClient - DEBUG - [RECEIVER] Frame #19: Received 1 detections (0 Felix)
2025-04-17 21:22:43,720 - websockets.client - DEBUG - > BINARY ff d8 ff e0 00 10 4a 46 49 46 00 01 01 00 00 01 ... ea 2a 51 6d dd 1f ff d9 [69231 bytes]
2025-04-17 21:22:43,834 - websockets.client - DEBUG - > BINARY ff d8 ff e0 00 10 4a 46 49 46 00 01 01 00 00 01 ... d9 4e 32 51 f7 8f ff d9 [69348 bytes]
2025-04-17 21:22:43,927 - websockets.client - DEBUG - < TEXT '[{"box": [124, 214, 348, 265], "is_felix": fals...": 0.4962328374385834}]' [84 bytes]
2025-04-17 21:22:43,930 - IseeYou.FelixTrackingClient - DEBUG - [RECEIVER] Frame #20: Received 1 detections (0 Felix)
2025-04-17 21:22:43,931 - websockets.client - DEBUG - > BINARY ff d8 ff e0 00 10 4a 46 49 46 00 01 01 00 00 01 ... 9c 5b 45 c5 72 1f ff d9 [69309 bytes]
2025-04-17 21:22:44,054 - websockets.client - DEBUG - > BINARY ff d8 ff e0 00 10 4a 46 49 46 00 01 01 00 00 01 ... fb 15 4d 5e 09 9f ff d9 [69399 bytes]
2025-04-17 21:22:44,176 - websockets.client - DEBUG - > BINARY ff d8 ff e0 00 10 4a 46 49 46 00 01 01 00 00 01 ... 2a d5 23 0b f7 3f ff d9 [69273 bytes]
2025-04-17 21:22:44,284 - websockets.client - DEBUG - > BINARY ff d8 ff e0 00 10 4a 46 49 46 00 01 01 00 00 01 ... 8e 9c 54 7e 24 7f ff d9 [69146 bytes]
2025-04-17 21:22:44,291 - websockets.client - DEBUG - < TEXT '[{"box": [121, 212, 350, 267], "is_felix": fals...": 0.4970065653324127}]' [84 bytes]
2025-04-17 21:22:44,291 - IseeYou.FelixTrackingClient - DEBUG - [RECEIVER] Frame #21: Received 1 detections (0 Felix)
2025-04-17 21:22:44,393 - websockets.client - DEBUG - > BINARY ff d8 ff e0 00 10 4a 46 49 46 00 01 01 00 00 01 ... 8e 9c 54 7e 24 7f ff d9 [69146 bytes]
2025-04-17 21:22:44,500 - websockets.client - DEBUG - > BINARY ff d8 ff e0 00 10 4a 46 49 46 00 01 01 00 00 01 ... ac 8a b4 52 8b 67 ff d9 [69104 bytes]
2025-04-17 21:22:44,609 - websockets.client - DEBUG - > BINARY ff d8 ff e0 00 10 4a 46 49 46 00 01 01 00 00 01 ... bd d2 dc 54 9d 8f ff d9 [69222 bytes]
2025-04-17 21:22:44,614 - websockets.client - DEBUG - < TEXT '[{"box": [124, 214, 350, 265], "is_felix": fals...": 0.4968551695346832}]' [84 bytes]
2025-04-17 21:22:44,614 - IseeYou.FelixTrackingClient - DEBUG - [RECEIVER] Frame #22: Received 1 detections (0 Felix)
2025-04-17 21:22:44,734 - websockets.client - DEBUG - > BINARY ff d8 ff e0 00 10 4a 46 49 46 00 01 01 00 00 01 ... 52 2e 31 8d b5 47 ff d9 [69293 bytes]
2025-04-17 21:22:44,857 - websockets.client - DEBUG - > BINARY ff d8 ff e0 00 10 4a 46 49 46 00 01 01 00 00 01 ... 53 48 c5 73 ea 8f ff d9 [69283 bytes]
2025-04-17 21:22:44,909 - websockets.client - DEBUG - < TEXT '[{"box": [112, 213, 358, 266], "is_felix": fals...: 0.49684709310531616}]' [85 bytes]
2025-04-17 21:22:44,910 - IseeYou.FelixTrackingClient - DEBUG - [RECEIVER] Frame #23: Received 1 detections (0 Felix)
2025-04-17 21:22:44,979 - websockets.client - DEBUG - > BINARY ff d8 ff e0 00 10 4a 46 49 46 00 01 01 00 00 01 ... a7 42 dd 9d 3b a3 ff d9 [69375 bytes]
2025-04-17 21:22:45,102 - websockets.client - DEBUG - > BINARY ff d8 ff e0 00 10 4a 46 49 46 00 01 01 00 00 01 ... 62 a2 9c a3 e4 7f ff d9 [69219 bytes]
2025-04-17 21:22:45,211 - websockets.client - DEBUG - > BINARY ff d8 ff e0 00 10 4a 46 49 46 00 01 01 00 00 01 ... f6 45 d1 4a 52 48 ff d9 [69343 bytes]
2025-04-17 21:22:45,214 - websockets.client - DEBUG - < TEXT '[{"box": [122, 213, 351, 266], "is_felix": fals...": 0.4962743818759918}]' [84 bytes]
2025-04-17 21:22:45,214 - IseeYou.FelixTrackingClient - DEBUG - [RECEIVER] Frame #24: Received 1 detections (0 Felix)
2025-04-17 21:22:45,320 - websockets.client - DEBUG - > BINARY ff d8 ff e0 00 10 4a 46 49 46 00 01 01 00 00 01 ... 25 c1 45 a4 9f 53 ff d9 [69302 bytes]
2025-04-17 21:22:45,355 - websockets.client - DEBUG - < PING c9 21 03 a9 [binary, 4 bytes]
2025-04-17 21:22:45,355 - websockets.client - DEBUG - > PONG c9 21 03 a9 [binary, 4 bytes]
2025-04-17 21:22:45,355 - websockets.client - DEBUG - > PING e7 38 7f 56 [binary, 4 bytes]
2025-04-17 21:22:45,355 - websockets.client - DEBUG - % sent keepalive ping
2025-04-17 21:22:45,446 - websockets.client - DEBUG - > BINARY ff d8 ff e0 00 10 4a 46 49 46 00 01 01 00 00 01 ... a5 25 15 17 cc 7f ff d9 [69455 bytes]
2025-04-17 21:22:45,519 - websockets.client - DEBUG - < TEXT '[{"box": [119, 212, 351, 267], "is_felix": fals...": 0.4966314435005188}]' [84 bytes]
2025-04-17 21:22:45,519 - IseeYou.FelixTrackingClient - DEBUG - [RECEIVER] Frame #25: Received 1 detections (0 Felix)
2025-04-17 21:22:45,569 - websockets.client - DEBUG - > BINARY ff d8 ff e0 00 10 4a 46 49 46 00 01 01 00 00 01 ... 79 51 51 4d ef a1 ff d9 [69305 bytes]
2025-04-17 21:22:45,677 - websockets.client - DEBUG - > BINARY ff d8 ff e0 00 10 4a 46 49 46 00 01 01 00 00 01 ... b2 5d 0b 71 8a 47 ff d9 [69238 bytes]
2025-04-17 21:22:45,789 - websockets.client - DEBUG - > BINARY ff d8 ff e0 00 10 4a 46 49 46 00 01 01 00 00 01 ... b2 5d 0b 71 8a 47 ff d9 [69238 bytes]
2025-04-17 21:22:45,831 - websockets.client - DEBUG - < TEXT '[{"box": [119, 213, 352, 266], "is_felix": fals...: 0.49657076597213745}]' [85 bytes]
2025-04-17 21:22:45,832 - IseeYou.FelixTrackingClient - DEBUG - [RECEIVER] Frame #26: Received 1 detections (0 Felix)
2025-04-17 21:22:45,912 - websockets.client - DEBUG - > BINARY ff d8 ff e0 00 10 4a 46 49 46 00 01 01 00 00 01 ... 34 7c c9 ad 34 3f ff d9 [69385 bytes]
2025-04-17 21:22:46,021 - websockets.client - DEBUG - > BINARY ff d8 ff e0 00 10 4a 46 49 46 00 01 01 00 00 01 ... 22 a3 18 a4 ae 7f ff d9 [69475 bytes]
2025-04-17 21:22:46,132 - websockets.client - DEBUG - > BINARY ff d8 ff e0 00 10 4a 46 49 46 00 01 01 00 00 01 ... c5 25 ed 13 76 d8 ff d9 [69516 bytes]
2025-04-17 21:22:46,135 - IseeYou.FelixTrackingClient - DEBUG - [CAPTURE] Sent frame 100 (69516 bytes)
2025-04-17 21:22:46,146 - websockets.client - DEBUG - < TEXT '[{"box": [123, 213, 347, 266], "is_felix": fals...: 0.49594131112098694}]' [85 bytes]
2025-04-17 21:22:46,146 - IseeYou.FelixTrackingClient - DEBUG - [RECEIVER] Frame #27: Received 1 detections (0 Felix)
2025-04-17 21:22:46,259 - websockets.client - DEBUG - > BINARY ff d8 ff e0 00 10 4a 46 49 46 00 01 01 00 00 01 ... 0a e5 8d a2 ed a9 ff d9 [69344 bytes]
2025-04-17 21:22:46,368 - websockets.client - DEBUG - > BINARY ff d8 ff e0 00 10 4a 46 49 46 00 01 01 00 00 01 ... 47 90 42 0d bd 8f ff d9 [69375 bytes]
2025-04-17 21:22:46,443 - websockets.client - DEBUG - < TEXT '[{"box": [125, 213, 348, 266], "is_felix": fals...": 0.4970649480819702}]' [84 bytes]
2025-04-17 21:22:46,443 - IseeYou.FelixTrackingClient - DEBUG - [RECEIVER] Frame #28: Received 1 detections (0 Felix)
2025-04-17 21:22:46,494 - websockets.client - DEBUG - > BINARY ff d8 ff e0 00 10 4a 46 49 46 00 01 01 00 00 01 ... 57 d2 e5 59 59 58 ff d9 [69120 bytes]
2025-04-17 21:22:46,618 - websockets.client - DEBUG - > BINARY ff d8 ff e0 00 10 4a 46 49 46 00 01 01 00 00 01 ... 9e c5 46 2a c9 1f ff d9 [69288 bytes]
2025-04-17 21:22:46,740 - websockets.client - DEBUG - < TEXT '[{"box": [118, 213, 352, 266], "is_felix": fals...e": 0.496453195810318}]' [83 bytes]
2025-04-17 21:22:46,740 - IseeYou.FelixTrackingClient - DEBUG - [RECEIVER] Frame #29: Received 1 detections (0 Felix)
2025-04-17 21:22:46,741 - websockets.client - DEBUG - > BINARY ff d8 ff e0 00 10 4a 46 49 46 00 01 01 00 00 01 ... ab 32 a1 78 bb 9f ff d9 [69145 bytes]
2025-04-17 21:22:46,853 - websockets.client - DEBUG - > BINARY ff d8 ff e0 00 10 4a 46 49 46 00 01 01 00 00 01 ... b4 2e 1a ab 75 3f ff d9 [69303 bytes]
2025-04-17 21:22:46,960 - websockets.client - DEBUG - > BINARY ff d8 ff e0 00 10 4a 46 49 46 00 01 01 00 00 01 ... e5 bd 86 a3 1f 43 ff d9 [69197 bytes]
2025-04-17 21:22:47,060 - websockets.client - DEBUG - < TEXT '[{"box": [117, 212, 357, 267], "is_felix": fals...: 0.49574822187423706}]' [85 bytes]
2025-04-17 21:22:47,064 - IseeYou.FelixTrackingClient - DEBUG - [RECEIVER] Frame #30: Received 1 detections (0 Felix)
2025-04-17 21:22:47,065 - websockets.client - DEBUG - > BINARY ff d8 ff e0 00 10 4a 46 49 46 00 01 01 00 00 01 ... d3 a0 41 73 5d 9f ff d9 [69295 bytes]
2025-04-17 21:22:47,179 - websockets.client - DEBUG - > BINARY ff d8 ff e0 00 10 4a 46 49 46 00 01 01 00 00 01 ... 55 28 c5 c3 9a 48 ff d9 [69069 bytes]
2025-04-17 21:22:47,304 - websockets.client - DEBUG - > BINARY ff d8 ff e0 00 10 4a 46 49 46 00 01 01 00 00 01 ... 5d 99 71 bf 23 68 ff d9 [69153 bytes]
2025-04-17 21:22:47,362 - websockets.client - DEBUG - < TEXT '[{"box": [117, 212, 357, 267], "is_felix": fals...: 0.49574822187423706}]' [85 bytes]
2025-04-17 21:22:47,363 - IseeYou.FelixTrackingClient - DEBUG - [RECEIVER] Frame #31: Received 1 detections (0 Felix)
2025-04-17 21:22:47,429 - websockets.client - DEBUG - > BINARY ff d8 ff e0 00 10 4a 46 49 46 00 01 01 00 00 01 ... 9f 91 51 49 3b 1f ff d9 [69275 bytes]
2025-04-17 21:22:47,553 - websockets.client - DEBUG - > BINARY ff d8 ff e0 00 10 4a 46 49 46 00 01 01 00 00 01 ... c5 aa 2a 09 5e cc ff d9 [69236 bytes]
2025-04-17 21:22:47,663 - websockets.client - DEBUG - > BINARY ff d8 ff e0 00 10 4a 46 49 46 00 01 01 00 00 01 ... a5 a1 51 8a b5 cf ff d9 [69063 bytes]
2025-04-17 21:22:47,687 - websockets.client - DEBUG - < TEXT '[{"box": [124, 213, 345, 266], "is_felix": fals...": 0.4968183934688568}]' [84 bytes]
2025-04-17 21:22:47,687 - IseeYou.FelixTrackingClient - DEBUG - [RECEIVER] Frame #32: Received 1 detections (0 Felix)
2025-04-17 21:22:47,784 - websockets.client - DEBUG - > BINARY ff d8 ff e0 00 10 4a 46 49 46 00 01 01 00 00 01 ... 72 dc bf 75 46 e7 ff d9 [69220 bytes]
2025-04-17 21:22:47,895 - websockets.client - DEBUG - > BINARY ff d8 ff e0 00 10 4a 46 49 46 00 01 01 00 00 01 ... 12 94 79 7a 3d cf ff d9 [69047 bytes]
2025-04-17 21:22:48,003 - websockets.client - DEBUG - > BINARY ff d8 ff e0 00 10 4a 46 49 46 00 01 01 00 00 01 ... ad d4 ae 54 a0 99 ff d9 [69182 bytes]
2025-04-17 21:22:48,015 - websockets.client - DEBUG - < TEXT '[{"box": [121, 212, 350, 267], "is_felix": fals...": 0.4967137277126312}]' [84 bytes]
2025-04-17 21:22:48,015 - IseeYou.FelixTrackingClient - DEBUG - [RECEIVER] Frame #33: Received 1 detections (0 Felix)
2025-04-17 21:22:48,112 - websockets.client - DEBUG - > BINARY ff d8 ff e0 00 10 4a 46 49 46 00 01 01 00 00 01 ... 69 58 a4 ae ae d9 ff d9 [69114 bytes]
2025-04-17 21:22:48,220 - websockets.client - DEBUG - > BINARY ff d8 ff e0 00 10 4a 46 49 46 00 01 01 00 00 01 ... da 25 2e 6a 72 3f ff d9 [69026 bytes]
2025-04-17 21:22:48,329 - websockets.client - DEBUG - > BINARY ff d8 ff e0 00 10 4a 46 49 46 00 01 01 00 00 01 ... 59 15 66 a9 68 7f ff d9 [68963 bytes]
2025-04-17 21:22:48,364 - websockets.client - DEBUG - < TEXT '[{"box": [116, 213, 356, 266], "is_felix": fals...": 0.4951387643814087}]' [84 bytes]
2025-04-17 21:22:48,364 - IseeYou.FelixTrackingClient - DEBUG - [RECEIVER] Frame #34: Received 1 detections (0 Felix)
2025-04-17 21:22:48,453 - websockets.client - DEBUG - > BINARY ff d8 ff e0 00 10 4a 46 49 46 00 01 01 00 00 01 ... 1b d9 16 d2 4a e7 ff d9 [69287 bytes]
2025-04-17 21:22:48,569 - websockets.client - DEBUG - > BINARY ff d8 ff e0 00 10 4a 46 49 46 00 01 01 00 00 01 ... 96 b1 56 7c 96 67 ff d9 [69088 bytes]
2025-04-17 21:22:48,691 - websockets.client - DEBUG - > BINARY ff d8 ff e0 00 10 4a 46 49 46 00 01 01 00 00 01 ... 56 65 2d 23 cc 8f ff d9 [69508 bytes]
2025-04-17 21:22:48,712 - websockets.client - DEBUG - < TEXT '[{"box": [125, 214, 346, 265], "is_felix": fals...: 0.49543896317481995}]' [85 bytes]
2025-04-17 21:22:48,713 - IseeYou.FelixTrackingClient - DEBUG - [RECEIVER] Frame #35: Received 1 detections (0 Felix)
2025-04-17 21:22:48,818 - websockets.client - DEBUG - > BINARY ff d8 ff e0 00 10 4a 46 49 46 00 01 01 00 00 01 ... 2a d6 2d 5a 74 cf ff d9 [68985 bytes]
2025-04-17 21:22:48,938 - websockets.client - DEBUG - > BINARY ff d8 ff e0 00 10 4a 46 49 46 00 01 01 00 00 01 ... ac 8a 5c ed a4 7f ff d9 [69381 bytes]
2025-04-17 21:22:49,031 - websockets.client - DEBUG - < TEXT '[{"box": [120, 213, 350, 266], "is_felix": fals...e": 0.496391624212265}]' [83 bytes]
2025-04-17 21:22:49,034 - IseeYou.FelixTrackingClient - DEBUG - [RECEIVER] Frame #36: Received 1 detections (0 Felix)
2025-04-17 21:22:49,035 - websockets.client - DEBUG - > BINARY ff d8 ff e0 00 10 4a 46 49 46 00 01 01 00 00 01 ... 8d 5c aa 69 5a e7 ff d9 [69166 bytes]
2025-04-17 21:22:49,143 - websockets.client - DEBUG - > BINARY ff d8 ff e0 00 10 4a 46 49 46 00 01 01 00 00 01 ... 3d 11 71 57 57 6c ff d9 [69156 bytes]
2025-04-17 21:22:49,252 - websockets.client - DEBUG - > BINARY ff d8 ff e0 00 10 4a 46 49 46 00 01 01 00 00 01 ... 76 8a 82 92 76 3f ff d9 [69169 bytes]
2025-04-17 21:22:49,362 - websockets.client - DEBUG - > BINARY ff d8 ff e0 00 10 4a 46 49 46 00 01 01 00 00 01 ... 5f 62 ac e0 ec cf ff d9 [69264 bytes]
2025-04-17 21:22:49,365 - websockets.client - DEBUG - < TEXT '[{"box": [121, 213, 350, 266], "is_felix": fals...": 0.4959322214126587}]' [84 bytes]
2025-04-17 21:22:49,365 - IseeYou.FelixTrackingClient - DEBUG - [RECEIVER] Frame #37: Received 1 detections (0 Felix)
2025-04-17 21:22:49,486 - websockets.client - DEBUG - > BINARY ff d8 ff e0 00 10 4a 46 49 46 00 01 01 00 00 01 ... 54 94 a6 d5 b7 3f ff d9 [69160 bytes]
2025-04-17 21:22:49,602 - websockets.client - DEBUG - > BINARY ff d8 ff e0 00 10 4a 46 49 46 00 01 01 00 00 01 ... 6d ca 49 38 ab 9f ff d9 [69333 bytes]
2025-04-17 21:22:49,690 - websockets.client - DEBUG - < TEXT '[{"box": [124, 213, 349, 266], "is_felix": fals...": 0.4957294762134552}]' [84 bytes]
2025-04-17 21:22:49,690 - IseeYou.FelixTrackingClient - DEBUG - [RECEIVER] Frame #38: Received 1 detections (0 Felix)
2025-04-17 21:22:49,719 - websockets.client - DEBUG - > BINARY ff d8 ff e0 00 10 4a 46 49 46 00 01 01 00 00 01 ... 72 a4 bd d5 e4 7f ff d9 [69228 bytes]
2025-04-17 21:22:49,828 - websockets.client - DEBUG - > BINARY ff d8 ff e0 00 10 4a 46 49 46 00 01 01 00 00 01 ... a2 e1 18 a7 76 7f ff d9 [69210 bytes]
2025-04-17 21:22:49,938 - websockets.client - DEBUG - > BINARY ff d8 ff e0 00 10 4a 46 49 46 00 01 01 00 00 01 ... 7a 95 04 af 64 7f ff d9 [69095 bytes]
2025-04-17 21:22:50,021 - websockets.client - DEBUG - < TEXT '[{"box": [108, 212, 363, 267], "is_felix": fals...": 0.4966749846935272}]' [84 bytes]
2025-04-17 21:22:50,022 - IseeYou.FelixTrackingClient - DEBUG - [RECEIVER] Frame #39: Received 1 detections (0 Felix)
2025-04-17 21:22:50,048 - websockets.client - DEBUG - > BINARY ff d8 ff e0 00 10 4a 46 49 46 00 01 01 00 00 01 ... b5 91 51 4e 2b 53 ff d9 [69153 bytes]
2025-04-17 21:22:50,157 - websockets.client - DEBUG - > BINARY ff d8 ff e0 00 10 4a 46 49 46 00 01 01 00 00 01 ... 89 71 f7 e3 ae 87 ff d9 [69174 bytes]
2025-04-17 21:22:50,268 - websockets.client - DEBUG - > BINARY ff d8 ff e0 00 10 4a 46 49 46 00 01 01 00 00 01 ... 89 71 f7 e3 ae 87 ff d9 [69174 bytes]
2025-04-17 21:22:50,314 - websockets.client - DEBUG - < TEXT '[{"box": [108, 212, 363, 267], "is_felix": fals...": 0.4966749846935272}]' [84 bytes]
2025-04-17 21:22:50,314 - IseeYou.FelixTrackingClient - DEBUG - [RECEIVER] Frame #40: Received 1 detections (0 Felix)
2025-04-17 21:22:50,375 - websockets.client - DEBUG - > BINARY ff d8 ff e0 00 10 4a 46 49 46 00 01 01 00 00 01 ... bd ac 52 8a 4e c7 ff d9 [69107 bytes]
2025-04-17 21:22:50,487 - websockets.client - DEBUG - > BINARY ff d8 ff e0 00 10 4a 46 49 46 00 01 01 00 00 01 ... d9 15 6a 9c be 47 ff d9 [69112 bytes]
2025-04-17 21:22:50,609 - websockets.client - DEBUG - > BINARY ff d8 ff e0 00 10 4a 46 49 46 00 01 01 00 00 01 ... 6e 55 35 7f 79 9f ff d9 [69271 bytes]
2025-04-17 21:22:50,613 - websockets.client - DEBUG - < TEXT '[{"box": [118, 212, 358, 267], "is_felix": fals...": 0.4965531826019287}]' [84 bytes]
2025-04-17 21:22:50,613 - IseeYou.FelixTrackingClient - DEBUG - [RECEIVER] Frame #41: Received 1 detections (0 Felix)
2025-04-17 21:22:50,732 - websockets.client - DEBUG - > BINARY ff d8 ff e0 00 10 4a 46 49 46 00 01 01 00 00 01 ... f9 a4 ec 5c 23 63 ff d9 [68924 bytes]
2025-04-17 21:22:50,840 - websockets.client - DEBUG - > BINARY ff d8 ff e0 00 10 4a 46 49 46 00 01 01 00 00 01 ... 18 d8 ba 69 da c7 ff d9 [69085 bytes]
2025-04-17 21:22:50,911 - websockets.client - DEBUG - < TEXT '[{"box": [125, 214, 347, 265], "is_felix": fals...": 0.4961446225643158}]' [84 bytes]
2025-04-17 21:22:50,911 - IseeYou.FelixTrackingClient - DEBUG - [RECEIVER] Frame #42: Received 1 detections (0 Felix)
2025-04-17 21:22:50,964 - websockets.client - DEBUG - > BINARY ff d8 ff e0 00 10 4a 46 49 46 00 01 01 00 00 01 ... 71 b4 a4 b4 7b 1f ff d9 [68948 bytes]
2025-04-17 21:22:51,072 - websockets.client - DEBUG - > BINARY ff d8 ff e0 00 10 4a 46 49 46 00 01 01 00 00 01 ... a8 a8 d3 4d 37 b9 ff d9 [68768 bytes]
2025-04-17 21:22:51,181 - websockets.client - DEBUG - > BINARY ff d8 ff e0 00 10 4a 46 49 46 00 01 01 00 00 01 ... be b6 2a 2b 9a 47 ff d9 [68783 bytes]
2025-04-17 21:22:51,237 - websockets.client - DEBUG - < TEXT '[{"box": [123, 214, 350, 265], "is_felix": fals...: 0.49594491720199585}]' [85 bytes]
2025-04-17 21:22:51,237 - IseeYou.FelixTrackingClient - DEBUG - [RECEIVER] Frame #43: Received 1 detections (0 Felix)
2025-04-17 21:22:51,305 - websockets.client - DEBUG - > BINARY ff d8 ff e0 00 10 4a 46 49 46 00 01 01 00 00 01 ... 54 d3 9a e6 5d 4f ff d9 [68938 bytes]
2025-04-17 21:22:51,415 - websockets.client - DEBUG - > BINARY ff d8 ff e0 00 10 4a 46 49 46 00 01 01 00 00 01 ... 45 24 da 4a db 9f ff d9 [69065 bytes]
2025-04-17 21:22:51,514 - websockets.client - DEBUG - < TEXT '[{"box": [119, 214, 352, 265], "is_felix": fals...: 0.49626272916793823}]' [85 bytes]
2025-04-17 21:22:51,517 - IseeYou.FelixTrackingClient - DEBUG - [RECEIVER] Frame #44: Received 1 detections (0 Felix)
2025-04-17 21:22:51,519 - websockets.client - DEBUG - > BINARY ff d8 ff e0 00 10 4a 46 49 46 00 01 01 00 00 01 ... 45 24 da 4a db 9f ff d9 [69065 bytes]
2025-04-17 21:22:51,633 - websockets.client - DEBUG - > BINARY ff d8 ff e0 00 10 4a 46 49 46 00 01 01 00 00 01 ... b5 2e 2a eb 56 7f ff d9 [69038 bytes]
2025-04-17 21:22:51,740 - websockets.client - DEBUG - > BINARY ff d8 ff e0 00 10 4a 46 49 46 00 01 01 00 00 01 ... 57 45 5b 95 dd 1f ff d9 [68778 bytes]
2025-04-17 21:22:51,809 - websockets.client - DEBUG - < TEXT '[{"box": [118, 212, 352, 267], "is_felix": fals...": 0.4955436587333679}]' [84 bytes]
2025-04-17 21:22:51,810 - IseeYou.FelixTrackingClient - DEBUG - [RECEIVER] Frame #45: Received 1 detections (0 Felix)
2025-04-17 21:22:51,865 - websockets.client - DEBUG - > BINARY ff d8 ff e0 00 10 4a 46 49 46 00 01 01 00 00 01 ... cb 2a 31 53 77 3f ff d9 [68955 bytes]
2025-04-17 21:22:51,992 - websockets.client - DEBUG - > BINARY ff d8 ff e0 00 10 4a 46 49 46 00 01 01 00 00 01 ... 2a 84 63 6b b4 7f ff d9 [68935 bytes]
2025-04-17 21:22:52,101 - websockets.client - DEBUG - < TEXT '[{"box": [121, 213, 351, 266], "is_felix": fals...: 0.49593013525009155}]' [85 bytes]
2025-04-17 21:22:52,105 - IseeYou.FelixTrackingClient - DEBUG - [RECEIVER] Frame #46: Received 1 detections (0 Felix)
2025-04-17 21:22:52,106 - websockets.client - DEBUG - > BINARY ff d8 ff e0 00 10 4a 46 49 46 00 01 01 00 00 01 ... ae 55 35 ef 6a 7f ff d9 [68801 bytes]
2025-04-17 21:22:52,226 - websockets.client - DEBUG - > BINARY ff d8 ff e0 00 10 4a 46 49 46 00 01 01 00 00 01 ... 69 36 54 12 ea 7f ff d9 [69223 bytes]
2025-04-17 21:22:52,348 - websockets.client - DEBUG - > BINARY ff d8 ff e0 00 10 4a 46 49 46 00 01 01 00 00 01 ... da 5b 84 13 95 99 ff d9 [69234 bytes]
2025-04-17 21:22:52,395 - websockets.client - DEBUG - < TEXT '[{"box": [120, 213, 353, 266], "is_felix": fals...: 0.49559468030929565}]' [85 bytes]
2025-04-17 21:22:52,396 - IseeYou.FelixTrackingClient - DEBUG - [RECEIVER] Frame #47: Received 1 detections (0 Felix)
2025-04-17 21:22:52,458 - websockets.client - DEBUG - > BINARY ff d8 ff e0 00 10 4a 46 49 46 00 01 01 00 00 01 ... 95 da 2b 97 7b 9f ff d9 [68831 bytes]
2025-04-17 21:22:52,568 - websockets.client - DEBUG - > BINARY ff d8 ff e0 00 10 4a 46 49 46 00 01 01 00 00 01 ... a4 93 b2 65 d3 48 ff d9 [69100 bytes]
2025-04-17 21:22:52,691 - websockets.client - DEBUG - > BINARY ff d8 ff e0 00 10 4a 46 49 46 00 01 01 00 00 01 ... 65 38 be 83 fb 67 ff d9 [68846 bytes]
2025-04-17 21:22:52,710 - websockets.client - DEBUG - < TEXT '[{"box": [124, 213, 347, 266], "is_felix": fals...": 0.4955628514289856}]' [84 bytes]
2025-04-17 21:22:52,710 - IseeYou.FelixTrackingClient - DEBUG - [RECEIVER] Frame #48: Received 1 detections (0 Felix)
2025-04-17 21:22:52,800 - websockets.client - DEBUG - > BINARY ff d8 ff e0 00 10 4a 46 49 46 00 01 01 00 00 01 ... 6c 54 57 2d af d4 ff d9 [69092 bytes]
2025-04-17 21:22:52,910 - websockets.client - DEBUG - > BINARY ff d8 ff e0 00 10 4a 46 49 46 00 01 01 00 00 01 ... 92 be e1 05 1d d9 ff d9 [69076 bytes]
2025-04-17 21:22:53,006 - websockets.client - DEBUG - < TEXT '[{"box": [119, 213, 353, 266], "is_felix": fals...: 0.49669960141181946}]' [85 bytes]
2025-04-17 21:22:53,011 - IseeYou.FelixTrackingClient - DEBUG - [RECEIVER] Frame #49: Received 1 detections (0 Felix)
2025-04-17 21:22:53,012 - websockets.client - DEBUG - > BINARY ff d8 ff e0 00 10 4a 46 49 46 00 01 01 00 00 01 ... 49 32 e2 af ab 3f ff d9 [68786 bytes]
2025-04-17 21:22:53,126 - websockets.client - DEBUG - > BINARY ff d8 ff e0 00 10 4a 46 49 46 00 01 01 00 00 01 ... ba 54 57 bc d3 3f ff d9 [68900 bytes]
2025-04-17 21:22:53,234 - websockets.client - DEBUG - > BINARY ff d8 ff e0 00 10 4a 46 49 46 00 01 01 00 00 01 ... a5 a9 74 d4 54 4f ff d9 [68761 bytes]
2025-04-17 21:22:53,301 - websockets.client - DEBUG - < TEXT '[{"box": [119, 213, 353, 266], "is_felix": fals...: 0.49669960141181946}]' [85 bytes]
2025-04-17 21:22:53,302 - IseeYou.FelixTrackingClient - DEBUG - [RECEIVER] Frame #50: Received 1 detections (0 Felix)
2025-04-17 21:22:53,360 - websockets.client - DEBUG - > BINARY ff d8 ff e0 00 10 4a 46 49 46 00 01 01 00 00 01 ... 49 2b 96 a2 af 73 ff d9 [68674 bytes]
2025-04-17 21:22:53,484 - websockets.client - DEBUG - > BINARY ff d8 ff e0 00 10 4a 46 49 46 00 01 01 00 00 01 ... da 2a 16 4d 37 d4 ff d9 [68934 bytes]
2025-04-17 21:22:53,586 - websockets.client - DEBUG - < TEXT '[{"box": [114, 213, 354, 266], "is_felix": fals...: 0.49524009227752686}]' [85 bytes]
2025-04-17 21:22:53,589 - IseeYou.FelixTrackingClient - DEBUG - [RECEIVER] Frame #51: Received 1 detections (0 Felix)
2025-04-17 21:22:53,590 - websockets.client - DEBUG - > BINARY ff d8 ff e0 00 10 4a 46 49 46 00 01 01 00 00 01 ... a9 67 b1 6d 27 b9 ff d9 [68823 bytes]
2025-04-17 21:22:53,701 - websockets.client - DEBUG - > BINARY ff d8 ff e0 00 10 4a 46 49 46 00 01 01 00 00 01 ... 4a b4 a0 93 7d 4f ff d9 [68904 bytes]
2025-04-17 21:22:53,809 - websockets.client - DEBUG - > BINARY ff d8 ff e0 00 10 4a 46 49 46 00 01 01 00 00 01 ... 93 d1 14 bd d4 99 ff d9 [68617 bytes]
2025-04-17 21:22:53,884 - websockets.client - DEBUG - < TEXT '[{"box": [122, 213, 351, 266], "is_felix": fals...": 0.4970729649066925}]' [84 bytes]
2025-04-17 21:22:53,885 - IseeYou.FelixTrackingClient - DEBUG - [RECEIVER] Frame #52: Received 1 detections (0 Felix)
2025-04-17 21:22:53,919 - websockets.client - DEBUG - > BINARY ff d8 ff e0 00 10 4a 46 49 46 00 01 01 00 00 01 ... 93 d1 14 bd d4 99 ff d9 [68617 bytes]
2025-04-17 21:22:54,040 - websockets.client - DEBUG - > BINARY ff d8 ff e0 00 10 4a 46 49 46 00 01 01 00 00 01 ... e3 d8 b8 dd da e7 ff d9 [68787 bytes]
2025-04-17 21:22:54,150 - websockets.client - DEBUG - > BINARY ff d8 ff e0 00 10 4a 46 49 46 00 01 01 00 00 01 ... 58 b9 28 aa 5a 9f ff d9 [68642 bytes]
2025-04-17 21:22:54,260 - websockets.client - DEBUG - > BINARY ff d8 ff e0 00 10 4a 46 49 46 00 01 01 00 00 01 ... 8c ed 62 a3 14 8f ff d9 [68954 bytes]
2025-04-17 21:22:54,307 - websockets.client - DEBUG - < TEXT '[{"box": [120, 214, 351, 265], "is_felix": fals...: 0.49586912989616394}]' [85 bytes]
2025-04-17 21:22:54,308 - IseeYou.FelixTrackingClient - DEBUG - [RECEIVER] Frame #53: Received 1 detections (0 Felix)
2025-04-17 21:22:54,370 - websockets.client - DEBUG - > BINARY ff d8 ff e0 00 10 4a 46 49 46 00 01 01 00 00 01 ... a3 64 5f 45 24 cf ff d9 [68923 bytes]
2025-04-17 21:22:54,485 - websockets.client - DEBUG - > BINARY ff d8 ff e0 00 10 4a 46 49 46 00 01 01 00 00 01 ... 62 94 79 df dc 7f ff d9 [68736 bytes]
2025-04-17 21:22:54,604 - websockets.client - DEBUG - > BINARY ff d8 ff e0 00 10 4a 46 49 46 00 01 01 00 00 01 ... 54 5a bb 83 6b a1 ff d9 [68893 bytes]
2025-04-17 21:22:54,662 - websockets.client - DEBUG - < TEXT '[{"box": [124, 214, 347, 265], "is_felix": fals...": 0.4959605634212494}]' [84 bytes]
2025-04-17 21:22:54,662 - IseeYou.FelixTrackingClient - DEBUG - [RECEIVER] Frame #54: Received 1 detections (0 Felix)
2025-04-17 21:22:54,730 - websockets.client - DEBUG - > BINARY ff d8 ff e0 00 10 4a 46 49 46 00 01 01 00 00 01 ... 76 45 c6 3a dd 9f ff d9 [68846 bytes]
2025-04-17 21:22:54,853 - websockets.client - DEBUG - > BINARY ff d8 ff e0 00 10 4a 46 49 46 00 01 01 00 00 01 ... 8f 31 4a 30 70 67 ff d9 [68761 bytes]
2025-04-17 21:22:54,960 - websockets.client - DEBUG - > BINARY ff d8 ff e0 00 10 4a 46 49 46 00 01 01 00 00 01 ... 65 74 52 8a 72 b9 ff d9 [68699 bytes]
2025-04-17 21:22:54,991 - websockets.client - DEBUG - < TEXT '[{"box": [123, 213, 349, 266], "is_felix": fals...": 0.4950770139694214}]' [84 bytes]
2025-04-17 21:22:54,992 - IseeYou.FelixTrackingClient - DEBUG - [RECEIVER] Frame #55: Received 1 detections (0 Felix)
2025-04-17 21:22:55,088 - websockets.client - DEBUG - > BINARY ff d8 ff e0 00 10 4a 46 49 46 00 01 01 00 00 01 ... 8a 82 50 97 bc 7f ff d9 [68717 bytes]
2025-04-17 21:22:55,209 - websockets.client - DEBUG - > BINARY ff d8 ff e0 00 10 4a 46 49 46 00 01 01 00 00 01 ... 44 d2 45 a4 9b 3f ff d9 [68803 bytes]
2025-04-17 21:22:55,319 - websockets.client - DEBUG - > BINARY ff d8 ff e0 00 10 4a 46 49 46 00 01 01 00 00 01 ... 37 e5 34 a6 a1 d4 ff d9 [69071 bytes]
2025-04-17 21:22:55,328 - websockets.client - DEBUG - < TEXT '[{"box": [121, 212, 350, 267], "is_felix": fals...: 0.49551278352737427}]' [85 bytes]
2025-04-17 21:22:55,329 - IseeYou.FelixTrackingClient - DEBUG - [RECEIVER] Frame #56: Received 1 detections (0 Felix)
2025-04-17 21:22:55,446 - websockets.client - DEBUG - > BINARY ff d8 ff e0 00 10 4a 46 49 46 00 01 01 00 00 01 ... aa 24 ca 84 7a b3 ff d9 [68948 bytes]
2025-04-17 21:22:55,568 - websockets.client - DEBUG - > BINARY ff d8 ff e0 00 10 4a 46 49 46 00 01 01 00 00 01 ... 45 97 4e 37 76 b1 ff d9 [68621 bytes]
2025-04-17 21:22:55,648 - websockets.client - DEBUG - < TEXT '[{"box": [113, 214, 360, 265], "is_felix": fals...: 0.49550172686576843}]' [85 bytes]
2025-04-17 21:22:55,648 - IseeYou.FelixTrackingClient - DEBUG - [RECEIVER] Frame #57: Received 1 detections (0 Felix)
2025-04-17 21:22:55,675 - websockets.client - DEBUG - > BINARY ff d8 ff e0 00 10 4a 46 49 46 00 01 01 00 00 01 ... 15 92 48 21 aa b9 ff d9 [68722 bytes]
2025-04-17 21:22:55,786 - websockets.client - DEBUG - > BINARY ff d8 ff e0 00 10 4a 46 49 46 00 01 01 00 00 01 ... 96 c5 41 5d dd 9f ff d9 [68750 bytes]
2025-04-17 21:22:55,909 - websockets.client - DEBUG - > BINARY ff d8 ff e0 00 10 4a 46 49 46 00 01 01 00 00 01 ... ad ac ad d4 70 4c ff d9 [68810 bytes]
2025-04-17 21:22:55,922 - websockets.client - DEBUG - < TEXT '[{"box": [121, 213, 350, 266], "is_felix": fals...e": 0.495733380317688}]' [83 bytes]
2025-04-17 21:22:55,923 - IseeYou.FelixTrackingClient - DEBUG - [RECEIVER] Frame #58: Received 1 detections (0 Felix)
2025-04-17 21:22:56,017 - websockets.client - DEBUG - > BINARY ff d8 ff e0 00 10 4a 46 49 46 00 01 01 00 00 01 ... 69 f4 2a ce da 1f ff d9 [68636 bytes]
2025-04-17 21:22:56,127 - websockets.client - DEBUG - > BINARY ff d8 ff e0 00 10 4a 46 49 46 00 01 01 00 00 01 ... da 72 d4 b8 ef 63 ff d9 [68889 bytes]
2025-04-17 21:22:56,235 - websockets.client - DEBUG - > BINARY ff d8 ff e0 00 10 4a 46 49 46 00 01 01 00 00 01 ... 76 91 50 49 2b b3 ff d9 [68761 bytes]
2025-04-17 21:22:56,260 - websockets.client - DEBUG - < TEXT '[{"box": [120, 212, 352, 267], "is_felix": fals...: 0.49558061361312866}]' [85 bytes]
2025-04-17 21:22:56,261 - IseeYou.FelixTrackingClient - DEBUG - [RECEIVER] Frame #59: Received 1 detections (0 Felix)
2025-04-17 21:22:56,344 - websockets.client - DEBUG - > BINARY ff d8 ff e0 00 10 4a 46 49 46 00 01 01 00 00 01 ... 76 91 50 49 2b b3 ff d9 [68761 bytes]
2025-04-17 21:22:56,452 - websockets.client - DEBUG - > BINARY ff d8 ff e0 00 10 4a 46 49 46 00 01 01 00 00 01 ... 8a d5 d8 a8 26 7f ff d9 [68862 bytes]
2025-04-17 21:22:56,538 - websockets.client - DEBUG - < TEXT '[{"box": [101, 212, 369, 267], "is_felix": fals...: 0.49572694301605225}]' [85 bytes]
2025-04-17 21:22:56,539 - IseeYou.FelixTrackingClient - DEBUG - [RECEIVER] Frame #60: Received 1 detections (0 Felix)
2025-04-17 21:22:56,578 - websockets.client - DEBUG - > BINARY ff d8 ff e0 00 10 4a 46 49 46 00 01 01 00 00 01 ... 92 29 45 28 dd 9f ff d9 [68957 bytes]
2025-04-17 21:22:56,687 - websockets.client - DEBUG - > BINARY ff d8 ff e0 00 10 4a 46 49 46 00 01 01 00 00 01 ... 96 85 34 94 56 87 ff d9 [68997 bytes]
2025-04-17 21:22:56,796 - websockets.client - DEBUG - > BINARY ff d8 ff e0 00 10 4a 46 49 46 00 01 01 00 00 01 ... ea 52 4e 49 5d 1f ff d9 [68850 bytes]
2025-04-17 21:22:56,861 - websockets.client - DEBUG - < TEXT '[{"box": [101, 212, 369, 267], "is_felix": fals...: 0.49572694301605225}]' [85 bytes]
2025-04-17 21:22:56,861 - IseeYou.FelixTrackingClient - DEBUG - [RECEIVER] Frame #61: Received 1 detections (0 Felix)
2025-04-17 21:22:56,903 - websockets.client - DEBUG - > BINARY ff d8 ff e0 00 10 4a 46 49 46 00 01 01 00 00 01 ... 5e 65 d3 8c 5f 43 ff d9 [68895 bytes]
2025-04-17 21:22:57,014 - websockets.client - DEBUG - > BINARY ff d8 ff e0 00 10 4a 46 49 46 00 01 01 00 00 01 ... d8 aa 6b 97 46 7f ff d9 [68853 bytes]
2025-04-17 21:22:57,123 - websockets.client - DEBUG - > BINARY ff d8 ff e0 00 10 4a 46 49 46 00 01 01 00 00 01 ... a7 1b 31 a8 f2 48 ff d9 [68869 bytes]
2025-04-17 21:22:57,199 - websockets.client - DEBUG - < TEXT '[{"box": [130, 213, 342, 266], "is_felix": fals...: 0.49536725878715515}]' [85 bytes]
2025-04-17 21:22:57,199 - IseeYou.FelixTrackingClient - DEBUG - [RECEIVER] Frame #62: Received 1 detections (0 Felix)
2025-04-17 21:22:57,231 - websockets.client - DEBUG - > BINARY ff d8 ff e0 00 10 4a 46 49 46 00 01 01 00 00 01 ... fd cb 15 14 9e 8c ff d9 [68811 bytes]
2025-04-17 21:22:57,340 - websockets.client - DEBUG - > BINARY ff d8 ff e0 00 10 4a 46 49 46 00 01 01 00 00 01 ... b9 49 27 4d be a7 ff d9 [68958 bytes]
2025-04-17 21:22:57,450 - websockets.client - DEBUG - > BINARY ff d8 ff e0 00 10 4a 46 49 46 00 01 01 00 00 01 ... b9 49 27 4d be a7 ff d9 [68958 bytes]
2025-04-17 21:22:57,501 - websockets.client - DEBUG - < TEXT '[{"box": [119, 212, 352, 267], "is_felix": fals...: 0.49622154235839844}]' [85 bytes]
2025-04-17 21:22:57,501 - IseeYou.FelixTrackingClient - DEBUG - [RECEIVER] Frame #63: Received 1 detections (0 Felix)
2025-04-17 21:22:57,575 - websockets.client - DEBUG - > BINARY ff d8 ff e0 00 10 4a 46 49 46 00 01 01 00 00 01 ... 22 a8 a8 37 67 a9 ff d9 [68995 bytes]
2025-04-17 21:22:57,578 - IseeYou.FelixTrackingClient - DEBUG - [CAPTURE] Sent frame 200 (68995 bytes)
2025-04-17 21:22:57,682 - websockets.client - DEBUG - > BINARY ff d8 ff e0 00 10 4a 46 49 46 00 01 01 00 00 01 ... a6 9e b6 d6 fb 9f ff d9 [68992 bytes]
2025-04-17 21:22:57,747 - websockets.client - DEBUG - < TEXT '[{"box": [129, 213, 345, 266], "is_felix": fals...e": 0.496372789144516}]' [83 bytes]
2025-04-17 21:22:57,748 - IseeYou.FelixTrackingClient - DEBUG - [RECEIVER] Frame #64: Received 1 detections (0 Felix)
2025-04-17 21:22:57,792 - websockets.client - DEBUG - > BINARY ff d8 ff e0 00 10 4a 46 49 46 00 01 01 00 00 01 ... ab a2 a2 b4 bb 47 ff d9 [68895 bytes]
2025-04-17 21:22:57,903 - websockets.client - DEBUG - > BINARY ff d8 ff e0 00 10 4a 46 49 46 00 01 01 00 00 01 ... 22 a0 af 66 fe e3 ff d9 [68942 bytes]
2025-04-17 21:22:58,027 - websockets.client - DEBUG - > BINARY ff d8 ff e0 00 10 4a 46 49 46 00 01 01 00 00 01 ... 7a 96 94 5a d7 73 ff d9 [69068 bytes]
2025-04-17 21:22:58,040 - websockets.client - DEBUG - < TEXT '[{"box": [123, 213, 349, 266], "is_felix": fals...: 0.49591898918151855}]' [85 bytes]
2025-04-17 21:22:58,041 - IseeYou.FelixTrackingClient - DEBUG - [RECEIVER] Frame #65: Received 1 detections (0 Felix)
2025-04-17 21:22:58,137 - websockets.client - DEBUG - > BINARY ff d8 ff e0 00 10 4a 46 49 46 00 01 01 00 00 01 ... 9b 29 ab 46 d2 3f ff d9 [69039 bytes]
2025-04-17 21:22:58,246 - websockets.client - DEBUG - > BINARY ff d8 ff e0 00 10 4a 46 49 46 00 01 01 00 00 01 ... 0d 8a 69 c9 d9 9f ff d9 [68755 bytes]
2025-04-17 21:22:58,301 - websockets.client - DEBUG - < TEXT '[{"box": [116, 213, 355, 266], "is_felix": fals...: 0.49612030386924744}]' [85 bytes]
2025-04-17 21:22:58,302 - IseeYou.FelixTrackingClient - DEBUG - [RECEIVER] Frame #66: Received 1 detections (0 Felix)
2025-04-17 21:22:58,370 - websockets.client - DEBUG - > BINARY ff d8 ff e0 00 10 4a 46 49 46 00 01 01 00 00 01 ... 16 4c a8 c6 da d8 ff d9 [68934 bytes]
2025-04-17 21:22:58,479 - websockets.client - DEBUG - > BINARY ff d8 ff e0 00 10 4a 46 49 46 00 01 01 00 00 01 ... d0 a8 a6 9a b6 ec ff d9 [68804 bytes]
2025-04-17 21:22:58,589 - websockets.client - DEBUG - > BINARY ff d8 ff e0 00 10 4a 46 49 46 00 01 01 00 00 01 ... d0 a8 a6 9a b6 ec ff d9 [68804 bytes]
2025-04-17 21:22:58,606 - websockets.client - DEBUG - < TEXT '[{"box": [125, 213, 355, 266], "is_felix": fals...": 0.4964006245136261}]' [84 bytes]
2025-04-17 21:22:58,606 - IseeYou.FelixTrackingClient - DEBUG - [RECEIVER] Frame #67: Received 1 detections (0 Felix)
2025-04-17 21:22:58,697 - websockets.client - DEBUG - > BINARY ff d8 ff e0 00 10 4a 46 49 46 00 01 01 00 00 01 ... 32 a9 c6 9d e3 73 ff d9 [69053 bytes]
2025-04-17 21:22:58,806 - websockets.client - DEBUG - > BINARY ff d8 ff e0 00 10 4a 46 49 46 00 01 01 00 00 01 ... a8 f9 62 e1 7b 1f ff d9 [69239 bytes]
2025-04-17 21:22:58,880 - websockets.client - DEBUG - < TEXT '[{"box": [118, 212, 354, 267], "is_felix": fals...: 0.49608829617500305}]' [85 bytes]
2025-04-17 21:22:58,881 - IseeYou.FelixTrackingClient - DEBUG - [RECEIVER] Frame #68: Received 1 detections (0 Felix)
2025-04-17 21:22:58,932 - websockets.client - DEBUG - > BINARY ff d8 ff e0 00 10 4a 46 49 46 00 01 01 00 00 01 ... 5d 07 08 df 56 7f ff d9 [68960 bytes]
2025-04-17 21:22:59,043 - websockets.client - DEBUG - > BINARY ff d8 ff e0 00 10 4a 46 49 46 00 01 01 00 00 01 ... d2 45 53 4f 97 98 ff d9 [69090 bytes]
2025-04-17 21:22:59,152 - websockets.client - DEBUG - > BINARY ff d8 ff e0 00 10 4a 46 49 46 00 01 01 00 00 01 ... 6e e2 5a ba 57 91 ff d9 [68941 bytes]
2025-04-17 21:22:59,184 - websockets.client - DEBUG - < TEXT '[{"box": [122, 213, 349, 266], "is_felix": fals...: 0.49572837352752686}]' [85 bytes]
2025-04-17 21:22:59,185 - IseeYou.FelixTrackingClient - DEBUG - [RECEIVER] Frame #69: Received 1 detections (0 Felix)
2025-04-17 21:22:59,262 - websockets.client - DEBUG - > BINARY ff d8 ff e0 00 10 4a 46 49 46 00 01 01 00 00 01 ... 5b 22 d2 b6 bd 0f ff d9 [69228 bytes]
2025-04-17 21:22:59,370 - websockets.client - DEBUG - > BINARY ff d8 ff e0 00 10 4a 46 49 46 00 01 01 00 00 01 ... 74 5c 54 65 1d 4f ff d9 [69050 bytes]
2025-04-17 21:22:59,457 - websockets.client - DEBUG - < TEXT '[{"box": [122, 213, 350, 266], "is_felix": fals...: 0.49621090292930603}]' [85 bytes]
2025-04-17 21:22:59,458 - IseeYou.FelixTrackingClient - DEBUG - [RECEIVER] Frame #70: Received 1 detections (0 Felix)
2025-04-17 21:22:59,500 - websockets.client - DEBUG - > BINARY ff d8 ff e0 00 10 4a 46 49 46 00 01 01 00 00 01 ... 65 42 31 4a f2 3f ff d9 [68950 bytes]
2025-04-17 21:22:59,618 - websockets.client - DEBUG - > BINARY ff d8 ff e0 00 10 4a 46 49 46 00 01 01 00 00 01 ... 3b 34 ca 8a dd 9f ff d9 [69147 bytes]
2025-04-17 21:22:59,728 - websockets.client - DEBUG - > BINARY ff d8 ff e0 00 10 4a 46 49 46 00 01 01 00 00 01 ... 3b 34 ca 8a dd 9f ff d9 [69147 bytes]
2025-04-17 21:22:59,758 - websockets.client - DEBUG - < TEXT '[{"box": [126, 214, 349, 265], "is_felix": fals...: 0.49633145332336426}]' [85 bytes]
2025-04-17 21:22:59,759 - IseeYou.FelixTrackingClient - DEBUG - [RECEIVER] Frame #71: Received 1 detections (0 Felix)
2025-04-17 21:22:59,836 - websockets.client - DEBUG - > BINARY ff d8 ff e0 00 10 4a 46 49 46 00 01 01 00 00 01 ... bb 95 6e 68 76 3f ff d9 [69163 bytes]
2025-04-17 21:22:59,945 - websockets.client - DEBUG - > BINARY ff d8 ff e0 00 10 4a 46 49 46 00 01 01 00 00 01 ... a7 62 92 b2 4e c7 ff d9 [69051 bytes]
2025-04-17 21:23:00,012 - websockets.client - DEBUG - < TEXT '[{"box": [114, 213, 359, 266], "is_felix": fals...: 0.49634677171707153}]' [85 bytes]
2025-04-17 21:23:00,012 - IseeYou.FelixTrackingClient - DEBUG - [RECEIVER] Frame #72: Received 1 detections (0 Felix)
2025-04-17 21:23:00,071 - websockets.client - DEBUG - > BINARY ff d8 ff e0 00 10 4a 46 49 46 00 01 01 00 00 01 ... 1f 91 6d 35 ea 7f ff d9 [68941 bytes]
2025-04-17 21:23:00,180 - websockets.client - DEBUG - > BINARY ff d8 ff e0 00 10 4a 46 49 46 00 01 01 00 00 01 ... 52 8b 51 bd b5 3f ff d9 [68910 bytes]
2025-04-17 21:23:00,301 - websockets.client - DEBUG - > BINARY ff d8 ff e0 00 10 4a 46 49 46 00 01 01 00 00 01 ... 92 7b 22 a9 26 cf ff d9 [69066 bytes]
2025-04-17 21:23:00,308 - websockets.client - DEBUG - < TEXT '[{"box": [114, 214, 354, 265], "is_felix": fals...": 0.4957144856452942}]' [84 bytes]
2025-04-17 21:23:00,308 - IseeYou.FelixTrackingClient - DEBUG - [RECEIVER] Frame #73: Received 1 detections (0 Felix)
2025-04-17 21:23:00,308 - websockets.client - DEBUG - < PONG e7 38 7f 56 [binary, 4 bytes]
2025-04-17 21:23:00,308 - websockets.client - DEBUG - % received keepalive pong
2025-04-17 21:23:00,359 - websockets.client - DEBUG - > PING 3a de 7a 9e [binary, 4 bytes]
2025-04-17 21:23:00,359 - websockets.client - DEBUG - % sent keepalive ping
2025-04-17 21:23:00,359 - websockets.client - DEBUG - < PING 59 c1 ef ce [binary, 4 bytes]
2025-04-17 21:23:00,359 - websockets.client - DEBUG - > PONG 59 c1 ef ce [binary, 4 bytes]
2025-04-17 21:23:00,408 - websockets.client - DEBUG - > BINARY ff d8 ff e0 00 10 4a 46 49 46 00 01 01 00 00 01 ... 2f ad 8a 86 ae c7 ff d9 [69000 bytes]
2025-04-17 21:23:00,518 - websockets.client - DEBUG - > BINARY ff d8 ff e0 00 10 4a 46 49 46 00 01 01 00 00 01 ... b5 ca 6a ea eb a9 ff d9 [68932 bytes]
2025-04-17 21:23:00,558 - websockets.client - DEBUG - < TEXT '[{"box": [114, 214, 354, 265], "is_felix": fals...": 0.4957144856452942}]' [84 bytes]
2025-04-17 21:23:00,559 - IseeYou.FelixTrackingClient - DEBUG - [RECEIVER] Frame #74: Received 1 detections (0 Felix)
2025-04-17 21:23:00,625 - websockets.client - DEBUG - > BINARY ff d8 ff e0 00 10 4a 46 49 46 00 01 01 00 00 01 ... 4a c5 b8 db e1 47 ff d9 [68875 bytes]
2025-04-17 21:23:00,734 - websockets.client - DEBUG - > BINARY ff d8 ff e0 00 10 4a 46 49 46 00 01 01 00 00 01 ... 4a c5 b8 db e1 47 ff d9 [68875 bytes]
2025-04-17 21:23:00,843 - websockets.client - DEBUG - > BINARY ff d8 ff e0 00 10 4a 46 49 46 00 01 01 00 00 01 ... 76 1c e2 92 8b 48 ff d9 [68976 bytes]
2025-04-17 21:23:00,865 - websockets.client - DEBUG - < TEXT '[{"box": [128, 213, 344, 266], "is_felix": fals...": 0.4969750940799713}]' [84 bytes]
2025-04-17 21:23:00,866 - IseeYou.FelixTrackingClient - DEBUG - [RECEIVER] Frame #75: Received 1 detections (0 Felix)
2025-04-17 21:23:00,967 - websockets.client - DEBUG - > BINARY ff d8 ff e0 00 10 4a 46 49 46 00 01 01 00 00 01 ... bb 14 b9 92 bf 43 ff d9 [69071 bytes]
2025-04-17 21:23:01,077 - websockets.client - DEBUG - > BINARY ff d8 ff e0 00 10 4a 46 49 46 00 01 01 00 00 01 ... 71 b1 51 8a 8e ac ff d9 [68971 bytes]
2025-04-17 21:23:01,127 - websockets.client - DEBUG - < TEXT '[{"box": [117, 212, 358, 267], "is_felix": fals...: 0.49597927927970886}]' [85 bytes]
2025-04-17 21:23:01,128 - IseeYou.FelixTrackingClient - DEBUG - [RECEIVER] Frame #76: Received 1 detections (0 Felix)
2025-04-17 21:23:01,201 - websockets.client - DEBUG - > BINARY ff d8 ff e0 00 10 4a 46 49 46 00 01 01 00 00 01 ... f0 bd 4a 82 52 b1 ff d9 [68990 bytes]
2025-04-17 21:23:01,312 - websockets.client - DEBUG - > BINARY ff d8 ff e0 00 10 4a 46 49 46 00 01 01 00 00 01 ... e3 dc aa 6b 5b 1f ff d9 [68770 bytes]
2025-04-17 21:23:01,421 - websockets.client - DEBUG - < TEXT '[{"box": [126, 213, 346, 266], "is_felix": fals...: 0.49648576974868774}]' [85 bytes]
2025-04-17 21:23:01,421 - websockets.client - DEBUG - > BINARY ff d8 ff e0 00 10 4a 46 49 46 00 01 01 00 00 01 ... c9 14 a3 ef 47 43 ff d9 [68956 bytes]
2025-04-17 21:23:01,424 - IseeYou.FelixTrackingClient - DEBUG - [RECEIVER] Frame #77: Received 1 detections (0 Felix)
2025-04-17 21:23:01,533 - websockets.client - DEBUG - > BINARY ff d8 ff e0 00 10 4a 46 49 46 00 01 01 00 00 01 ... 07 05 18 b8 a9 1f ff d9 [68679 bytes]
2025-04-17 21:23:01,641 - websockets.client - DEBUG - > BINARY ff d8 ff e0 00 10 4a 46 49 46 00 01 01 00 00 01 ... 0b 49 96 a3 68 d8 ff d9 [68798 bytes]
2025-04-17 21:23:01,702 - websockets.client - DEBUG - < TEXT '[{"box": [128, 213, 345, 266], "is_felix": fals...: 0.49736306071281433}]' [85 bytes]
2025-04-17 21:23:01,703 - IseeYou.FelixTrackingClient - DEBUG - [RECEIVER] Frame #78: Received 1 detections (0 Felix)
2025-04-17 21:23:01,751 - websockets.client - DEBUG - > BINARY ff d8 ff e0 00 10 4a 46 49 46 00 01 01 00 00 01 ... 0b 49 96 a3 68 d8 ff d9 [68798 bytes]
2025-04-17 21:23:01,876 - websockets.client - DEBUG - > BINARY ff d8 ff e0 00 10 4a 46 49 46 00 01 01 00 00 01 ... 5d 5d 22 a2 95 8f ff d9 [69148 bytes]
2025-04-17 21:23:02,000 - websockets.client - DEBUG - > BINARY ff d8 ff e0 00 10 4a 46 49 46 00 01 01 00 00 01 ... b5 2a 0a d0 4d 9f ff d9 [69154 bytes]
2025-04-17 21:23:02,009 - websockets.client - DEBUG - < TEXT '[{"box": [125, 213, 345, 266], "is_felix": fals...e": 0.497322678565979}]' [83 bytes]
2025-04-17 21:23:02,010 - IseeYou.FelixTrackingClient - DEBUG - [RECEIVER] Frame #79: Received 1 detections (0 Felix)
2025-04-17 21:23:02,110 - websockets.client - DEBUG - > BINARY ff d8 ff e0 00 10 4a 46 49 46 00 01 01 00 00 01 ... 2e 52 e0 a2 d5 d9 ff d9 [69170 bytes]
2025-04-17 21:23:02,220 - websockets.client - DEBUG - > BINARY ff d8 ff e0 00 10 4a 46 49 46 00 01 01 00 00 01 ... 5c b8 ae 59 5d 9f ff d9 [69144 bytes]
2025-04-17 21:23:02,283 - websockets.client - DEBUG - < TEXT '[{"box": [131, 213, 344, 266], "is_felix": fals...: 0.49646881222724915}]' [85 bytes]
2025-04-17 21:23:02,285 - IseeYou.FelixTrackingClient - DEBUG - [RECEIVER] Frame #80: Received 1 detections (0 Felix)
2025-04-17 21:23:02,328 - websockets.client - DEBUG - > BINARY ff d8 ff e0 00 10 4a 46 49 46 00 01 01 00 00 01 ... 14 e3 07 1b 34 7f ff d9 [69002 bytes]
2025-04-17 21:23:02,437 - websockets.client - DEBUG - > BINARY ff d8 ff e0 00 10 4a 46 49 46 00 01 01 00 00 01 ... 99 15 04 9c 93 67 ff d9 [69033 bytes]
2025-04-17 21:23:02,561 - websockets.client - DEBUG - > BINARY ff d8 ff e0 00 10 4a 46 49 46 00 01 01 00 00 01 ... ae 8a e5 6a 5a 23 ff d9 [69134 bytes]
2025-04-17 21:23:02,595 - websockets.client - DEBUG - < TEXT '[{"box": [125, 213, 347, 266], "is_felix": fals...": 0.4972277879714966}]' [84 bytes]
2025-04-17 21:23:02,596 - IseeYou.FelixTrackingClient - DEBUG - [RECEIVER] Frame #81: Received 1 detections (0 Felix)
2025-04-17 21:23:02,671 - websockets.client - DEBUG - > BINARY ff d8 ff e0 00 10 4a 46 49 46 00 01 01 00 00 01 ... be 85 45 3b 5d 23 ff d9 [69005 bytes]
2025-04-17 21:23:02,795 - websockets.client - DEBUG - > BINARY ff d8 ff e0 00 10 4a 46 49 46 00 01 01 00 00 01 ... 5b 74 2a 09 da e7 ff d9 [68790 bytes]
2025-04-17 21:23:02,860 - websockets.client - DEBUG - < TEXT '[{"box": [126, 213, 345, 266], "is_felix": fals...": 0.4973670244216919}]' [84 bytes]
2025-04-17 21:23:02,861 - IseeYou.FelixTrackingClient - DEBUG - [RECEIVER] Frame #82: Received 1 detections (0 Felix)
2025-04-17 21:23:02,903 - websockets.client - DEBUG - > BINARY ff d8 ff e0 00 10 4a 46 49 46 00 01 01 00 00 01 ... 23 7c a5 c7 59 58 ff d9 [69065 bytes]
2025-04-17 21:23:03,013 - websockets.client - DEBUG - > BINARY ff d8 ff e0 00 10 4a 46 49 46 00 01 01 00 00 01 ... 23 7c a5 c7 59 58 ff d9 [69065 bytes]
2025-04-17 21:23:03,124 - websockets.client - DEBUG - > BINARY ff d8 ff e0 00 10 4a 46 49 46 00 01 01 00 00 01 ... ad d0 a8 29 5b 53 ff d9 [69188 bytes]
2025-04-17 21:23:03,201 - websockets.client - DEBUG - < TEXT '[{"box": [127, 213, 345, 266], "is_felix": fals...": 0.4960452914237976}]' [84 bytes]
2025-04-17 21:23:03,202 - IseeYou.FelixTrackingClient - DEBUG - [RECEIVER] Frame #83: Received 1 detections (0 Felix)
2025-04-17 21:23:03,232 - websockets.client - DEBUG - > BINARY ff d8 ff e0 00 10 4a 46 49 46 00 01 01 00 00 01 ... 45 41 39 45 37 d0 ff d9 [69110 bytes]
2025-04-17 21:23:03,343 - websockets.client - DEBUG - > BINARY ff d8 ff e0 00 10 4a 46 49 46 00 01 01 00 00 01 ... 0d db 2d 2b a4 91 ff d9 [68998 bytes]
2025-04-17 21:23:03,437 - websockets.client - DEBUG - < TEXT '[{"box": [122, 213, 348, 266], "is_felix": fals...": 0.4963547885417938}]' [84 bytes]
2025-04-17 21:23:03,441 - IseeYou.FelixTrackingClient - DEBUG - [RECEIVER] Frame #84: Received 1 detections (0 Felix)
2025-04-17 21:23:03,442 - websockets.client - DEBUG - > BINARY ff d8 ff e0 00 10 4a 46 49 46 00 01 01 00 00 01 ... 4d f4 2b 46 b5 3f ff d9 [69037 bytes]
2025-04-17 21:23:03,561 - websockets.client - DEBUG - > BINARY ff d8 ff e0 00 10 4a 46 49 46 00 01 01 00 00 01 ... f6 1a 51 92 bf 53 ff d9 [69001 bytes]
2025-04-17 21:23:03,671 - websockets.client - DEBUG - > BINARY ff d8 ff e0 00 10 4a 46 49 46 00 01 01 00 00 01 ... 37 2e d1 b5 e2 8f ff d9 [69200 bytes]
2025-04-17 21:23:03,786 - websockets.client - DEBUG - < TEXT '[{"box": [122, 213, 348, 266], "is_felix": fals...": 0.4963547885417938}]' [84 bytes]
2025-04-17 21:23:03,790 - IseeYou.FelixTrackingClient - DEBUG - [RECEIVER] Frame #85: Received 1 detections (0 Felix)
2025-04-17 21:23:03,791 - websockets.client - DEBUG - > BINARY ff d8 ff e0 00 10 4a 46 49 46 00 01 01 00 00 01 ... 8d 24 ac 52 8f 73 ff d9 [69276 bytes]
2025-04-17 21:23:03,903 - websockets.client - DEBUG - > BINARY ff d8 ff e0 00 10 4a 46 49 46 00 01 01 00 00 01 ... 05 34 a5 25 7e a7 ff d9 [68861 bytes]
2025-04-17 21:23:04,027 - websockets.client - DEBUG - > BINARY ff d8 ff e0 00 10 4a 46 49 46 00 01 01 00 00 01 ... f9 4a 49 4b 55 a9 ff d9 [69007 bytes]
2025-04-17 21:23:04,064 - websockets.client - DEBUG - < TEXT '[{"box": [126, 213, 346, 266], "is_felix": fals...: 0.49640190601348877}]' [85 bytes]
2025-04-17 21:23:04,064 - IseeYou.FelixTrackingClient - DEBUG - [RECEIVER] Frame #86: Received 1 detections (0 Felix)
2025-04-17 21:23:04,152 - websockets.client - DEBUG - > BINARY ff d8 ff e0 00 10 4a 46 49 46 00 01 01 00 00 01 ... f9 4a 49 4b 55 a9 ff d9 [69007 bytes]
2025-04-17 21:23:04,262 - websockets.client - DEBUG - > BINARY ff d8 ff e0 00 10 4a 46 49 46 00 01 01 00 00 01 ... 93 e5 d8 be 5e a7 ff d9 [69178 bytes]
2025-04-17 21:23:04,359 - websockets.client - DEBUG - < TEXT '[{"box": [130, 214, 342, 265], "is_felix": fals...": 0.4953307807445526}]' [84 bytes]
2025-04-17 21:23:04,360 - IseeYou.FelixTrackingClient - DEBUG - [RECEIVER] Frame #87: Received 1 detections (0 Felix)
2025-04-17 21:23:04,663 - websockets.client - DEBUG - < TEXT '[{"box": [127, 213, 346, 266], "is_felix": fals...": 0.4965199828147888}]' [84 bytes]
2025-04-17 21:23:04,663 - IseeYou.FelixTrackingClient - DEBUG - [RECEIVER] Frame #88: Received 1 detections (0 Felix)
2025-04-17 21:23:04,780 - websockets.client - DEBUG - > BINARY ff d8 ff e0 00 10 4a 46 49 46 00 01 01 00 00 01 ... 65 d3 5c ae f6 3f ff d9 [68969 bytes]
2025-04-17 21:23:04,902 - websockets.client - DEBUG - > BINARY ff d8 ff e0 00 10 4a 46 49 46 00 01 01 00 00 01 ... 2e f5 1a 56 95 d9 ff d9 [68777 bytes]
2025-04-17 21:23:04,990 - websockets.client - DEBUG - < TEXT '[{"box": [114, 213, 356, 266], "is_felix": fals...: 0.49649038910865784}]' [85 bytes]
2025-04-17 21:23:04,990 - IseeYou.FelixTrackingClient - DEBUG - [RECEIVER] Frame #89: Received 1 detections (0 Felix)
2025-04-17 21:23:05,027 - websockets.client - DEBUG - > BINARY ff d8 ff e0 00 10 4a 46 49 46 00 01 01 00 00 01 ... cb 52 d2 71 76 3f ff d9 [68941 bytes]
2025-04-17 21:23:05,135 - websockets.client - DEBUG - > BINARY ff d8 ff e0 00 10 4a 46 49 46 00 01 01 00 00 01 ... f2 a2 e2 ad 7b 9f ff d9 [68945 bytes]
2025-04-17 21:23:05,246 - websockets.client - DEBUG - > BINARY ff d8 ff e0 00 10 4a 46 49 46 00 01 01 00 00 01 ... 4d 4d a2 ec d3 4c ff d9 [68764 bytes]
2025-04-17 21:23:05,249 - websockets.client - DEBUG - < TEXT '[{"box": [125, 213, 350, 266], "is_felix": fals...": 0.4969824552536011}]' [84 bytes]
2025-04-17 21:23:05,249 - IseeYou.FelixTrackingClient - DEBUG - [RECEIVER] Frame #90: Received 1 detections (0 Felix)
2025-04-17 21:23:05,355 - websockets.client - DEBUG - > BINARY ff d8 ff e0 00 10 4a 46 49 46 00 01 01 00 00 01 ... 6a 30 71 bd b6 3f ff d9 [68730 bytes]
2025-04-17 21:23:05,463 - websockets.client - DEBUG - > BINARY ff d8 ff e0 00 10 4a 46 49 46 00 01 01 00 00 01 ... cb 42 da 8a d1 9f ff d9 [68952 bytes]
2025-04-17 21:23:05,572 - websockets.client - DEBUG - > BINARY ff d8 ff e0 00 10 4a 46 49 46 00 01 01 00 00 01 ... f7 4a 8c 54 55 d9 ff d9 [68995 bytes]
2025-04-17 21:23:05,581 - websockets.client - DEBUG - < TEXT '[{"box": [120, 213, 350, 266], "is_felix": fals...: 0.49674031138420105}]' [85 bytes]
2025-04-17 21:23:05,581 - IseeYou.FelixTrackingClient - DEBUG - [RECEIVER] Frame #91: Received 1 detections (0 Felix)
2025-04-17 21:23:05,699 - websockets.client - DEBUG - > BINARY ff d8 ff e0 00 10 4a 46 49 46 00 01 01 00 00 01 ... b7 74 54 6f 1f 78 ff d9 [68862 bytes]
2025-04-17 21:23:05,812 - websockets.client - DEBUG - > BINARY ff d8 ff e0 00 10 4a 46 49 46 00 01 01 00 00 01 ... b7 74 54 6f 1f 78 ff d9 [68862 bytes]
2025-04-17 21:23:05,854 - websockets.client - DEBUG - < TEXT '[{"box": [125, 214, 347, 265], "is_felix": fals...": 0.4960571229457855}]' [84 bytes]
2025-04-17 21:23:05,854 - IseeYou.FelixTrackingClient - DEBUG - [RECEIVER] Frame #92: Received 1 detections (0 Felix)
2025-04-17 21:23:05,919 - websockets.client - DEBUG - > BINARY ff d8 ff e0 00 10 4a 46 49 46 00 01 01 00 00 01 ... 35 72 d2 b2 bb 67 ff d9 [68739 bytes]
2025-04-17 21:23:06,028 - websockets.client - DEBUG - > BINARY ff d8 ff e0 00 10 4a 46 49 46 00 01 01 00 00 01 ... f7 6f 71 a5 a6 a7 ff d9 [68555 bytes]
2025-04-17 21:23:06,138 - websockets.client - DEBUG - > BINARY ff d8 ff e0 00 10 4a 46 49 46 00 01 01 00 00 01 ... 69 2d 99 76 fe 63 ff d9 [68261 bytes]
2025-04-17 21:23:06,201 - websockets.client - DEBUG - < TEXT '[{"box": [117, 213, 356, 266], "is_felix": fals...: 0.49674302339553833}]' [85 bytes]
2025-04-17 21:23:06,201 - IseeYou.FelixTrackingClient - DEBUG - [RECEIVER] Frame #93: Received 1 detections (0 Felix)
2025-04-17 21:23:06,246 - websockets.client - DEBUG - > BINARY ff d8 ff e0 00 10 4a 46 49 46 00 01 01 00 00 01 ... b1 50 56 8d e4 7f ff d9 [67799 bytes]
2025-04-17 21:23:06,370 - websockets.client - DEBUG - > BINARY ff d8 ff e0 00 10 4a 46 49 46 00 01 01 00 00 01 ... 3b a4 55 24 9e a7 ff d9 [67415 bytes]
2025-04-17 21:23:06,462 - websockets.client - DEBUG - < TEXT '[{"box": [119, 212, 353, 267], "is_felix": fals...": 0.4965876042842865}]' [84 bytes]
2025-04-17 21:23:06,464 - IseeYou.FelixTrackingClient - DEBUG - [RECEIVER] Frame #94: Received 1 detections (0 Felix)
2025-04-17 21:23:06,465 - websockets.client - DEBUG - > BINARY ff d8 ff e0 00 10 4a 46 49 46 00 01 01 00 00 01 ... ba bc 4a 69 c7 63 ff d9 [67474 bytes]
2025-04-17 21:23:06,580 - websockets.client - DEBUG - > BINARY ff d8 ff e0 00 10 4a 46 49 46 00 01 01 00 00 01 ... ba bc 4a 69 c7 63 ff d9 [67474 bytes]
2025-04-17 21:23:06,698 - websockets.client - DEBUG - > BINARY ff d8 ff e0 00 10 4a 46 49 46 00 01 01 00 00 01 ... 9b 72 d8 51 f3 3f ff d9 [68071 bytes]
2025-04-17 21:23:06,788 - websockets.client - DEBUG - < TEXT '[{"box": [126, 213, 348, 266], "is_felix": fals...e": 0.496267169713974}]' [83 bytes]
2025-04-17 21:23:06,788 - IseeYou.FelixTrackingClient - DEBUG - [RECEIVER] Frame #95: Received 1 detections (0 Felix)
2025-04-17 21:23:06,823 - websockets.client - DEBUG - > BINARY ff d8 ff e0 00 10 4a 46 49 46 00 01 01 00 00 01 ... 9b 72 d8 51 f3 3f ff d9 [68071 bytes]
2025-04-17 21:23:06,933 - websockets.client - DEBUG - > BINARY ff d8 ff e0 00 10 4a 46 49 46 00 01 01 00 00 01 ... 78 97 1b 4b dd 67 ff d9 [67575 bytes]
2025-04-17 21:23:07,058 - websockets.client - DEBUG - > BINARY ff d8 ff e0 00 10 4a 46 49 46 00 01 01 00 00 01 ... 27 27 b2 2b a6 c7 ff d9 [67326 bytes]
2025-04-17 21:23:07,064 - websockets.client - DEBUG - < TEXT '[{"box": [126, 213, 345, 266], "is_felix": fals...: 0.49647536873817444}]' [85 bytes]
2025-04-17 21:23:07,065 - IseeYou.FelixTrackingClient - DEBUG - [RECEIVER] Frame #96: Received 1 detections (0 Felix)
2025-04-17 21:23:07,181 - websockets.client - DEBUG - > BINARY ff d8 ff e0 00 10 4a 46 49 46 00 01 01 00 00 01 ... 93 a7 ec e9 f9 1f ff d9 [67761 bytes]
2025-04-17 21:23:07,291 - websockets.client - DEBUG - > BINARY ff d8 ff e0 00 10 4a 46 49 46 00 01 01 00 00 01 ... da 12 a2 b9 75 3f ff d9 [68047 bytes]
2025-04-17 21:23:07,402 - websockets.client - DEBUG - > BINARY ff d8 ff e0 00 10 4a 46 49 46 00 01 01 00 00 01 ... dc 70 85 ae da 3f ff d9 [68109 bytes]
2025-04-17 21:23:07,407 - websockets.client - DEBUG - < TEXT '[{"box": [126, 213, 345, 266], "is_felix": fals...: 0.49647536873817444}]' [85 bytes]
2025-04-17 21:23:07,407 - IseeYou.FelixTrackingClient - DEBUG - [RECEIVER] Frame #97: Received 1 detections (0 Felix)
2025-04-17 21:23:07,525 - websockets.client - DEBUG - > BINARY ff d8 ff e0 00 10 4a 46 49 46 00 01 01 00 00 01 ... c5 5c b4 9c d6 a7 ff d9 [68227 bytes]
2025-04-17 21:23:07,636 - websockets.client - DEBUG - > BINARY ff d8 ff e0 00 10 4a 46 49 46 00 01 01 00 00 01 ... a5 b1 71 b7 2d cf ff d9 [68269 bytes]
2025-04-17 21:23:07,715 - websockets.client - DEBUG - < TEXT '[{"box": [121, 213, 351, 266], "is_felix": fals...: 0.49643662571907043}]' [85 bytes]
2025-04-17 21:23:07,716 - IseeYou.FelixTrackingClient - DEBUG - [RECEIVER] Frame #98: Received 1 detections (0 Felix)
2025-04-17 21:23:07,745 - websockets.client - DEBUG - > BINARY ff d8 ff e0 00 10 4a 46 49 46 00 01 01 00 00 01 ... 2a 2e 9c 55 b5 3f ff d9 [68338 bytes]
2025-04-17 21:23:08,039 - websockets.client - DEBUG - < TEXT '[{"box": [60, 212, 410, 267], "is_felix": false...: 0.49633532762527466}]' [84 bytes]
2025-04-17 21:23:08,040 - IseeYou.FelixTrackingClient - DEBUG - [RECEIVER] Frame #99: Received 1 detections (0 Felix)
2025-04-17 21:23:08,327 - websockets.client - DEBUG - < TEXT '[{"box": [126, 213, 346, 266], "is_felix": fals...: 0.49536818265914917}]' [85 bytes]
2025-04-17 21:23:08,327 - IseeYou.FelixTrackingClient - DEBUG - [RECEIVER] Frame #100: Received 1 detections (0 Felix)
2025-04-17 21:23:08,676 - websockets.client - DEBUG - < TEXT '[{"box": [119, 213, 353, 266], "is_felix": fals...": 0.4964675307273865}]' [84 bytes]
2025-04-17 21:23:08,676 - IseeYou.FelixTrackingClient - DEBUG - [RECEIVER] Frame #101: Received 1 detections (0 Felix)
2025-04-17 21:23:08,956 - websockets.client - DEBUG - < TEXT '[{"box": [125, 213, 346, 266], "is_felix": fals...": 0.4972155690193176}]' [84 bytes]
2025-04-17 21:23:08,956 - IseeYou.FelixTrackingClient - DEBUG - [RECEIVER] Frame #102: Received 1 detections (0 Felix)
2025-04-17 21:23:09,239 - websockets.client - DEBUG - < TEXT '[{"box": [123, 212, 349, 267], "is_felix": fals...: 0.49731460213661194}]' [85 bytes]
2025-04-17 21:23:09,240 - IseeYou.FelixTrackingClient - DEBUG - [RECEIVER] Frame #103: Received 1 detections (0 Felix)
2025-04-17 21:23:09,384 - websockets.client - DEBUG - > BINARY ff d8 ff e0 00 10 4a 46 49 46 00 01 01 00 00 01 ... 2e d7 1c 53 96 c7 ff d9 [68268 bytes]
2025-04-17 21:23:09,508 - websockets.client - DEBUG - < TEXT '[{"box": [116, 213, 355, 266], "is_felix": fals...: 0.49787431955337524}]' [85 bytes]
2025-04-17 21:23:09,509 - websockets.client - DEBUG - > BINARY ff d8 ff e0 00 10 4a 46 49 46 00 01 01 00 00 01 ... e5 d9 0d 26 95 d1 ff d9 [68134 bytes]
2025-04-17 21:23:09,512 - IseeYou.FelixTrackingClient - DEBUG - [RECEIVER] Frame #104: Received 1 detections (0 Felix)
2025-04-17 21:23:09,631 - websockets.client - DEBUG - > BINARY ff d8 ff e0 00 10 4a 46 49 46 00 01 01 00 00 01 ... 11 51 50 7b 6c 7f ff d9 [68363 bytes]
2025-04-17 21:23:09,741 - websockets.client - DEBUG - > BINARY ff d8 ff e0 00 10 4a 46 49 46 00 01 01 00 00 01 ... 0e 55 30 b6 97 3f ff d9 [68280 bytes]
2025-04-17 21:23:09,842 - websockets.client - DEBUG - < TEXT '[{"box": [126, 213, 345, 266], "is_felix": fals...": 0.4980090260505676}]' [84 bytes]
2025-04-17 21:23:09,846 - IseeYou.FelixTrackingClient - DEBUG - [RECEIVER] Frame #105: Received 1 detections (0 Felix)
2025-04-17 21:23:09,848 - websockets.client - DEBUG - > BINARY ff d8 ff e0 00 10 4a 46 49 46 00 01 01 00 00 01 ... 29 d8 76 bc 6e 7f ff d9 [68332 bytes]
2025-04-17 21:23:09,961 - websockets.client - DEBUG - > BINARY ff d8 ff e0 00 10 4a 46 49 46 00 01 01 00 00 01 ... 34 d5 d1 4d 26 7f ff d9 [68254 bytes]
2025-04-17 21:23:10,069 - websockets.client - DEBUG - > BINARY ff d8 ff e0 00 10 4a 46 49 46 00 01 01 00 00 01 ... d3 5a ea 10 4e 4c ff d9 [68063 bytes]
2025-04-17 21:23:10,118 - websockets.client - DEBUG - < TEXT '[{"box": [127, 212, 344, 267], "is_felix": fals...": 0.4966706931591034}]' [84 bytes]
2025-04-17 21:23:10,118 - IseeYou.FelixTrackingClient - DEBUG - [RECEIVER] Frame #106: Received 1 detections (0 Felix)
2025-04-17 21:23:10,193 - websockets.client - DEBUG - > BINARY ff d8 ff e0 00 10 4a 46 49 46 00 01 01 00 00 01 ... 28 cd ae 64 b4 3f ff d9 [68233 bytes]
2025-04-17 21:23:10,303 - websockets.client - DEBUG - > BINARY ff d8 ff e0 00 10 4a 46 49 46 00 01 01 00 00 01 ... 4b 57 15 7d 86 91 ff d9 [68356 bytes]
2025-04-17 21:23:10,414 - websockets.client - DEBUG - > BINARY ff d8 ff e0 00 10 4a 46 49 46 00 01 01 00 00 01 ... 4b 57 15 7d 86 91 ff d9 [68356 bytes]
2025-04-17 21:23:10,419 - websockets.client - DEBUG - < TEXT '[{"box": [132, 213, 337, 266], "is_felix": fals...: 0.49520596861839294}]' [85 bytes]
2025-04-17 21:23:10,419 - IseeYou.FelixTrackingClient - DEBUG - [RECEIVER] Frame #107: Received 1 detections (0 Felix)
2025-04-17 21:23:10,537 - websockets.client - DEBUG - > BINARY ff d8 ff e0 00 10 4a 46 49 46 00 01 01 00 00 01 ... 72 a4 52 5a 36 cf ff d9 [68447 bytes]
2025-04-17 21:23:10,645 - websockets.client - DEBUG - > BINARY ff d8 ff e0 00 10 4a 46 49 46 00 01 01 00 00 01 ... b5 ac 35 d0 6b 43 ff d9 [67875 bytes]
2025-04-17 21:23:10,719 - websockets.client - DEBUG - < TEXT '[{"box": [118, 213, 353, 266], "is_felix": fals...: 0.49565744400024414}]' [85 bytes]
2025-04-17 21:23:10,719 - IseeYou.FelixTrackingClient - DEBUG - [RECEIVER] Frame #108: Received 1 detections (0 Felix)
2025-04-17 21:23:10,755 - websockets.client - DEBUG - > BINARY ff d8 ff e0 00 10 4a 46 49 46 00 01 01 00 00 01 ... d4 ba 8d ad 6e 7f ff d9 [67901 bytes]
2025-04-17 21:23:10,863 - websockets.client - DEBUG - > BINARY ff d8 ff e0 00 10 4a 46 49 46 00 01 01 00 00 01 ... 7f ca 52 b5 ee cf ff d9 [68170 bytes]
2025-04-17 21:23:10,866 - IseeYou.FelixTrackingClient - DEBUG - [CAPTURE] Sent frame 300 (68170 bytes)
2025-04-17 21:23:10,986 - websockets.client - DEBUG - > BINARY ff d8 ff e0 00 10 4a 46 49 46 00 01 01 00 00 01 ... ab 8b ba b7 41 a3 ff d9 [68119 bytes]
2025-04-17 21:23:11,031 - websockets.client - DEBUG - < TEXT '[{"box": [124, 212, 347, 267], "is_felix": fals...": 0.4961912930011749}]' [84 bytes]
2025-04-17 21:23:11,032 - IseeYou.FelixTrackingClient - DEBUG - [RECEIVER] Frame #109: Received 1 detections (0 Felix)
2025-04-17 21:23:11,094 - websockets.client - DEBUG - > BINARY ff d8 ff e0 00 10 4a 46 49 46 00 01 01 00 00 01 ... 7c ad d9 0e ea e7 ff d9 [68285 bytes]
2025-04-17 21:23:11,204 - websockets.client - DEBUG - > BINARY ff d8 ff e0 00 10 4a 46 49 46 00 01 01 00 00 01 ... 4e f2 dc 7b 6c 7f ff d9 [67949 bytes]
2025-04-17 21:23:11,289 - websockets.client - DEBUG - < TEXT '[{"box": [128, 212, 344, 267], "is_felix": fals...": 0.4968237578868866}]' [84 bytes]
2025-04-17 21:23:11,291 - IseeYou.FelixTrackingClient - DEBUG - [RECEIVER] Frame #110: Received 1 detections (0 Felix)
2025-04-17 21:23:11,294 - websockets.client - DEBUG - > BINARY ff d8 ff e0 00 10 4a 46 49 46 00 01 01 00 00 01 ... a7 49 f3 45 26 33 ff d9 [68084 bytes]
2025-04-17 21:23:11,408 - websockets.client - DEBUG - > BINARY ff d8 ff e0 00 10 4a 46 49 46 00 01 01 00 00 01 ... a7 49 f3 45 26 33 ff d9 [68084 bytes]
2025-04-17 21:23:11,516 - websockets.client - DEBUG - > BINARY ff d8 ff e0 00 10 4a 46 49 46 00 01 01 00 00 01 ... b4 ee 93 f3 1e e7 ff d9 [68200 bytes]
2025-04-17 21:23:11,623 - websockets.client - DEBUG - < TEXT '[{"box": [119, 213, 351, 266], "is_felix": fals...e": 0.496220201253891}]' [83 bytes]
2025-04-17 21:23:11,624 - IseeYou.FelixTrackingClient - DEBUG - [RECEIVER] Frame #111: Received 1 detections (0 Felix)
2025-04-17 21:23:11,625 - websockets.client - DEBUG - > BINARY ff d8 ff e0 00 10 4a 46 49 46 00 01 01 00 00 01 ... 44 5a 7a 31 ab a3 ff d9 [68025 bytes]
2025-04-17 21:23:11,733 - websockets.client - DEBUG - > BINARY ff d8 ff e0 00 10 4a 46 49 46 00 01 01 00 00 01 ... a9 69 26 81 2b 1f ff d9 [68250 bytes]
2025-04-17 21:23:11,857 - websockets.client - DEBUG - > BINARY ff d8 ff e0 00 10 4a 46 49 46 00 01 01 00 00 01 ... a4 d4 7e 11 bd 51 ff d9 [68441 bytes]
2025-04-17 21:23:11,886 - websockets.client - DEBUG - < TEXT '[{"box": [125, 213, 348, 266], "is_felix": fals...: 0.49663302302360535}]' [85 bytes]
2025-04-17 21:23:11,886 - IseeYou.FelixTrackingClient - DEBUG - [RECEIVER] Frame #112: Received 1 detections (0 Felix)
2025-04-17 21:23:11,964 - websockets.client - DEBUG - > BINARY ff d8 ff e0 00 10 4a 46 49 46 00 01 01 00 00 01 ... d9 6a be cd c7 a9 ff d9 [68147 bytes]
2025-04-17 21:23:12,207 - websockets.client - DEBUG - < TEXT '[{"box": [120, 213, 350, 266], "is_felix": fals...": 0.4958733916282654}]' [84 bytes]
2025-04-17 21:23:12,208 - IseeYou.FelixTrackingClient - DEBUG - [RECEIVER] Frame #113: Received 1 detections (0 Felix)
2025-04-17 21:23:12,482 - websockets.client - DEBUG - < TEXT '[{"box": [118, 213, 352, 266], "is_felix": fals...: 0.49727943539619446}]' [85 bytes]
2025-04-17 21:23:12,484 - IseeYou.FelixTrackingClient - DEBUG - [RECEIVER] Frame #114: Received 1 detections (0 Felix)
2025-04-17 21:23:12,794 - websockets.client - DEBUG - < TEXT '[{"box": [125, 212, 348, 267], "is_felix": fals...: 0.49719181656837463}]' [85 bytes]
2025-04-17 21:23:12,794 - IseeYou.FelixTrackingClient - DEBUG - [RECEIVER] Frame #115: Received 1 detections (0 Felix)
2025-04-17 21:23:13,107 - websockets.client - DEBUG - < TEXT '[{"box": [117, 214, 354, 265], "is_felix": fals...": 0.4971916079521179}]' [84 bytes]
2025-04-17 21:23:13,109 - IseeYou.FelixTrackingClient - DEBUG - [RECEIVER] Frame #116: Received 1 detections (0 Felix)
2025-04-17 21:23:13,434 - websockets.client - DEBUG - < TEXT '[{"box": [126, 213, 347, 266], "is_felix": fals...: 0.49765557050704956}]' [85 bytes]
2025-04-17 21:23:13,435 - IseeYou.FelixTrackingClient - DEBUG - [RECEIVER] Frame #117: Received 1 detections (0 Felix)
2025-04-17 21:23:13,728 - websockets.client - DEBUG - < TEXT '[{"box": [132, 214, 340, 265], "is_felix": fals...: 0.49552837014198303}]' [85 bytes]
2025-04-17 21:23:13,729 - IseeYou.FelixTrackingClient - DEBUG - [RECEIVER] Frame #118: Received 1 detections (0 Felix)
2025-04-17 21:23:14,033 - websockets.client - DEBUG - < TEXT '[{"box": [120, 212, 351, 267], "is_felix": fals...: 0.49577009677886963}]' [85 bytes]
2025-04-17 21:23:14,034 - IseeYou.FelixTrackingClient - DEBUG - [RECEIVER] Frame #119: Received 1 detections (0 Felix)
2025-04-17 21:23:14,293 - websockets.client - DEBUG - < TEXT '[{"box": [116, 213, 353, 266], "is_felix": fals...": 0.4974181652069092}]' [84 bytes]
2025-04-17 21:23:14,294 - IseeYou.FelixTrackingClient - DEBUG - [RECEIVER] Frame #120: Received 1 detections (0 Felix)
2025-04-17 21:23:14,606 - websockets.client - DEBUG - < TEXT '[{"box": [117, 213, 353, 266], "is_felix": fals...: 0.49605703353881836}]' [85 bytes]
2025-04-17 21:23:14,607 - IseeYou.FelixTrackingClient - DEBUG - [RECEIVER] Frame #121: Received 1 detections (0 Felix)
2025-04-17 21:23:14,882 - websockets.client - DEBUG - < TEXT '[{"box": [129, 214, 344, 265], "is_felix": fals...": 0.4958810806274414}]' [84 bytes]
2025-04-17 21:23:14,883 - IseeYou.FelixTrackingClient - DEBUG - [RECEIVER] Frame #122: Received 1 detections (0 Felix)
2025-04-17 21:23:15,231 - websockets.client - DEBUG - < TEXT '[{"box": [116, 213, 354, 266], "is_felix": fals...": 0.4970395565032959}]' [84 bytes]
2025-04-17 21:23:15,231 - IseeYou.FelixTrackingClient - DEBUG - [RECEIVER] Frame #123: Received 1 detections (0 Felix)
2025-04-17 21:23:15,502 - websockets.client - DEBUG - < TEXT '[{"box": [123, 213, 346, 266], "is_felix": fals...: 0.49706563353538513}]' [85 bytes]
2025-04-17 21:23:15,503 - IseeYou.FelixTrackingClient - DEBUG - [RECEIVER] Frame #124: Received 1 detections (0 Felix)
2025-04-17 21:23:15,838 - websockets.client - DEBUG - < TEXT '[{"box": [129, 213, 341, 266], "is_felix": fals...: 0.49615612626075745}]' [85 bytes]
2025-04-17 21:23:15,838 - IseeYou.FelixTrackingClient - DEBUG - [RECEIVER] Frame #125: Received 1 detections (0 Felix)
2025-04-17 21:23:16,113 - websockets.client - DEBUG - < TEXT '[{"box": [119, 213, 349, 266], "is_felix": fals...": 0.4981510043144226}]' [84 bytes]
2025-04-17 21:23:16,114 - IseeYou.FelixTrackingClient - DEBUG - [RECEIVER] Frame #126: Received 1 detections (0 Felix)
2025-04-17 21:23:16,482 - websockets.client - DEBUG - < TEXT '[{"box": [118, 212, 352, 267], "is_felix": fals...": 0.4967905282974243}]' [84 bytes]
2025-04-17 21:23:16,483 - IseeYou.FelixTrackingClient - DEBUG - [RECEIVER] Frame #127: Received 1 detections (0 Felix)
2025-04-17 21:23:16,775 - websockets.client - DEBUG - < TEXT '[{"box": [125, 213, 345, 266], "is_felix": fals...: 0.49639299511909485}]' [85 bytes]
2025-04-17 21:23:16,776 - IseeYou.FelixTrackingClient - DEBUG - [RECEIVER] Frame #128: Received 1 detections (0 Felix)
2025-04-17 21:23:17,095 - websockets.client - DEBUG - < TEXT '[{"box": [124, 213, 348, 266], "is_felix": fals...: 0.49595898389816284}]' [85 bytes]
2025-04-17 21:23:17,096 - IseeYou.FelixTrackingClient - DEBUG - [RECEIVER] Frame #129: Received 1 detections (0 Felix)
2025-04-17 21:23:17,406 - websockets.client - DEBUG - < TEXT '[{"box": [130, 213, 342, 266], "is_felix": fals...": 0.4962177872657776}]' [84 bytes]
2025-04-17 21:23:17,407 - IseeYou.FelixTrackingClient - DEBUG - [RECEIVER] Frame #130: Received 1 detections (0 Felix)
2025-04-17 21:23:17,721 - websockets.client - DEBUG - < TEXT '[{"box": [120, 213, 352, 266], "is_felix": fals...: 0.49671727418899536}]' [85 bytes]
2025-04-17 21:23:17,721 - IseeYou.FelixTrackingClient - DEBUG - [RECEIVER] Frame #131: Received 1 detections (0 Felix)
2025-04-17 21:23:17,989 - websockets.client - DEBUG - < TEXT '[{"box": [126, 213, 345, 266], "is_felix": fals...: 0.49577587842941284}]' [85 bytes]
2025-04-17 21:23:17,990 - IseeYou.FelixTrackingClient - DEBUG - [RECEIVER] Frame #132: Received 1 detections (0 Felix)
2025-04-17 21:23:18,327 - websockets.client - DEBUG - < TEXT '[{"box": [130, 212, 346, 267], "is_felix": fals...": 0.4971585273742676}]' [84 bytes]
2025-04-17 21:23:18,328 - IseeYou.FelixTrackingClient - DEBUG - [RECEIVER] Frame #133: Received 1 detections (0 Felix)
2025-04-17 21:23:18,594 - websockets.client - DEBUG - < TEXT '[{"box": [124, 214, 347, 265], "is_felix": fals...": 0.4976280629634857}]' [84 bytes]
2025-04-17 21:23:18,595 - IseeYou.FelixTrackingClient - DEBUG - [RECEIVER] Frame #134: Received 1 detections (0 Felix)
2025-04-17 21:23:18,706 - websockets.client - DEBUG - > BINARY ff d8 ff e0 00 10 4a 46 49 46 00 01 01 00 00 01 ... 4e 88 72 5c cd 1f ff d9 [69413 bytes]
2025-04-17 21:23:18,814 - websockets.client - DEBUG - > BINARY ff d8 ff e0 00 10 4a 46 49 46 00 01 01 00 00 01 ... 95 ed b8 41 2e 73 ff d9 [68975 bytes]
2025-04-17 21:23:18,924 - websockets.client - DEBUG - > BINARY ff d8 ff e0 00 10 4a 46 49 46 00 01 01 00 00 01 ... 37 74 36 a4 9e 87 ff d9 [69066 bytes]
2025-04-17 21:23:18,934 - websockets.client - DEBUG - < TEXT '[{"box": [99, 212, 372, 267], "is_felix": false...": 0.4965197741985321}]' [83 bytes]
2025-04-17 21:23:18,934 - IseeYou.FelixTrackingClient - DEBUG - [RECEIVER] Frame #135: Received 1 detections (0 Felix)
2025-04-17 21:23:19,031 - websockets.client - DEBUG - > BINARY ff d8 ff e0 00 10 4a 46 49 46 00 01 01 00 00 01 ... 37 74 36 a4 9e 87 ff d9 [69066 bytes]
2025-04-17 21:23:19,143 - websockets.client - DEBUG - > BINARY ff d8 ff e0 00 10 4a 46 49 46 00 01 01 00 00 01 ... b7 51 41 35 06 7f ff d9 [69134 bytes]
2025-04-17 21:23:19,194 - websockets.client - DEBUG - < TEXT '[{"box": [99, 212, 372, 267], "is_felix": false...": 0.4965197741985321}]' [83 bytes]
2025-04-17 21:23:19,196 - IseeYou.FelixTrackingClient - DEBUG - [RECEIVER] Frame #136: Received 1 detections (0 Felix)
2025-04-17 21:23:19,268 - websockets.client - DEBUG - > BINARY ff d8 ff e0 00 10 4a 46 49 46 00 01 01 00 00 01 ... a6 ae 87 ca af 73 ff d9 [69182 bytes]
2025-04-17 21:23:19,375 - websockets.client - DEBUG - > BINARY ff d8 ff e0 00 10 4a 46 49 46 00 01 01 00 00 01 ... 4a eb 48 be a5 1f ff d9 [69023 bytes]
2025-04-17 21:23:19,493 - websockets.client - DEBUG - < TEXT '[{"box": [120, 213, 350, 266], "is_felix": fals...": 0.4956835210323334}]' [84 bytes]
2025-04-17 21:23:19,493 - IseeYou.FelixTrackingClient - DEBUG - [RECEIVER] Frame #137: Received 1 detections (0 Felix)
2025-04-17 21:23:19,494 - websockets.client - DEBUG - > BINARY ff d8 ff e0 00 10 4a 46 49 46 00 01 01 00 00 01 ... 4b a7 00 b2 b6 a7 ff d9 [68772 bytes]
2025-04-17 21:23:19,613 - websockets.client - DEBUG - > BINARY ff d8 ff e0 00 10 4a 46 49 46 00 01 01 00 00 01 ... 69 78 84 52 6e cc ff d9 [69029 bytes]
2025-04-17 21:23:19,736 - websockets.client - DEBUG - > BINARY ff d8 ff e0 00 10 4a 46 49 46 00 01 01 00 00 01 ... d9 a4 ba 0d ab b3 ff d9 [68960 bytes]
2025-04-17 21:23:19,743 - websockets.client - DEBUG - < TEXT '[{"box": [129, 213, 343, 266], "is_felix": fals...": 0.4954296946525574}]' [84 bytes]
2025-04-17 21:23:19,743 - IseeYou.FelixTrackingClient - DEBUG - [RECEIVER] Frame #138: Received 1 detections (0 Felix)
2025-04-17 21:23:19,860 - websockets.client - DEBUG - > BINARY ff d8 ff e0 00 10 4a 46 49 46 00 01 01 00 00 01 ... e9 b8 26 da b2 3f ff d9 [68860 bytes]
2025-04-17 21:23:19,970 - websockets.client - DEBUG - > BINARY ff d8 ff e0 00 10 4a 46 49 46 00 01 01 00 00 01 ... 29 5e c8 7d 2e 7f ff d9 [68776 bytes]
2025-04-17 21:23:20,047 - websockets.client - DEBUG - < TEXT '[{"box": [130, 213, 343, 266], "is_felix": fals...: 0.49514898657798767}]' [85 bytes]
2025-04-17 21:23:20,047 - IseeYou.FelixTrackingClient - DEBUG - [RECEIVER] Frame #139: Received 1 detections (0 Felix)
2025-04-17 21:23:20,077 - websockets.client - DEBUG - > BINARY ff d8 ff e0 00 10 4a 46 49 46 00 01 01 00 00 01 ... 97 41 24 9a bb 3f ff d9 [68939 bytes]
2025-04-17 21:23:20,200 - websockets.client - DEBUG - > BINARY ff d8 ff e0 00 10 4a 46 49 46 00 01 01 00 00 01 ... ff 00 08 41 69 a9 ff d9 [68805 bytes]
2025-04-17 21:23:20,309 - websockets.client - DEBUG - > BINARY ff d8 ff e0 00 10 4a 46 49 46 00 01 01 00 00 01 ... 49 5e 9c 6e 86 7f ff d9 [68816 bytes]
2025-04-17 21:23:20,339 - websockets.client - DEBUG - < TEXT '[{"box": [124, 213, 348, 266], "is_felix": fals...: 0.49666959047317505}]' [85 bytes]
2025-04-17 21:23:20,339 - IseeYou.FelixTrackingClient - DEBUG - [RECEIVER] Frame #140: Received 1 detections (0 Felix)
2025-04-17 21:23:20,418 - websockets.client - DEBUG - > BINARY ff d8 ff e0 00 10 4a 46 49 46 00 01 01 00 00 01 ... c8 b4 11 8a db b9 ff d9 [68012 bytes]
2025-04-17 21:23:20,528 - websockets.client - DEBUG - > BINARY ff d8 ff e0 00 10 4a 46 49 46 00 01 01 00 00 01 ... e3 15 66 09 5d 58 ff d9 [68093 bytes]
2025-04-17 21:23:20,637 - websockets.client - DEBUG - > BINARY ff d8 ff e0 00 10 4a 46 49 46 00 01 01 00 00 01 ... 92 4b 61 69 cd a9 ff d9 [68624 bytes]
2025-04-17 21:23:20,640 - websockets.client - DEBUG - < TEXT '[{"box": [125, 213, 348, 266], "is_felix": fals...: 0.49688756465911865}]' [85 bytes]
2025-04-17 21:23:20,640 - IseeYou.FelixTrackingClient - DEBUG - [RECEIVER] Frame #141: Received 1 detections (0 Felix)
2025-04-17 21:23:20,747 - websockets.client - DEBUG - > BINARY ff d8 ff e0 00 10 4a 46 49 46 00 01 01 00 00 01 ... 3d 8b 85 b9 3b b3 ff d9 [68593 bytes]
2025-04-17 21:23:20,857 - websockets.client - DEBUG - > BINARY ff d8 ff e0 00 10 4a 46 49 46 00 01 01 00 00 01 ... 5b c5 25 70 5a 9f ff d9 [68658 bytes]
2025-04-17 21:23:20,948 - websockets.client - DEBUG - < TEXT '[{"box": [131, 214, 344, 265], "is_felix": fals...: 0.49612244963645935}]' [85 bytes]
2025-04-17 21:23:20,950 - IseeYou.FelixTrackingClient - DEBUG - [RECEIVER] Frame #142: Received 1 detections (0 Felix)
2025-04-17 21:23:20,952 - websockets.client - DEBUG - > BINARY ff d8 ff e0 00 10 4a 46 49 46 00 01 01 00 00 01 ... 6b 41 c1 26 fb 9f ff d9 [68721 bytes]
2025-04-17 21:23:21,061 - websockets.client - DEBUG - > BINARY ff d8 ff e0 00 10 4a 46 49 46 00 01 01 00 00 01 ... ba 97 ab 8a be a7 ff d9 [68624 bytes]
2025-04-17 21:23:21,172 - websockets.client - DEBUG - > BINARY ff d8 ff e0 00 10 4a 46 49 46 00 01 01 00 00 01 ... 90 e9 d3 f7 ee 7f ff d9 [68561 bytes]
2025-04-17 21:23:21,248 - websockets.client - DEBUG - < TEXT '[{"box": [123, 213, 358, 266], "is_felix": fals...: 0.49710512161254883}]' [85 bytes]
2025-04-17 21:23:21,249 - IseeYou.FelixTrackingClient - DEBUG - [RECEIVER] Frame #143: Received 1 detections (0 Felix)
2025-04-17 21:23:21,281 - websockets.client - DEBUG - > BINARY ff d8 ff e0 00 10 4a 46 49 46 00 01 01 00 00 01 ... 90 e9 d3 f7 ee 7f ff d9 [68561 bytes]
2025-04-17 21:23:21,390 - websockets.client - DEBUG - > BINARY ff d8 ff e0 00 10 4a 46 49 46 00 01 01 00 00 01 ... c2 8b 82 5a 4b b1 ff d9 [68624 bytes]
2025-04-17 21:23:21,524 - websockets.client - DEBUG - < TEXT '[{"box": [123, 213, 349, 266], "is_felix": fals...: 0.49774032831192017}]' [85 bytes]
2025-04-17 21:23:21,524 - IseeYou.FelixTrackingClient - DEBUG - [RECEIVER] Frame #144: Received 1 detections (0 Felix)
2025-04-17 21:23:21,830 - websockets.client - DEBUG - < TEXT '[{"box": [126, 213, 347, 266], "is_felix": fals...": 0.4949033558368683}]' [84 bytes]
2025-04-17 21:23:21,830 - IseeYou.FelixTrackingClient - DEBUG - [RECEIVER] Frame #145: Received 1 detections (0 Felix)
2025-04-17 21:23:22,090 - websockets.client - DEBUG - < TEXT '[{"box": [122, 213, 347, 266], "is_felix": fals...: 0.49607741832733154}]' [85 bytes]
2025-04-17 21:23:22,091 - IseeYou.FelixTrackingClient - DEBUG - [RECEIVER] Frame #146: Received 1 detections (0 Felix)
2025-04-17 21:23:22,396 - websockets.client - DEBUG - < TEXT '[{"box": [122, 213, 347, 266], "is_felix": fals...: 0.49607741832733154}]' [85 bytes]
2025-04-17 21:23:22,397 - IseeYou.FelixTrackingClient - DEBUG - [RECEIVER] Frame #147: Received 1 detections (0 Felix)
2025-04-17 21:23:22,704 - websockets.client - DEBUG - < TEXT '[{"box": [119, 213, 350, 266], "is_felix": fals...: 0.49661776423454285}]' [85 bytes]
2025-04-17 21:23:22,704 - IseeYou.FelixTrackingClient - DEBUG - [RECEIVER] Frame #148: Received 1 detections (0 Felix)
2025-04-17 21:23:23,004 - websockets.client - DEBUG - < TEXT '[{"box": [120, 214, 349, 265], "is_felix": fals...: 0.49538806080818176}]' [85 bytes]
2025-04-17 21:23:23,004 - IseeYou.FelixTrackingClient - DEBUG - [RECEIVER] Frame #149: Received 1 detections (0 Felix)
2025-04-17 21:23:23,154 - websockets.client - DEBUG - > BINARY ff d8 ff e0 00 10 4a 46 49 46 00 01 01 00 00 01 ... e0 1a 41 39 7b c7 ff d9 [68255 bytes]
2025-04-17 21:23:23,261 - websockets.client - DEBUG - > BINARY ff d8 ff e0 00 10 4a 46 49 46 00 01 01 00 00 01 ... 43 78 72 d9 3b 5c ff d9 [68265 bytes]
2025-04-17 21:23:23,285 - websockets.client - DEBUG - < TEXT '[{"box": [129, 213, 343, 266], "is_felix": fals...": 0.4962291717529297}]' [84 bytes]
2025-04-17 21:23:23,285 - IseeYou.FelixTrackingClient - DEBUG - [RECEIVER] Frame #150: Received 1 detections (0 Felix)
2025-04-17 21:23:23,389 - websockets.client - DEBUG - > BINARY ff d8 ff e0 00 10 4a 46 49 46 00 01 01 00 00 01 ... 0e 42 a2 df 25 91 ff d9 [68282 bytes]
2025-04-17 21:23:23,499 - websockets.client - DEBUG - > BINARY ff d8 ff e0 00 10 4a 46 49 46 00 01 01 00 00 01 ... 61 04 df bc b7 3f ff d9 [68430 bytes]
2025-04-17 21:23:23,605 - websockets.client - DEBUG - < TEXT '[{"box": [119, 213, 350, 266], "is_felix": fals...": 0.4972197115421295}]' [84 bytes]
2025-04-17 21:23:23,608 - IseeYou.FelixTrackingClient - DEBUG - [RECEIVER] Frame #151: Received 1 detections (0 Felix)
2025-04-17 21:23:23,610 - websockets.client - DEBUG - > BINARY ff d8 ff e0 00 10 4a 46 49 46 00 01 01 00 00 01 ... da c4 fb b3 56 67 ff d9 [68492 bytes]
2025-04-17 21:23:23,731 - websockets.client - DEBUG - > BINARY ff d8 ff e0 00 10 4a 46 49 46 00 01 01 00 00 01 ... d4 20 dd 27 74 7f ff d9 [68485 bytes]
2025-04-17 21:23:23,838 - websockets.client - DEBUG - > BINARY ff d8 ff e0 00 10 4a 46 49 46 00 01 01 00 00 01 ... d4 20 dd 27 74 7f ff d9 [68485 bytes]
2025-04-17 21:23:23,887 - websockets.client - DEBUG - < TEXT '[{"box": [119, 214, 352, 265], "is_felix": fals...": 0.4962681233882904}]' [84 bytes]
2025-04-17 21:23:23,888 - IseeYou.FelixTrackingClient - DEBUG - [RECEIVER] Frame #152: Received 1 detections (0 Felix)
2025-04-17 21:23:23,948 - websockets.client - DEBUG - > BINARY ff d8 ff e0 00 10 4a 46 49 46 00 01 01 00 00 01 ... d4 74 92 51 bb 3f ff d9 [68304 bytes]
2025-04-17 21:23:24,060 - websockets.client - DEBUG - > BINARY ff d8 ff e0 00 10 4a 46 49 46 00 01 01 00 00 01 ... e6 38 28 a6 a5 d8 ff d9 [68230 bytes]
2025-04-17 21:23:24,182 - websockets.client - DEBUG - > BINARY ff d8 ff e0 00 10 4a 46 49 46 00 01 01 00 00 01 ... 34 a5 16 a6 f6 67 ff d9 [68334 bytes]
2025-04-17 21:23:24,188 - websockets.client - DEBUG - < TEXT '[{"box": [117, 213, 353, 266], "is_felix": fals...": 0.4976867437362671}]' [84 bytes]
2025-04-17 21:23:24,189 - IseeYou.FelixTrackingClient - DEBUG - [RECEIVER] Frame #153: Received 1 detections (0 Felix)
2025-04-17 21:23:24,307 - websockets.client - DEBUG - > BINARY ff d8 ff e0 00 10 4a 46 49 46 00 01 01 00 00 01 ... 62 a9 45 c9 e8 8f ff d9 [68248 bytes]
2025-04-17 21:23:24,417 - websockets.client - DEBUG - > BINARY ff d8 ff e0 00 10 4a 46 49 46 00 01 01 00 00 01 ... 45 01 d9 ca d2 67 ff d9 [68501 bytes]
2025-04-17 21:23:24,480 - websockets.client - DEBUG - < TEXT '[{"box": [122, 213, 352, 266], "is_felix": fals...: 0.49653345346450806}]' [85 bytes]
2025-04-17 21:23:24,481 - IseeYou.FelixTrackingClient - DEBUG - [RECEIVER] Frame #154: Received 1 detections (0 Felix)
2025-04-17 21:23:24,526 - websockets.client - DEBUG - > BINARY ff d8 ff e0 00 10 4a 46 49 46 00 01 01 00 00 01 ... 34 69 08 ad 7b 9f ff d9 [68118 bytes]
2025-04-17 21:23:24,636 - websockets.client - DEBUG - > BINARY ff d8 ff e0 00 10 4a 46 49 46 00 01 01 00 00 01 ... 87 45 38 a5 ef 33 ff d9 [68074 bytes]
2025-04-17 21:23:24,746 - websockets.client - DEBUG - > BINARY ff d8 ff e0 00 10 4a 46 49 46 00 01 01 00 00 01 ... f4 61 06 db 9e e7 ff d9 [68134 bytes]
2025-04-17 21:23:24,811 - websockets.client - DEBUG - < TEXT '[{"box": [121, 213, 351, 266], "is_felix": fals...: 0.49486473202705383}]' [85 bytes]
2025-04-17 21:23:24,811 - IseeYou.FelixTrackingClient - DEBUG - [RECEIVER] Frame #155: Received 1 detections (0 Felix)
2025-04-17 21:23:24,855 - websockets.client - DEBUG - > BINARY ff d8 ff e0 00 10 4a 46 49 46 00 01 01 00 00 01 ... be e6 d1 85 ec d9 ff d9 [68684 bytes]
2025-04-17 21:23:24,962 - websockets.client - DEBUG - > BINARY ff d8 ff e0 00 10 4a 46 49 46 00 01 01 00 00 01 ... be e6 d1 85 ec d9 ff d9 [68684 bytes]
2025-04-17 21:23:25,070 - websockets.client - DEBUG - > BINARY ff d8 ff e0 00 10 4a 46 49 46 00 01 01 00 00 01 ... 56 34 51 8d ae 7f ff d9 [68671 bytes]
2025-04-17 21:23:25,102 - websockets.client - DEBUG - < TEXT '[{"box": [126, 213, 348, 266], "is_felix": fals...: 0.49706965684890747}]' [85 bytes]
2025-04-17 21:23:25,102 - IseeYou.FelixTrackingClient - DEBUG - [RECEIVER] Frame #156: Received 1 detections (0 Felix)
2025-04-17 21:23:25,197 - websockets.client - DEBUG - > BINARY ff d8 ff e0 00 10 4a 46 49 46 00 01 01 00 00 01 ... 29 24 8a bd de a7 ff d9 [68572 bytes]
2025-04-17 21:23:25,305 - websockets.client - DEBUG - > BINARY ff d8 ff e0 00 10 4a 46 49 46 00 01 01 00 00 01 ... 52 b6 85 5b dd b9 ff d9 [68607 bytes]
2025-04-17 21:23:25,416 - websockets.client - DEBUG - > BINARY ff d8 ff e0 00 10 4a 46 49 46 00 01 01 00 00 01 ... 79 6e 5d 38 e9 b1 ff d9 [68530 bytes]
2025-04-17 21:23:25,438 - websockets.client - DEBUG - < TEXT '[{"box": [139, 213, 336, 266], "is_felix": fals...: 0.49594977498054504}]' [85 bytes]
2025-04-17 21:23:25,439 - IseeYou.FelixTrackingClient - DEBUG - [RECEIVER] Frame #157: Received 1 detections (0 Felix)
2025-04-17 21:23:25,541 - websockets.client - DEBUG - > BINARY ff d8 ff e0 00 10 4a 46 49 46 00 01 01 00 00 01 ... 08 24 96 ad 68 7f ff d9 [68435 bytes]
2025-04-17 21:23:25,703 - websockets.client - DEBUG - < TEXT '[{"box": [129, 213, 343, 266], "is_felix": fals...: 0.49508675932884216}]' [85 bytes]
2025-04-17 21:23:25,703 - IseeYou.FelixTrackingClient - DEBUG - [RECEIVER] Frame #158: Received 1 detections (0 Felix)
2025-04-17 21:23:26,004 - websockets.client - DEBUG - < TEXT '[{"box": [134, 213, 337, 266], "is_felix": fals...: 0.49516552686691284}]' [85 bytes]
2025-04-17 21:23:26,005 - IseeYou.FelixTrackingClient - DEBUG - [RECEIVER] Frame #159: Received 1 detections (0 Felix)
2025-04-17 21:23:26,293 - websockets.client - DEBUG - < TEXT '[{"box": [120, 213, 351, 266], "is_felix": fals...: 0.49776944518089294}]' [85 bytes]
2025-04-17 21:23:26,293 - IseeYou.FelixTrackingClient - DEBUG - [RECEIVER] Frame #160: Received 1 detections (0 Felix)
2025-04-17 21:23:26,587 - websockets.client - DEBUG - < TEXT '[{"box": [130, 213, 342, 266], "is_felix": fals...e": 0.495322585105896}]' [83 bytes]
2025-04-17 21:23:26,588 - IseeYou.FelixTrackingClient - DEBUG - [RECEIVER] Frame #161: Received 1 detections (0 Felix)
2025-04-17 21:23:26,872 - websockets.client - DEBUG - < TEXT '[{"box": [122, 213, 348, 266], "is_felix": fals...": 0.4958338737487793}]' [84 bytes]
2025-04-17 21:23:26,873 - IseeYou.FelixTrackingClient - DEBUG - [RECEIVER] Frame #162: Received 1 detections (0 Felix)
2025-04-17 21:23:27,186 - websockets.client - DEBUG - < TEXT '[{"box": [120, 213, 350, 266], "is_felix": fals...": 0.4958033263683319}]' [84 bytes]
2025-04-17 21:23:27,186 - IseeYou.FelixTrackingClient - DEBUG - [RECEIVER] Frame #163: Received 1 detections (0 Felix)
2025-04-17 21:23:27,484 - websockets.client - DEBUG - < TEXT '[{"box": [127, 213, 345, 266], "is_felix": fals...: 0.49693599343299866}]' [85 bytes]
2025-04-17 21:23:27,485 - IseeYou.FelixTrackingClient - DEBUG - [RECEIVER] Frame #164: Received 1 detections (0 Felix)
2025-04-17 21:23:27,786 - websockets.client - DEBUG - < TEXT '[{"box": [126, 213, 347, 266], "is_felix": fals...: 0.49595195055007935}]' [85 bytes]
2025-04-17 21:23:27,786 - IseeYou.FelixTrackingClient - DEBUG - [RECEIVER] Frame #165: Received 1 detections (0 Felix)
2025-04-17 21:23:28,068 - websockets.client - DEBUG - < TEXT '[{"box": [127, 212, 342, 267], "is_felix": fals...": 0.4957353472709656}]' [84 bytes]
2025-04-17 21:23:28,069 - IseeYou.FelixTrackingClient - DEBUG - [RECEIVER] Frame #166: Received 1 detections (0 Felix)
2025-04-17 21:23:28,350 - websockets.client - DEBUG - < TEXT '[{"box": [118, 214, 352, 265], "is_felix": fals...": 0.4947998821735382}]' [84 bytes]
2025-04-17 21:23:28,350 - IseeYou.FelixTrackingClient - DEBUG - [RECEIVER] Frame #167: Received 1 detections (0 Felix)
2025-04-17 21:23:28,615 - websockets.client - DEBUG - < TEXT '[{"box": [118, 214, 352, 265], "is_felix": fals...": 0.4947998821735382}]' [84 bytes]
2025-04-17 21:23:28,615 - IseeYou.FelixTrackingClient - DEBUG - [RECEIVER] Frame #168: Received 1 detections (0 Felix)
2025-04-17 21:23:28,933 - websockets.client - DEBUG - < TEXT '[{"box": [125, 213, 346, 266], "is_felix": fals...": 0.4973386526107788}]' [84 bytes]
2025-04-17 21:23:28,934 - IseeYou.FelixTrackingClient - DEBUG - [RECEIVER] Frame #169: Received 1 detections (0 Felix)
2025-04-17 21:23:29,208 - websockets.client - DEBUG - < TEXT '[{"box": [124, 214, 349, 265], "is_felix": fals...: 0.49697422981262207}]' [85 bytes]
2025-04-17 21:23:29,209 - IseeYou.FelixTrackingClient - DEBUG - [RECEIVER] Frame #170: Received 1 detections (0 Felix)
2025-04-17 21:23:29,525 - websockets.client - DEBUG - < TEXT '[{"box": [118, 213, 351, 266], "is_felix": fals...": 0.4966597259044647}]' [84 bytes]
2025-04-17 21:23:29,525 - IseeYou.FelixTrackingClient - DEBUG - [RECEIVER] Frame #171: Received 1 detections (0 Felix)
2025-04-17 21:23:29,786 - websockets.client - DEBUG - < TEXT '[{"box": [120, 213, 355, 266], "is_felix": fals...": 0.4969662129878998}]' [84 bytes]
2025-04-17 21:23:29,786 - IseeYou.FelixTrackingClient - DEBUG - [RECEIVER] Frame #172: Received 1 detections (0 Felix)
2025-04-17 21:23:30,103 - websockets.client - DEBUG - < TEXT '[{"box": [119, 213, 349, 266], "is_felix": fals...": 0.4967181384563446}]' [84 bytes]
2025-04-17 21:23:30,103 - IseeYou.FelixTrackingClient - DEBUG - [RECEIVER] Frame #173: Received 1 detections (0 Felix)
2025-04-17 21:23:30,355 - websockets.client - DEBUG - < TEXT '[{"box": [121, 213, 351, 266], "is_felix": fals...e": 0.496881902217865}]' [83 bytes]
2025-04-17 21:23:30,355 - IseeYou.FelixTrackingClient - DEBUG - [RECEIVER] Frame #174: Received 1 detections (0 Felix)
2025-04-17 21:23:30,361 - websockets.client - DEBUG - < CLOSE 1011 (internal error) keepalive ping timeout [24 bytes]
2025-04-17 21:23:30,361 - websockets.client - DEBUG - > CLOSE 1011 (internal error) keepalive ping timeout [24 bytes]
2025-04-17 21:23:30,361 - websockets.client - DEBUG - = connection is CLOSING
2025-04-17 21:23:30,362 - websockets.client - DEBUG - < EOF
2025-04-17 21:23:30,362 - websockets.client - DEBUG - > EOF
2025-04-17 21:23:30,362 - websockets.client - DEBUG - = connection is CLOSED
2025-04-17 21:23:30,362 - websockets.client - DEBUG - x half-closing TCP connection
2025-04-17 21:23:40,377 - IseeYou.FelixTrackingClient - WARNING - [RECEIVER] Connection closed with error: received 1011 (internal error) keepalive ping timeout; then sent 1011 (internal error) keepalive ping timeout
2025-04-17 21:23:40,377 - websockets.client - DEBUG - ! error while sending data
Traceback (most recent call last):
  File "C:\Users\Felix\AppData\Local\Programs\Python\Python312\Lib\asyncio\windows_events.py", line 461, in finish_socket_func
    return ov.getresult()
           ^^^^^^^^^^^^^^
OSError: [WinError 64] The specified network name is no longer available

During handling of the above exception, another exception occurred:

Traceback (most recent call last):
  File "C:\Users\Felix\AppData\Local\Programs\Python\Python312\Lib\site-packages\websockets\asyncio\connection.py", line 915, in send_context
    await self.drain()
  File "C:\Users\Felix\AppData\Local\Programs\Python\Python312\Lib\site-packages\websockets\asyncio\connection.py", line 1068, in drain
    await waiter
  File "C:\Users\Felix\AppData\Local\Programs\Python\Python312\Lib\asyncio\proactor_events.py", line 386, in _loop_writing
    f.result()
  File "C:\Users\Felix\AppData\Local\Programs\Python\Python312\Lib\asyncio\windows_events.py", line 798, in _poll
    value = callback(transferred, key, ov)
            ^^^^^^^^^^^^^^^^^^^^^^^^^^^^^^
  File "C:\Users\Felix\AppData\Local\Programs\Python\Python312\Lib\asyncio\windows_events.py", line 465, in finish_socket_func
    raise ConnectionResetError(*exc.args)
ConnectionResetError: [WinError 64] The specified network name is no longer available
2025-04-17 21:23:40,382 - IseeYou.FelixTrackingClient - WARNING - Connection closed during send. Exiting capture loop.
2025-04-17 21:23:40,663 - IseeYou.FelixTrackingClient - INFO - Camera released.
2025-04-17 21:23:40,664 - IseeYou.FelixTrackingClient - INFO - Monitor detected task completion or failure.
2025-04-17 21:23:40,664 - IseeYou.FelixTrackingClient - INFO - Task 'ReceiveTask' completed normally.
2025-04-17 21:23:40,664 - IseeYou.FelixTrackingClient - WARNING - Task 'ReceiveTask' finished normally, likely due to connection closure. Will attempt reconnect.
2025-04-17 21:23:40,664 - IseeYou.FelixTrackingClient - INFO - Reconnect condition met. Proceeding to cleanup and retry.
2025-04-17 21:23:40,664 - IseeYou.FelixTrackingClient - INFO - Performing cleanup...
2025-04-17 21:23:40,664 - IseeYou.FelixTrackingClient - INFO - Waiting 5.0 seconds before retry #1...
2025-04-17 21:23:45,666 - IseeYou.FelixTrackingClient - INFO - Connection attempt 1/5 to ws://localhost:8080...
2025-04-17 21:23:45,666 - IseeYou.FelixTrackingClient - DEBUG - Attempting websocket.connect with 20.0s timeout...
2025-04-17 21:23:45,666 - websockets.client - DEBUG - = connection is CONNECTING
2025-04-17 21:23:45,668 - websockets.client - DEBUG - > GET / HTTP/1.1
2025-04-17 21:23:45,668 - websockets.client - DEBUG - > Host: localhost:8080
2025-04-17 21:23:45,668 - websockets.client - DEBUG - > Upgrade: websocket
2025-04-17 21:23:45,668 - websockets.client - DEBUG - > Connection: Upgrade
2025-04-17 21:23:45,668 - websockets.client - DEBUG - > Sec-WebSocket-Key: 766guQBa48AJ5xRYBfDrEQ==
2025-04-17 21:23:45,668 - websockets.client - DEBUG - > Sec-WebSocket-Version: 13
2025-04-17 21:23:45,668 - websockets.client - DEBUG - > Sec-WebSocket-Extensions: permessage-deflate; client_max_window_bits
2025-04-17 21:23:45,668 - websockets.client - DEBUG - > User-Agent: Python/3.12 websockets/15.0.1
2025-04-17 21:23:45,766 - websockets.client - DEBUG - < HTTP/1.1 101 Switching Protocols
2025-04-17 21:23:45,766 - websockets.client - DEBUG - < Date: Fri, 18 Apr 2025 04:23:44 GMT
2025-04-17 21:23:45,766 - websockets.client - DEBUG - < Upgrade: websocket
2025-04-17 21:23:45,766 - websockets.client - DEBUG - < Connection: Upgrade
2025-04-17 21:23:45,766 - websockets.client - DEBUG - < Sec-WebSocket-Accept: N5ISuuOW3k39wVSG607kXh32fIQ=
2025-04-17 21:23:45,766 - websockets.client - DEBUG - < Sec-WebSocket-Extensions: permessage-deflate; server_max_window_bits=12; client_max_window_bits=12
2025-04-17 21:23:45,766 - websockets.client - DEBUG - < Server: Python/3.10 websockets/15.0.1
2025-04-17 21:23:45,766 - websockets.client - DEBUG - = connection is OPEN
2025-04-17 21:23:45,766 - IseeYou.FelixTrackingClient - INFO - Connection successful! (('::1', 8080, 0, 0))
2025-04-17 21:23:45,766 - IseeYou.FelixTrackingClient - INFO - Launching client tasks (capture/send, receive)...
2025-04-17 21:23:45,766 - IseeYou.FelixTrackingClient - INFO - Monitoring client tasks...
2025-04-17 21:23:45,766 - IseeYou.FelixTrackingClient - INFO - 
=== Starting video capture ===
2025-04-17 21:52:43,357 - asyncio - DEBUG - Using proactor: IocpProactor
2025-04-17 21:52:43,358 - IseeYou.main - INFO - Starting Felix Tracking Client...
2025-04-17 21:52:43,358 - IseeYou.FelixTrackingClient - INFO - 
=== Initializing FelixTrackingClient ===
2025-04-17 21:52:43,358 - IseeYou.FelixTrackingClient - INFO - Using simple direct tracking (no ByteTrack dependency)
2025-04-17 21:52:43,358 - IseeYou.FelixTrackingClient - INFO - FelixTrackingClient initialized successfully
2025-04-17 21:52:43,358 - IseeYou.FelixTrackingClient - INFO - 
=== Testing camera access ===
2025-04-17 21:52:48,490 - IseeYou.FelixTrackingClient - INFO - Camera test successful
2025-04-17 21:52:48,490 - IseeYou.FelixTrackingClient - INFO - Connection attempt 1/5 to ws://localhost:8080...
2025-04-17 21:52:48,490 - IseeYou.FelixTrackingClient - DEBUG - Attempting websocket.connect with 20.0s timeout...
2025-04-17 21:52:48,513 - websockets.client - DEBUG - = connection is CONNECTING
2025-04-17 21:52:48,514 - websockets.client - DEBUG - > GET / HTTP/1.1
2025-04-17 21:52:48,514 - websockets.client - DEBUG - > Host: localhost:8080
2025-04-17 21:52:48,514 - websockets.client - DEBUG - > Upgrade: websocket
2025-04-17 21:52:48,514 - websockets.client - DEBUG - > Connection: Upgrade
2025-04-17 21:52:48,514 - websockets.client - DEBUG - > Sec-WebSocket-Key: Vdn7heTRTnQ3jkktePiTjw==
2025-04-17 21:52:48,514 - websockets.client - DEBUG - > Sec-WebSocket-Version: 13
2025-04-17 21:52:48,514 - websockets.client - DEBUG - > Sec-WebSocket-Extensions: permessage-deflate; client_max_window_bits
2025-04-17 21:52:48,514 - websockets.client - DEBUG - > User-Agent: Python/3.12 websockets/15.0.1
2025-04-17 21:52:48,614 - websockets.client - DEBUG - < HTTP/1.1 101 Switching Protocols
2025-04-17 21:52:48,614 - websockets.client - DEBUG - < Date: Fri, 18 Apr 2025 04:52:47 GMT
2025-04-17 21:52:48,614 - websockets.client - DEBUG - < Upgrade: websocket
2025-04-17 21:52:48,614 - websockets.client - DEBUG - < Connection: Upgrade
2025-04-17 21:52:48,614 - websockets.client - DEBUG - < Sec-WebSocket-Accept: ocZUP0Np0jfsK/S5VQM1oz4VC0s=
2025-04-17 21:52:48,614 - websockets.client - DEBUG - < Sec-WebSocket-Extensions: permessage-deflate; server_max_window_bits=12; client_max_window_bits=12
2025-04-17 21:52:48,614 - websockets.client - DEBUG - < Server: Python/3.10 websockets/15.0.1
2025-04-17 21:52:48,614 - websockets.client - DEBUG - = connection is OPEN
2025-04-17 21:52:48,615 - IseeYou.FelixTrackingClient - INFO - Connection successful! (('::1', 8080, 0, 0))
2025-04-17 21:52:48,615 - IseeYou.FelixTrackingClient - INFO - Launching client tasks (capture/send, receive)...
2025-04-17 21:52:48,615 - IseeYou.FelixTrackingClient - INFO - Monitoring client tasks...
2025-04-17 21:52:48,615 - IseeYou.FelixTrackingClient - INFO - 
=== Starting video capture ===
2025-04-17 21:52:52,988 - IseeYou.FelixTrackingClient - INFO - 
=== Starting to receive detection results ===
2025-04-17 21:52:52,991 - websockets.client - DEBUG - > BINARY ff d8 ff e0 00 10 4a 46 49 46 00 01 01 00 00 01 ... bf 64 a5 6b ec 7f ff d9 [70399 bytes]
2025-04-17 21:52:53,104 - websockets.client - DEBUG - > BINARY ff d8 ff e0 00 10 4a 46 49 46 00 01 01 00 00 01 ... be f1 30 f8 1c 4f ff d9 [70432 bytes]
2025-04-17 21:52:53,214 - websockets.client - DEBUG - > BINARY ff d8 ff e0 00 10 4a 46 49 46 00 01 01 00 00 01 ... 74 2e 29 26 9f 73 ff d9 [70675 bytes]
2025-04-17 21:52:53,325 - websockets.client - DEBUG - > BINARY ff d8 ff e0 00 10 4a 46 49 46 00 01 01 00 00 01 ... 6d 6e 4f 2b 4a ec ff d9 [70694 bytes]
2025-04-17 21:52:53,436 - websockets.client - DEBUG - > BINARY ff d8 ff e0 00 10 4a 46 49 46 00 01 01 00 00 01 ... 46 c8 14 5a 57 67 ff d9 [70514 bytes]
2025-04-17 21:52:53,544 - websockets.client - DEBUG - > BINARY ff d8 ff e0 00 10 4a 46 49 46 00 01 01 00 00 01 ... 46 2a 20 a1 36 7f ff d9 [70503 bytes]
2025-04-17 21:52:53,655 - websockets.client - DEBUG - > BINARY ff d8 ff e0 00 10 4a 46 49 46 00 01 01 00 00 01 ... 2b 14 a1 37 b2 3f ff d9 [70406 bytes]
2025-04-17 21:52:53,762 - websockets.client - DEBUG - > BINARY ff d8 ff e0 00 10 4a 46 49 46 00 01 01 00 00 01 ... 2b 14 a1 37 b2 3f ff d9 [70406 bytes]
2025-04-17 21:52:53,773 - websockets.client - DEBUG - < TEXT '[{"box": [147, 198, 402, 281], "is_felix": true...": 0.5020860433578491}]' [83 bytes]
2025-04-17 21:52:53,774 - IseeYou.FelixTrackingClient - DEBUG - [RECEIVER] Frame #1: Received 1 detections (1 Felix)
2025-04-17 21:52:53,887 - websockets.client - DEBUG - > BINARY ff d8 ff e0 00 10 4a 46 49 46 00 01 01 00 00 01 ... fc b5 4d 82 85 cf ff d9 [70490 bytes]
2025-04-17 21:52:53,994 - websockets.client - DEBUG - > BINARY ff d8 ff e0 00 10 4a 46 49 46 00 01 01 00 00 01 ... c9 f5 2a 30 7c ac ff d9 [70496 bytes]
2025-04-17 21:52:54,102 - websockets.client - DEBUG - > BINARY ff d8 ff e0 00 10 4a 46 49 46 00 01 01 00 00 01 ... a1 6a 8c 93 b2 3f ff d9 [70412 bytes]
2025-04-17 21:52:54,210 - websockets.client - DEBUG - > BINARY ff d8 ff e0 00 10 4a 46 49 46 00 01 01 00 00 01 ... 39 95 0a 73 8b b9 ff d9 [70386 bytes]
2025-04-17 21:52:54,320 - websockets.client - DEBUG - > BINARY ff d8 ff e0 00 10 4a 46 49 46 00 01 01 00 00 01 ... b2 1b a7 2e 4b 9f ff d9 [70321 bytes]
2025-04-17 21:52:54,443 - websockets.client - DEBUG - > BINARY ff d8 ff e0 00 10 4a 46 49 46 00 01 01 00 00 01 ... 6a 8b f6 4e d6 3f ff d9 [70328 bytes]
2025-04-17 21:52:54,552 - websockets.client - DEBUG - > BINARY ff d8 ff e0 00 10 4a 46 49 46 00 01 01 00 00 01 ... d4 af 66 e2 d2 3f ff d9 [70317 bytes]
2025-04-17 21:52:54,574 - websockets.client - DEBUG - < TEXT '[{"box": [145, 195, 400, 284], "is_felix": true...": 0.5006811022758484}]' [83 bytes]
2025-04-17 21:52:54,575 - IseeYou.FelixTrackingClient - DEBUG - [RECEIVER] Frame #2: Received 1 detections (1 Felix)
2025-04-17 21:52:54,660 - websockets.client - DEBUG - > BINARY ff d8 ff e0 00 10 4a 46 49 46 00 01 01 00 00 01 ... d4 af 66 e2 d2 3f ff d9 [70317 bytes]
2025-04-17 21:52:54,769 - websockets.client - DEBUG - > BINARY ff d8 ff e0 00 10 4a 46 49 46 00 01 01 00 00 01 ... e6 be cd a4 bc cf ff d9 [70318 bytes]
2025-04-17 21:52:54,878 - websockets.client - DEBUG - > BINARY ff d8 ff e0 00 10 4a 46 49 46 00 01 01 00 00 01 ... 23 4a 5c ad be 87 ff d9 [70201 bytes]
2025-04-17 21:52:54,988 - websockets.client - DEBUG - > BINARY ff d8 ff e0 00 10 4a 46 49 46 00 01 01 00 00 01 ... 43 48 52 52 5a 9f ff d9 [70306 bytes]
2025-04-17 21:52:55,096 - websockets.client - DEBUG - > BINARY ff d8 ff e0 00 10 4a 46 49 46 00 01 01 00 00 01 ... 7a 23 4f 66 ec 7f ff d9 [70258 bytes]
2025-04-17 21:52:55,206 - websockets.client - DEBUG - > BINARY ff d8 ff e0 00 10 4a 46 49 46 00 01 01 00 00 01 ... 68 ca 32 52 b6 8c ff d9 [70264 bytes]
2025-04-17 21:52:55,315 - websockets.client - DEBUG - > BINARY ff d8 ff e0 00 10 4a 46 49 46 00 01 01 00 00 01 ... 9a 34 8d 36 f6 3f ff d9 [70404 bytes]
2025-04-17 21:52:55,392 - websockets.client - DEBUG - < TEXT '[{"box": [144, 191, 398, 288], "is_felix": fals...: 0.49959903955459595}]' [85 bytes]
2025-04-17 21:52:55,392 - IseeYou.FelixTrackingClient - DEBUG - [RECEIVER] Frame #3: Received 1 detections (0 Felix)
2025-04-17 21:52:55,423 - websockets.client - DEBUG - > BINARY ff d8 ff e0 00 10 4a 46 49 46 00 01 01 00 00 01 ... fb c5 c6 9c 9a b9 ff d9 [70201 bytes]
2025-04-17 21:52:55,533 - websockets.client - DEBUG - > BINARY ff d8 ff e0 00 10 4a 46 49 46 00 01 01 00 00 01 ... a3 48 d2 e6 77 67 ff d9 [70211 bytes]
2025-04-17 21:52:55,642 - websockets.client - DEBUG - > BINARY ff d8 ff e0 00 10 4a 46 49 46 00 01 01 00 00 01 ... a3 48 d2 e6 77 67 ff d9 [70211 bytes]
2025-04-17 21:52:55,751 - websockets.client - DEBUG - > BINARY ff d8 ff e0 00 10 4a 46 49 46 00 01 01 00 00 01 ... 5d 5c d2 95 2b b3 ff d9 [70294 bytes]
2025-04-17 21:52:55,861 - websockets.client - DEBUG - > BINARY ff d8 ff e0 00 10 4a 46 49 46 00 01 01 00 00 01 ... 6b 17 ec da 57 3f ff d9 [70206 bytes]
2025-04-17 21:52:55,984 - websockets.client - DEBUG - > BINARY ff d8 ff e0 00 10 4a 46 49 46 00 01 01 00 00 01 ... b1 7e cd f2 af 33 ff d9 [70404 bytes]
2025-04-17 21:52:56,095 - websockets.client - DEBUG - > BINARY ff d8 ff e0 00 10 4a 46 49 46 00 01 01 00 00 01 ... a3 48 d3 94 92 d4 ff d9 [70111 bytes]
2025-04-17 21:52:56,169 - websockets.client - DEBUG - < TEXT '[{"box": [143, 189, 434, 290], "is_felix": true...": 0.5001166462898254}]' [83 bytes]
2025-04-17 21:52:56,169 - IseeYou.FelixTrackingClient - DEBUG - [RECEIVER] Frame #4: Received 1 detections (1 Felix)
2025-04-17 21:52:56,203 - websockets.client - DEBUG - > BINARY ff d8 ff e0 00 10 4a 46 49 46 00 01 01 00 00 01 ... d3 97 b4 4d f5 3f ff d9 [70415 bytes]
2025-04-17 21:52:56,312 - websockets.client - DEBUG - > BINARY ff d8 ff e0 00 10 4a 46 49 46 00 01 01 00 00 01 ... b6 a5 c2 94 ac 91 ff d9 [70156 bytes]
2025-04-17 21:52:56,421 - websockets.client - DEBUG - > BINARY ff d8 ff e0 00 10 4a 46 49 46 00 01 01 00 00 01 ... ec e5 18 dd ec 7f ff d9 [70051 bytes]
2025-04-17 21:52:56,532 - websockets.client - DEBUG - > BINARY ff d8 ff e0 00 10 4a 46 49 46 00 01 01 00 00 01 ... e0 8b 54 a6 f5 b1 ff d9 [70284 bytes]
2025-04-17 21:52:56,642 - websockets.client - DEBUG - > BINARY ff d8 ff e0 00 10 4a 46 49 46 00 01 01 00 00 01 ... e0 8b 54 a6 f5 b1 ff d9 [70284 bytes]
2025-04-17 21:52:56,749 - websockets.client - DEBUG - > BINARY ff d8 ff e0 00 10 4a 46 49 46 00 01 01 00 00 01 ... 95 8b f6 73 6a cc ff d9 [70193 bytes]
2025-04-17 21:52:56,859 - websockets.client - DEBUG - > BINARY ff d8 ff e0 00 10 4a 46 49 46 00 01 01 00 00 01 ... 32 e9 d3 95 ec 7f ff d9 [70389 bytes]
2025-04-17 21:52:56,967 - websockets.client - DEBUG - > BINARY ff d8 ff e0 00 10 4a 46 49 46 00 01 01 00 00 01 ... b9 a2 a5 68 b9 33 ff d9 [70222 bytes]
2025-04-17 21:52:56,972 - websockets.client - DEBUG - < TEXT '[{"box": [143, 189, 491, 290], "is_felix": true...": 0.5012871026992798}]' [83 bytes]
2025-04-17 21:52:56,972 - IseeYou.FelixTrackingClient - DEBUG - [RECEIVER] Frame #5: Received 1 detections (1 Felix)
2025-04-17 21:52:57,077 - websockets.client - DEBUG - > BINARY ff d8 ff e0 00 10 4a 46 49 46 00 01 01 00 00 01 ... 64 5c 29 c9 e8 7f ff d9 [70425 bytes]
2025-04-17 21:52:57,187 - websockets.client - DEBUG - > BINARY ff d8 ff e0 00 10 4a 46 49 46 00 01 01 00 00 01 ... 5a 2d 53 b4 6e cf ff d9 [70269 bytes]
2025-04-17 21:52:57,296 - websockets.client - DEBUG - > BINARY ff d8 ff e0 00 10 4a 46 49 46 00 01 01 00 00 01 ... 8d 15 36 95 ae 7f ff d9 [70211 bytes]
2025-04-17 21:52:57,404 - websockets.client - DEBUG - > BINARY ff d8 ff e0 00 10 4a 46 49 46 00 01 01 00 00 01 ... 59 1a 3a 6d 7b cc ff d9 [70321 bytes]
2025-04-17 21:52:57,514 - websockets.client - DEBUG - > BINARY ff d8 ff e0 00 10 4a 46 49 46 00 01 01 00 00 01 ... 59 1a 3a 6d 7b cc ff d9 [70321 bytes]
2025-04-17 21:52:57,626 - websockets.client - DEBUG - > BINARY ff d8 ff e0 00 10 4a 46 49 46 00 01 01 00 00 01 ... 17 ec e5 c9 cc 7f ff d9 [70439 bytes]
2025-04-17 21:52:57,748 - websockets.client - DEBUG - > BINARY ff d8 ff e0 00 10 4a 46 49 46 00 01 01 00 00 01 ... f5 34 8d 37 17 73 ff d9 [70321 bytes]
2025-04-17 21:52:57,764 - websockets.client - DEBUG - < TEXT '[{"box": [143, 189, 416, 290], "is_felix": true...": 0.5019268989562988}]' [83 bytes]
2025-04-17 21:52:57,764 - IseeYou.FelixTrackingClient - DEBUG - [RECEIVER] Frame #6: Received 1 detections (1 Felix)
2025-04-17 21:52:57,857 - websockets.client - DEBUG - > BINARY ff d8 ff e0 00 10 4a 46 49 46 00 01 01 00 00 01 ... a9 71 a7 ee eb b1 ff d9 [70280 bytes]
2025-04-17 21:52:57,966 - websockets.client - DEBUG - > BINARY ff d8 ff e0 00 10 4a 46 49 46 00 01 01 00 00 01 ... a8 d3 d9 c9 ab a3 ff d9 [70456 bytes]
2025-04-17 21:52:58,077 - websockets.client - DEBUG - > BINARY ff d8 ff e0 00 10 4a 46 49 46 00 01 01 00 00 01 ... 4e 3d 4d 15 2b 1f ff d9 [70224 bytes]
2025-04-17 21:52:58,197 - websockets.client - DEBUG - > BINARY ff d8 ff e0 00 10 4a 46 49 46 00 01 01 00 00 01 ... 63 48 52 93 8d cf ff d9 [70331 bytes]
2025-04-17 21:52:58,306 - websockets.client - DEBUG - > BINARY ff d8 ff e0 00 10 4a 46 49 46 00 01 01 00 00 01 ... 2a 54 b9 6d 7e a7 ff d9 [70458 bytes]
2025-04-17 21:52:58,414 - websockets.client - DEBUG - > BINARY ff d8 ff e0 00 10 4a 46 49 46 00 01 01 00 00 01 ... 6c d2 34 dd b4 3f ff d9 [70426 bytes]
2025-04-17 21:52:58,484 - websockets.client - DEBUG - < TEXT '[{"box": [144, 191, 404, 288], "is_felix": true...": 0.5014981627464294}]' [83 bytes]
2025-04-17 21:52:58,484 - IseeYou.FelixTrackingClient - DEBUG - [RECEIVER] Frame #7: Received 1 detections (1 Felix)
2025-04-17 21:52:58,538 - websockets.client - DEBUG - > BINARY ff d8 ff e0 00 10 4a 46 49 46 00 01 01 00 00 01 ... dc a8 d3 77 4b b9 ff d9 [70117 bytes]
2025-04-17 21:52:58,661 - websockets.client - DEBUG - > BINARY ff d8 ff e0 00 10 4a 46 49 46 00 01 01 00 00 01 ... dc a8 d3 77 4b b9 ff d9 [70117 bytes]
2025-04-17 21:52:58,773 - websockets.client - DEBUG - > BINARY ff d8 ff e0 00 10 4a 46 49 46 00 01 01 00 00 01 ... a1 72 a4 db 4b b1 ff d9 [70140 bytes]
2025-04-17 21:52:58,882 - websockets.client - DEBUG - > BINARY ff d8 ff e0 00 10 4a 46 49 46 00 01 01 00 00 01 ... 4d cb 70 b4 6e 7f ff d9 [70334 bytes]
2025-04-17 21:52:58,992 - websockets.client - DEBUG - > BINARY ff d8 ff e0 00 10 4a 46 49 46 00 01 01 00 00 01 ... b1 71 a5 29 c7 43 ff d9 [70276 bytes]
2025-04-17 21:52:59,102 - websockets.client - DEBUG - > BINARY ff d8 ff e0 00 10 4a 46 49 46 00 01 01 00 00 01 ... 4b 16 a9 5e 9d d1 ff d9 [70470 bytes]
2025-04-17 21:52:59,210 - websockets.client - DEBUG - > BINARY ff d8 ff e0 00 10 4a 46 49 46 00 01 01 00 00 01 ... f4 2d d3 be fa 1f ff d9 [70495 bytes]
2025-04-17 21:52:59,287 - websockets.client - DEBUG - < TEXT '[{"box": [144, 191, 404, 288], "is_felix": true...": 0.5014981627464294}]' [83 bytes]
2025-04-17 21:52:59,288 - IseeYou.FelixTrackingClient - DEBUG - [RECEIVER] Frame #8: Received 1 detections (1 Felix)
2025-04-17 21:52:59,337 - websockets.client - DEBUG - > BINARY ff d8 ff e0 00 10 4a 46 49 46 00 01 01 00 00 01 ... 91 a7 b3 93 ea 7f ff d9 [70348 bytes]
2025-04-17 21:52:59,446 - websockets.client - DEBUG - > BINARY ff d8 ff e0 00 10 4a 46 49 46 00 01 01 00 00 01 ... f5 2a 9d 25 ad cf ff d9 [70300 bytes]
2025-04-17 21:52:59,556 - websockets.client - DEBUG - > BINARY ff d8 ff e0 00 10 4a 46 49 46 00 01 01 00 00 01 ... 32 e3 4e 52 85 d1 ff d9 [70510 bytes]
2025-04-17 21:52:59,665 - websockets.client - DEBUG - > BINARY ff d8 ff e0 00 10 4a 46 49 46 00 01 01 00 00 01 ... 2d 53 9a bd d6 c7 ff d9 [70334 bytes]
2025-04-17 21:52:59,776 - websockets.client - DEBUG - > BINARY ff d8 ff e0 00 10 4a 46 49 46 00 01 01 00 00 01 ... 2d 53 9a bd d6 c7 ff d9 [70334 bytes]
2025-04-17 21:52:59,878 - websockets.client - DEBUG - < TEXT '[{"box": [143, 191, 485, 288], "is_felix": fals...: 0.49930933117866516}]' [85 bytes]
2025-04-17 21:52:59,882 - IseeYou.FelixTrackingClient - DEBUG - [RECEIVER] Frame #9: Received 1 detections (0 Felix)
2025-04-17 21:52:59,883 - websockets.client - DEBUG - > BINARY ff d8 ff e0 00 10 4a 46 49 46 00 01 01 00 00 01 ... 5b b3 45 4d de c7 ff d9 [70372 bytes]
2025-04-17 21:52:59,995 - websockets.client - DEBUG - > BINARY ff d8 ff e0 00 10 4a 46 49 46 00 01 01 00 00 01 ... b5 a1 a7 b2 71 89 ff d9 [70200 bytes]
2025-04-17 21:53:00,105 - websockets.client - DEBUG - > BINARY ff d8 ff e0 00 10 4a 46 49 46 00 01 01 00 00 01 ... 17 1a 6d d9 77 3f ff d9 [70197 bytes]
2025-04-17 21:53:00,229 - websockets.client - DEBUG - > BINARY ff d8 ff e0 00 10 4a 46 49 46 00 01 01 00 00 01 ... b1 71 a6 ed e4 7f ff d9 [70259 bytes]
2025-04-17 21:53:00,337 - websockets.client - DEBUG - > BINARY ff d8 ff e0 00 10 4a 46 49 46 00 01 01 00 00 01 ... a8 ca c5 fb 37 63 ff d9 [70393 bytes]
2025-04-17 21:53:00,445 - websockets.client - DEBUG - > BINARY ff d8 ff e0 00 10 4a 46 49 46 00 01 01 00 00 01 ... 35 8a 54 da 8d cf ff d9 [69990 bytes]
2025-04-17 21:53:00,556 - websockets.client - DEBUG - > BINARY ff d8 ff e0 00 10 4a 46 49 46 00 01 01 00 00 01 ... b4 2e 34 db b2 67 ff d9 [69768 bytes]
2025-04-17 21:53:00,570 - websockets.client - DEBUG - < TEXT '[{"box": [143, 191, 406, 288], "is_felix": fals...: 0.49952468276023865}]' [85 bytes]
2025-04-17 21:53:00,571 - IseeYou.FelixTrackingClient - DEBUG - [RECEIVER] Frame #10: Received 1 detections (0 Felix)
2025-04-17 21:53:00,681 - websockets.client - DEBUG - > BINARY ff d8 ff e0 00 10 4a 46 49 46 00 01 01 00 00 01 ... 4a 54 9c 61 7e a7 ff d9 [69963 bytes]
2025-04-17 21:53:00,787 - websockets.client - DEBUG - > BINARY ff d8 ff e0 00 10 4a 46 49 46 00 01 01 00 00 01 ... 6b 32 e1 49 a5 63 ff d9 [70122 bytes]
2025-04-17 21:53:00,898 - websockets.client - DEBUG - > BINARY ff d8 ff e0 00 10 4a 46 49 46 00 01 01 00 00 01 ... 6b 32 e1 49 a5 63 ff d9 [70122 bytes]
2025-04-17 21:53:01,022 - websockets.client - DEBUG - > BINARY ff d8 ff e0 00 10 4a 46 49 46 00 01 01 00 00 01 ... 93 69 22 9d 39 23 ff d9 [69990 bytes]
2025-04-17 21:53:01,131 - websockets.client - DEBUG - > BINARY ff d8 ff e0 00 10 4a 46 49 46 00 01 01 00 00 01 ... a4 69 ec db 57 3f ff d9 [70035 bytes]
2025-04-17 21:53:01,241 - websockets.client - DEBUG - > BINARY ff d8 ff e0 00 10 4a 46 49 46 00 01 01 00 00 01 ... bc 4b 54 a2 be 23 ff d9 [69747 bytes]
2025-04-17 21:53:01,274 - websockets.client - DEBUG - < TEXT '[{"box": [143, 191, 408, 288], "is_felix": true...": 0.5000852346420288}]' [83 bytes]
2025-04-17 21:53:01,274 - IseeYou.FelixTrackingClient - DEBUG - [RECEIVER] Frame #11: Received 1 detections (1 Felix)
2025-04-17 21:53:01,350 - websockets.client - DEBUG - > BINARY ff d8 ff e0 00 10 4a 46 49 46 00 01 01 00 00 01 ... b9 50 a6 dc 6e 7f ff d9 [70083 bytes]
2025-04-17 21:53:01,458 - websockets.client - DEBUG - > BINARY ff d8 ff e0 00 10 4a 46 49 46 00 01 01 00 00 01 ... b1 5e ce 52 57 47 ff d9 [69935 bytes]
2025-04-17 21:53:01,582 - websockets.client - DEBUG - > BINARY ff d8 ff e0 00 10 4a 46 49 46 00 01 01 00 00 01 ... 33 b1 70 a5 a5 cf ff d9 [70050 bytes]
2025-04-17 21:53:01,690 - websockets.client - DEBUG - > BINARY ff d8 ff e0 00 10 4a 46 49 46 00 01 01 00 00 01 ... 76 45 ba 4a 5b 9f ff d9 [70246 bytes]
2025-04-17 21:53:01,798 - websockets.client - DEBUG - > BINARY ff d8 ff e0 00 10 4a 46 49 46 00 01 01 00 00 01 ... 76 45 ba 4a 5b 9f ff d9 [70246 bytes]
2025-04-17 21:53:01,908 - websockets.client - DEBUG - > BINARY ff d8 ff e0 00 10 4a 46 49 46 00 01 01 00 00 01 ... 5f 34 8a f6 72 3f ff d9 [70375 bytes]
2025-04-17 21:53:01,984 - websockets.client - DEBUG - < TEXT '[{"box": [143, 190, 406, 289], "is_felix": fals...: 0.49930518865585327}]' [85 bytes]
2025-04-17 21:53:01,985 - IseeYou.FelixTrackingClient - DEBUG - [RECEIVER] Frame #12: Received 1 detections (0 Felix)
2025-04-17 21:53:02,015 - websockets.client - DEBUG - > BINARY ff d8 ff e0 00 10 4a 46 49 46 00 01 01 00 00 01 ... 59 17 ec e7 6b 9f ff d9 [70172 bytes]
2025-04-17 21:53:02,125 - websockets.client - DEBUG - > BINARY ff d8 ff e0 00 10 4a 46 49 46 00 01 01 00 00 01 ... 8b 8d 39 a5 66 7f ff d9 [69978 bytes]
2025-04-17 21:53:02,234 - websockets.client - DEBUG - > BINARY ff d8 ff e0 00 10 4a 46 49 46 00 01 01 00 00 01 ... d8 b8 d3 97 35 d1 ff d9 [69717 bytes]
2025-04-17 21:53:02,341 - websockets.client - DEBUG - > BINARY ff d8 ff e0 00 10 4a 46 49 46 00 01 01 00 00 01 ... a5 4b 9d 26 fa 9f ff d9 [69999 bytes]
2025-04-17 21:53:02,451 - websockets.client - DEBUG - > BINARY ff d8 ff e0 00 10 4a 46 49 46 00 01 01 00 00 01 ... 90 a7 36 d2 4f 73 ff d9 [70062 bytes]
2025-04-17 21:53:02,559 - websockets.client - DEBUG - > BINARY ff d8 ff e0 00 10 4a 46 49 46 00 01 01 00 00 01 ... bb 29 53 4b 45 b1 ff d9 [70111 bytes]
2025-04-17 21:53:02,667 - websockets.client - DEBUG - > BINARY ff d8 ff e0 00 10 4a 46 49 46 00 01 01 00 00 01 ... ab 33 48 d2 b6 a7 ff d9 [70028 bytes]
2025-04-17 21:53:02,771 - websockets.client - DEBUG - < TEXT '[{"box": [143, 190, 493, 289], "is_felix": fals...: 0.49978095293045044}]' [85 bytes]
2025-04-17 21:53:02,775 - IseeYou.FelixTrackingClient - DEBUG - [RECEIVER] Frame #13: Received 1 detections (0 Felix)
2025-04-17 21:53:02,776 - websockets.client - DEBUG - > BINARY ff d8 ff e0 00 10 4a 46 49 46 00 01 01 00 00 01 ... ab 33 48 d2 b6 a7 ff d9 [70028 bytes]
2025-04-17 21:53:02,885 - websockets.client - DEBUG - > BINARY ff d8 ff e0 00 10 4a 46 49 46 00 01 01 00 00 01 ... 71 b2 77 2d 53 b9 ff d9 [70028 bytes]
2025-04-17 21:53:02,994 - websockets.client - DEBUG - > BINARY ff d8 ff e0 00 10 4a 46 49 46 00 01 01 00 00 01 ... b9 4a 93 8a b2 3f ff d9 [69978 bytes]
2025-04-17 21:53:03,104 - websockets.client - DEBUG - > BINARY ff d8 ff e0 00 10 4a 46 49 46 00 01 01 00 00 01 ... a3 85 29 28 5d 1f ff d9 [69955 bytes]
2025-04-17 21:53:03,212 - websockets.client - DEBUG - > BINARY ff d8 ff e0 00 10 4a 46 49 46 00 01 01 00 00 01 ... b5 ae 5a a4 fe 47 ff d9 [69902 bytes]
2025-04-17 21:53:03,322 - websockets.client - DEBUG - > BINARY ff d8 ff e0 00 10 4a 46 49 46 00 01 01 00 00 01 ... 64 69 0a 7f 65 b3 ff d9 [69892 bytes]
2025-04-17 21:53:03,430 - websockets.client - DEBUG - > BINARY ff d8 ff e0 00 10 4a 46 49 46 00 01 01 00 00 01 ... a1 4a 9b 9b bc 8f ff d9 [70016 bytes]
2025-04-17 21:53:03,540 - websockets.client - DEBUG - > BINARY ff d8 ff e0 00 10 4a 46 49 46 00 01 01 00 00 01 ... 42 c6 90 a6 e2 7f ff d9 [70043 bytes]
2025-04-17 21:53:03,569 - websockets.client - DEBUG - < TEXT '[{"box": [142, 190, 494, 289], "is_felix": true...": 0.5012686848640442}]' [83 bytes]
2025-04-17 21:53:03,570 - IseeYou.FelixTrackingClient - DEBUG - [RECEIVER] Frame #14: Received 1 detections (1 Felix)
2025-04-17 21:53:03,628 - websockets.client - DEBUG - > PING d6 4b 0f 3e [binary, 4 bytes]
2025-04-17 21:53:03,628 - websockets.client - DEBUG - % sent keepalive ping
2025-04-17 21:53:03,664 - websockets.client - DEBUG - > BINARY ff d8 ff e0 00 10 4a 46 49 46 00 01 01 00 00 01 ... 42 c6 90 a6 e2 7f ff d9 [70043 bytes]
2025-04-17 21:53:03,773 - websockets.client - DEBUG - > BINARY ff d8 ff e0 00 10 4a 46 49 46 00 01 01 00 00 01 ... 4d 3d 93 6b 99 9f ff d9 [69937 bytes]
2025-04-17 21:53:03,880 - websockets.client - DEBUG - > BINARY ff d8 ff e0 00 10 4a 46 49 46 00 01 01 00 00 01 ... d3 b9 4a 8d a1 a9 ff d9 [69803 bytes]
2025-04-17 21:53:03,989 - websockets.client - DEBUG - > BINARY ff d8 ff e0 00 10 4a 46 49 46 00 01 01 00 00 01 ... 6a 4a e5 46 9b d8 ff d9 [69705 bytes]
2025-04-17 21:53:03,993 - IseeYou.FelixTrackingClient - DEBUG - [CAPTURE] Sent frame 100 (69705 bytes)
2025-04-17 21:53:04,097 - websockets.client - DEBUG - > BINARY ff d8 ff e0 00 10 4a 46 49 46 00 01 01 00 00 01 ... bd 8b f6 2f e2 3f ff d9 [69901 bytes]
2025-04-17 21:53:04,207 - websockets.client - DEBUG - > BINARY ff d8 ff e0 00 10 4a 46 49 46 00 01 01 00 00 01 ... 65 aa 52 70 bb 3f ff d9 [70009 bytes]
2025-04-17 21:53:04,275 - websockets.client - DEBUG - < TEXT '[{"box": [143, 190, 476, 289], "is_felix": true...": 0.5012804865837097}]' [83 bytes]
2025-04-17 21:53:04,275 - IseeYou.FelixTrackingClient - DEBUG - [RECEIVER] Frame #15: Received 1 detections (1 Felix)
2025-04-17 21:53:04,302 - websockets.client - DEBUG - > BINARY ff d8 ff e0 00 10 4a 46 49 46 00 01 01 00 00 01 ... b4 2f d9 ca 2e ec ff d9 [70107 bytes]
2025-04-17 21:53:04,412 - websockets.client - DEBUG - > BINARY ff d8 ff e0 00 10 4a 46 49 46 00 01 01 00 00 01 ... 63 48 d3 6d dd 9f ff d9 [70132 bytes]
2025-04-17 21:53:04,534 - websockets.client - DEBUG - > BINARY ff d8 ff e0 00 10 4a 46 49 46 00 01 01 00 00 01 ... 97 72 e9 d3 69 dc ff d9 [70085 bytes]
2025-04-17 21:53:04,658 - websockets.client - DEBUG - > BINARY ff d8 ff e0 00 10 4a 46 49 46 00 01 01 00 00 01 ... 6a 8d 23 4a 5d 4f ff d9 [70128 bytes]
2025-04-17 21:53:04,767 - websockets.client - DEBUG - > BINARY ff d8 ff e0 00 10 4a 46 49 46 00 01 01 00 00 01 ... 6f 22 fd 9a 6a e8 ff d9 [70397 bytes]
2025-04-17 21:53:04,877 - websockets.client - DEBUG - > BINARY ff d8 ff e0 00 10 4a 46 49 46 00 01 01 00 00 01 ... cb 64 38 d2 bb b9 ff d9 [70276 bytes]
2025-04-17 21:53:04,985 - websockets.client - DEBUG - > BINARY ff d8 ff e0 00 10 4a 46 49 46 00 01 01 00 00 01 ... 64 b4 2f d9 2e 53 ff d9 [70309 bytes]
2025-04-17 21:53:05,073 - websockets.client - DEBUG - < TEXT '[{"box": [143, 190, 476, 289], "is_felix": true...": 0.5012804865837097}]' [83 bytes]
2025-04-17 21:53:05,077 - IseeYou.FelixTrackingClient - DEBUG - [RECEIVER] Frame #16: Received 1 detections (1 Felix)
2025-04-17 21:53:05,078 - websockets.client - DEBUG - > BINARY ff d8 ff e0 00 10 4a 46 49 46 00 01 01 00 00 01 ... 9a da 94 a9 5d 9f ff d9 [70200 bytes]
2025-04-17 21:53:05,188 - websockets.client - DEBUG - > BINARY ff d8 ff e0 00 10 4a 46 49 46 00 01 01 00 00 01 ... a5 62 95 26 d3 48 ff d9 [70523 bytes]
2025-04-17 21:53:05,297 - websockets.client - DEBUG - > BINARY ff d8 ff e0 00 10 4a 46 49 46 00 01 01 00 00 01 ... 5c ae 4e 68 dd 1f ff d9 [70642 bytes]
2025-04-17 21:53:05,407 - websockets.client - DEBUG - > BINARY ff d8 ff e0 00 10 4a 46 49 46 00 01 01 00 00 01 ... e9 b9 4a 9b 6a e7 ff d9 [70518 bytes]
2025-04-17 21:53:05,514 - websockets.client - DEBUG - > BINARY ff d8 ff e0 00 10 4a 46 49 46 00 01 01 00 00 01 ... e9 b9 4a 9b 6a e7 ff d9 [70518 bytes]
2025-04-17 21:53:05,623 - websockets.client - DEBUG - > BINARY ff d8 ff e0 00 10 4a 46 49 46 00 01 01 00 00 01 ... 93 2a 14 9f 2d d9 ff d9 [70481 bytes]
2025-04-17 21:53:05,733 - websockets.client - DEBUG - > BINARY ff d8 ff e0 00 10 4a 46 49 46 00 01 01 00 00 01 ... e3 34 85 37 24 99 ff d9 [70248 bytes]
2025-04-17 21:53:05,843 - websockets.client - DEBUG - > BINARY ff d8 ff e0 00 10 4a 46 49 46 00 01 01 00 00 01 ... 6e 5b a4 d4 ad 63 ff d9 [70377 bytes]
2025-04-17 21:53:05,863 - websockets.client - DEBUG - < TEXT '[{"box": [143, 190, 404, 289], "is_felix": true...e": 0.500601053237915}]' [82 bytes]
2025-04-17 21:53:05,864 - IseeYou.FelixTrackingClient - DEBUG - [RECEIVER] Frame #17: Received 1 detections (1 Felix)
2025-04-17 21:53:05,967 - websockets.client - DEBUG - > BINARY ff d8 ff e0 00 10 4a 46 49 46 00 01 01 00 00 01 ... 2c 8a f6 72 e5 b9 ff d9 [70356 bytes]
2025-04-17 21:53:06,076 - websockets.client - DEBUG - > BINARY ff d8 ff e0 00 10 4a 46 49 46 00 01 01 00 00 01 ... 35 a6 e5 7b 39 1f ff d9 [68771 bytes]
2025-04-17 21:53:06,186 - websockets.client - DEBUG - > BINARY ff d8 ff e0 00 10 4a 46 49 46 00 01 01 00 00 01 ... 35 a6 e5 7b 39 1f ff d9 [68771 bytes]
2025-04-17 21:53:06,295 - websockets.client - DEBUG - > BINARY ff d8 ff e0 00 10 4a 46 49 46 00 01 01 00 00 01 ... 2d d2 4e 37 5b 9f ff d9 [70221 bytes]
2025-04-17 21:53:06,404 - websockets.client - DEBUG - > BINARY ff d8 ff e0 00 10 4a 46 49 46 00 01 01 00 00 01 ... 2d d2 4e 37 5b 9f ff d9 [70221 bytes]
2025-04-17 21:53:06,512 - websockets.client - DEBUG - > BINARY ff d8 ff e0 00 10 4a 46 49 46 00 01 01 00 00 01 ... 5d c7 56 57 b3 67 ff d9 [69956 bytes]
2025-04-17 21:53:06,623 - websockets.client - DEBUG - > BINARY ff d8 ff e0 00 10 4a 46 49 46 00 01 01 00 00 01 ... 4e cc a5 4f 4b 9f ff d9 [69221 bytes]
2025-04-17 21:53:06,670 - websockets.client - DEBUG - < TEXT '[{"box": [143, 190, 406, 289], "is_felix": true...": 0.5004462599754333}]' [83 bytes]
2025-04-17 21:53:06,670 - IseeYou.FelixTrackingClient - DEBUG - [RECEIVER] Frame #18: Received 1 detections (1 Felix)
2025-04-17 21:53:06,731 - websockets.client - DEBUG - > BINARY ff d8 ff e0 00 10 4a 46 49 46 00 01 01 00 00 01 ... 95 b2 d5 38 da ec ff d9 [70076 bytes]
2025-04-17 21:53:06,840 - websockets.client - DEBUG - > BINARY ff d8 ff e0 00 10 4a 46 49 46 00 01 01 00 00 01 ... 1d 11 7e cd da e7 ff d9 [70335 bytes]
2025-04-17 21:53:06,963 - websockets.client - DEBUG - > BINARY ff d8 ff e0 00 10 4a 46 49 46 00 01 01 00 00 01 ... 2b 15 1a 6e da 9f ff d9 [69846 bytes]
2025-04-17 21:53:07,074 - websockets.client - DEBUG - > BINARY ff d8 ff e0 00 10 4a 46 49 46 00 01 01 00 00 01 ... db b0 d5 39 25 63 ff d9 [69561 bytes]
2025-04-17 21:53:07,197 - websockets.client - DEBUG - > BINARY ff d8 ff e0 00 10 4a 46 49 46 00 01 01 00 00 01 ... 44 5d 3a 6d bb 9f ff d9 [69921 bytes]
2025-04-17 21:53:07,307 - websockets.client - DEBUG - > BINARY ff d8 ff e0 00 10 4a 46 49 46 00 01 01 00 00 01 ... 74 da b3 1b a5 d8 ff d9 [70058 bytes]
2025-04-17 21:53:07,415 - websockets.client - DEBUG - > BINARY ff d8 ff e0 00 10 4a 46 49 46 00 01 01 00 00 01 ... 6b 22 95 2f 77 53 ff d9 [70085 bytes]
2025-04-17 21:53:07,475 - websockets.client - DEBUG - < TEXT '[{"box": [143, 190, 408, 289], "is_felix": true...": 0.5016965270042419}]' [83 bytes]
2025-04-17 21:53:07,475 - IseeYou.FelixTrackingClient - DEBUG - [RECEIVER] Frame #19: Received 1 detections (1 Felix)
2025-04-17 21:53:07,541 - websockets.client - DEBUG - > BINARY ff d8 ff e0 00 10 4a 46 49 46 00 01 01 00 00 01 ... 6b 22 95 2f 77 53 ff d9 [70085 bytes]
2025-04-17 21:53:07,665 - websockets.client - DEBUG - > BINARY ff d8 ff e0 00 10 4a 46 49 46 00 01 01 00 00 01 ... 29 d2 b2 f7 b5 47 ff d9 [69849 bytes]
2025-04-17 21:53:07,775 - websockets.client - DEBUG - > BINARY ff d8 ff e0 00 10 4a 46 49 46 00 01 01 00 00 01 ... 2e 85 fb 37 7b 1f ff d9 [70049 bytes]
2025-04-17 21:53:07,898 - websockets.client - DEBUG - > BINARY ff d8 ff e0 00 10 4a 46 49 46 00 01 01 00 00 01 ... 2e 42 a9 d2 7f 23 ff d9 [70085 bytes]
2025-04-17 21:53:08,019 - websockets.client - DEBUG - > BINARY ff d8 ff e0 00 10 4a 46 49 46 00 01 01 00 00 01 ... 6e 8a 8d 29 72 dc ff d9 [69948 bytes]
2025-04-17 21:53:08,130 - websockets.client - DEBUG - > BINARY ff d8 ff e0 00 10 4a 46 49 46 00 01 01 00 00 01 ... b6 8b a5 4d f4 3f ff d9 [70225 bytes]
2025-04-17 21:53:08,256 - websockets.client - DEBUG - > BINARY ff d8 ff e0 00 10 4a 46 49 46 00 01 01 00 00 01 ... d9 2d 46 e0 d2 3f ff d9 [70094 bytes]
2025-04-17 21:53:08,272 - websockets.client - DEBUG - < TEXT '[{"box": [144, 190, 407, 289], "is_felix": fals...": 0.4990779757499695}]' [84 bytes]
2025-04-17 21:53:08,272 - IseeYou.FelixTrackingClient - DEBUG - [RECEIVER] Frame #20: Received 1 detections (0 Felix)
2025-04-17 21:53:08,362 - websockets.client - DEBUG - > BINARY ff d8 ff e0 00 10 4a 46 49 46 00 01 01 00 00 01 ... a5 42 9c db 4d 23 ff d9 [69994 bytes]
2025-04-17 21:53:08,471 - websockets.client - DEBUG - > BINARY ff d8 ff e0 00 10 4a 46 49 46 00 01 01 00 00 01 ... a5 42 9c db 4d 23 ff d9 [69994 bytes]
2025-04-17 21:53:08,579 - websockets.client - DEBUG - > BINARY ff d8 ff e0 00 10 4a 46 49 46 00 01 01 00 00 01 ... bf 74 bf 67 75 63 ff d9 [70210 bytes]
2025-04-17 21:53:08,691 - websockets.client - DEBUG - > BINARY ff d8 ff e0 00 10 4a 46 49 46 00 01 01 00 00 01 ... 50 63 8d 27 cc 7f ff d9 [70190 bytes]
2025-04-17 21:53:08,812 - websockets.client - DEBUG - > BINARY ff d8 ff e0 00 10 4a 46 49 46 00 01 01 00 00 01 ... 61 d2 a5 2b f3 1f ff d9 [70150 bytes]
2025-04-17 21:53:08,922 - websockets.client - DEBUG - > BINARY ff d8 ff e0 00 10 4a 46 49 46 00 01 01 00 00 01 ... 14 55 ca 54 75 b9 ff d9 [70038 bytes]
2025-04-17 21:53:09,044 - websockets.client - DEBUG - > BINARY ff d8 ff e0 00 10 4a 46 49 46 00 01 01 00 00 01 ... 5d ca 54 9a 57 3f ff d9 [70081 bytes]
2025-04-17 21:53:09,068 - websockets.client - DEBUG - < TEXT '[{"box": [144, 191, 482, 288], "is_felix": fals...": 0.4999079704284668}]' [84 bytes]
2025-04-17 21:53:09,069 - IseeYou.FelixTrackingClient - DEBUG - [RECEIVER] Frame #21: Received 1 detections (0 Felix)
2025-04-17 21:53:09,169 - websockets.client - DEBUG - > BINARY ff d8 ff e0 00 10 4a 46 49 46 00 01 01 00 00 01 ... 5e c3 85 24 f7 3f ff d9 [70206 bytes]
2025-04-17 21:53:09,278 - websockets.client - DEBUG - > BINARY ff d8 ff e0 00 10 4a 46 49 46 00 01 01 00 00 01 ... 6c a8 53 6d 5d 1f ff d9 [69927 bytes]
2025-04-17 21:53:09,387 - websockets.client - DEBUG - > BINARY ff d8 ff e0 00 10 4a 46 49 46 00 01 01 00 00 01 ... 76 45 aa 6d 2b 9f ff d9 [70182 bytes]
2025-04-17 21:53:09,496 - websockets.client - DEBUG - > BINARY ff d8 ff e0 00 10 4a 46 49 46 00 01 01 00 00 01 ... e9 d0 a8 53 96 87 ff d9 [69775 bytes]
2025-04-17 21:53:09,604 - websockets.client - DEBUG - > BINARY ff d8 ff e0 00 10 4a 46 49 46 00 01 01 00 00 01 ... a1 4a 93 6a fd 8f ff d9 [69631 bytes]
2025-04-17 21:53:09,713 - websockets.client - DEBUG - > BINARY ff d8 ff e0 00 10 4a 46 49 46 00 01 01 00 00 01 ... be 12 bd 97 2a b9 ff d9 [69769 bytes]
2025-04-17 21:53:09,824 - websockets.client - DEBUG - > BINARY ff d8 ff e0 00 10 4a 46 49 46 00 01 01 00 00 01 ... 34 df 32 6d e8 7f ff d9 [70029 bytes]
2025-04-17 21:53:09,873 - websockets.client - DEBUG - < TEXT '[{"box": [144, 190, 493, 289], "is_felix": true...e": 0.500533938407898}]' [82 bytes]
2025-04-17 21:53:09,874 - IseeYou.FelixTrackingClient - DEBUG - [RECEIVER] Frame #22: Received 1 detections (1 Felix)
2025-04-17 21:53:09,934 - websockets.client - DEBUG - > BINARY ff d8 ff e0 00 10 4a 46 49 46 00 01 01 00 00 01 ... 34 df 32 6d e8 7f ff d9 [70029 bytes]
2025-04-17 21:53:10,043 - websockets.client - DEBUG - > BINARY ff d8 ff e0 00 10 4a 46 49 46 00 01 01 00 00 01 ... 14 5f b3 93 57 3f ff d9 [70425 bytes]
2025-04-17 21:53:10,152 - websockets.client - DEBUG - > BINARY ff d8 ff e0 00 10 4a 46 49 46 00 01 01 00 00 01 ... 6f 97 41 ba 49 9f ff d9 [69832 bytes]
2025-04-17 21:53:10,264 - websockets.client - DEBUG - > BINARY ff d8 ff e0 00 10 4a 46 49 46 00 01 01 00 00 01 ... d3 56 45 aa 4d 23 ff d9 [69747 bytes]
2025-04-17 21:53:10,387 - websockets.client - DEBUG - > BINARY ff d8 ff e0 00 10 4a 46 49 46 00 01 01 00 00 01 ... 5b 15 1a 6e ca e7 ff d9 [69765 bytes]
2025-04-17 21:53:10,495 - websockets.client - DEBUG - > BINARY ff d8 ff e0 00 10 4a 46 49 46 00 01 01 00 00 01 ... d1 4e 9c 93 57 3f ff d9 [70081 bytes]
2025-04-17 21:53:10,576 - websockets.client - DEBUG - < TEXT '[{"box": [143, 190, 404, 289], "is_felix": fals...": 0.4995874762535095}]' [84 bytes]
2025-04-17 21:53:10,577 - IseeYou.FelixTrackingClient - DEBUG - [RECEIVER] Frame #23: Received 1 detections (0 Felix)
2025-04-17 21:53:10,605 - websockets.client - DEBUG - > BINARY ff d8 ff e0 00 10 4a 46 49 46 00 01 01 00 00 01 ... 22 95 3e 57 ab 3f ff d9 [70177 bytes]
2025-04-17 21:53:10,717 - websockets.client - DEBUG - > BINARY ff d8 ff e0 00 10 4a 46 49 46 00 01 01 00 00 01 ... 5c a8 d3 95 9d cf ff d9 [70244 bytes]
2025-04-17 21:53:10,842 - websockets.client - DEBUG - > BINARY ff d8 ff e0 00 10 4a 46 49 46 00 01 01 00 00 01 ... 8a 54 e5 14 9b d8 ff d9 [70077 bytes]
2025-04-17 21:53:10,964 - websockets.client - DEBUG - > BINARY ff d8 ff e0 00 10 4a 46 49 46 00 01 01 00 00 01 ... ac d1 5e c9 da e7 ff d9 [70204 bytes]
2025-04-17 21:53:11,073 - websockets.client - DEBUG - > BINARY ff d8 ff e0 00 10 4a 46 49 46 00 01 01 00 00 01 ... 64 d7 52 a3 4b a1 ff d9 [70366 bytes]
2025-04-17 21:53:11,197 - websockets.client - DEBUG - > BINARY ff d8 ff e0 00 10 4a 46 49 46 00 01 01 00 00 01 ... 7e c3 54 e4 a3 73 ff d9 [70092 bytes]
2025-04-17 21:53:11,306 - websockets.client - DEBUG - > BINARY ff d8 ff e0 00 10 4a 46 49 46 00 01 01 00 00 01 ... 72 a1 4d b9 e8 7f ff d9 [70020 bytes]
2025-04-17 21:53:11,359 - websockets.client - DEBUG - < TEXT '[{"box": [144, 190, 404, 289], "is_felix": true...": 0.5003719925880432}]' [83 bytes]
2025-04-17 21:53:11,359 - IseeYou.FelixTrackingClient - DEBUG - [RECEIVER] Frame #24: Received 1 detections (1 Felix)
2025-04-17 21:53:11,417 - websockets.client - DEBUG - > BINARY ff d8 ff e0 00 10 4a 46 49 46 00 01 01 00 00 01 ... af 66 37 4b 96 27 ff d9 [70051 bytes]
2025-04-17 21:53:11,525 - websockets.client - DEBUG - > BINARY ff d8 ff e0 00 10 4a 46 49 46 00 01 01 00 00 01 ... c5 3a 5c d1 ba 3f ff d9 [70054 bytes]
2025-04-17 21:53:11,635 - websockets.client - DEBUG - > BINARY ff d8 ff e0 00 10 4a 46 49 46 00 01 01 00 00 01 ... 95 99 4a 9a 51 b9 ff d9 [70163 bytes]
2025-04-17 21:53:11,744 - websockets.client - DEBUG - > BINARY ff d8 ff e0 00 10 4a 46 49 46 00 01 01 00 00 01 ... 5b a2 a1 09 49 5c ff d9 [70165 bytes]
2025-04-17 21:53:11,853 - websockets.client - DEBUG - > BINARY ff d8 ff e0 00 10 4a 46 49 46 00 01 01 00 00 01 ... a1 4a 9c 9f ba 7f ff d9 [70074 bytes]
2025-04-17 21:53:11,962 - websockets.client - DEBUG - > BINARY ff d8 ff e0 00 10 4a 46 49 46 00 01 01 00 00 01 ... 56 8b 85 39 28 dc ff d9 [70189 bytes]
2025-04-17 21:53:12,071 - websockets.client - DEBUG - > BINARY ff d8 ff e0 00 10 4a 46 49 46 00 01 01 00 00 01 ... 77 2e 34 da d9 9f ff d9 [70266 bytes]
2025-04-17 21:53:12,083 - websockets.client - DEBUG - < TEXT '[{"box": [144, 190, 404, 289], "is_felix": true...": 0.5003719925880432}]' [83 bytes]
2025-04-17 21:53:12,084 - IseeYou.FelixTrackingClient - DEBUG - [RECEIVER] Frame #25: Received 1 detections (1 Felix)
2025-04-17 21:53:12,197 - websockets.client - DEBUG - > BINARY ff d8 ff e0 00 10 4a 46 49 46 00 01 01 00 00 01 ... ba 68 a9 b9 2d 4f ff d9 [70015 bytes]
2025-04-17 21:53:12,319 - websockets.client - DEBUG - > BINARY ff d8 ff e0 00 10 4a 46 49 46 00 01 01 00 00 01 ... 7a 15 4e 95 4b dc ff d9 [70171 bytes]
2025-04-17 21:53:12,431 - websockets.client - DEBUG - > BINARY ff d8 ff e0 00 10 4a 46 49 46 00 01 01 00 00 01 ... 2f 21 aa 72 b5 d9 ff d9 [70133 bytes]
2025-04-17 21:53:12,540 - websockets.client - DEBUG - > BINARY ff d8 ff e0 00 10 4a 46 49 46 00 01 01 00 00 01 ... 89 5d 15 ec df 73 ff d9 [69946 bytes]
2025-04-17 21:53:12,653 - websockets.client - DEBUG - > BINARY ff d8 ff e0 00 10 4a 46 49 46 00 01 01 00 00 01 ... d2 2a 34 a4 95 d9 ff d9 [70115 bytes]
2025-04-17 21:53:12,775 - websockets.client - DEBUG - > BINARY ff d8 ff e0 00 10 4a 46 49 46 00 01 01 00 00 01 ... 6c 52 a6 d2 bb d8 ff d9 [70073 bytes]
2025-04-17 21:53:12,791 - websockets.client - DEBUG - < TEXT '[{"box": [144, 190, 403, 289], "is_felix": fals...": 0.4991739094257355}]' [84 bytes]
2025-04-17 21:53:12,792 - IseeYou.FelixTrackingClient - DEBUG - [RECEIVER] Frame #26: Received 1 detections (0 Felix)
2025-04-17 21:53:12,884 - websockets.client - DEBUG - > BINARY ff d8 ff e0 00 10 4a 46 49 46 00 01 01 00 00 01 ... d5 38 ab 94 e9 5c ff d9 [70265 bytes]
2025-04-17 21:53:12,995 - websockets.client - DEBUG - > BINARY ff d8 ff e0 00 10 4a 46 49 46 00 01 01 00 00 01 ... d5 38 ab 94 e9 5c ff d9 [70265 bytes]
2025-04-17 21:53:13,104 - websockets.client - DEBUG - > BINARY ff d8 ff e0 00 10 4a 46 49 46 00 01 01 00 00 01 ... ee 52 a7 29 47 53 ff d9 [70058 bytes]
2025-04-17 21:53:13,212 - websockets.client - DEBUG - > BINARY ff d8 ff e0 00 10 4a 46 49 46 00 01 01 00 00 01 ... 2f 42 95 39 24 7f ff d9 [70008 bytes]
2025-04-17 21:53:13,325 - websockets.client - DEBUG - > BINARY ff d8 ff e0 00 10 4a 46 49 46 00 01 01 00 00 01 ... ae 57 23 e5 e6 3f ff d9 [70119 bytes]
2025-04-17 21:53:13,433 - websockets.client - DEBUG - > BINARY ff d8 ff e0 00 10 4a 46 49 46 00 01 01 00 00 01 ... dd 87 4e 12 96 87 ff d9 [70259 bytes]
2025-04-17 21:53:13,543 - websockets.client - DEBUG - > BINARY ff d8 ff e0 00 10 4a 46 49 46 00 01 01 00 00 01 ... 7b ab 61 ba 6d 48 ff d9 [70330 bytes]
2025-04-17 21:53:13,575 - websockets.client - DEBUG - < TEXT '[{"box": [144, 189, 405, 290], "is_felix": true...": 0.5010448694229126}]' [83 bytes]
2025-04-17 21:53:13,575 - IseeYou.FelixTrackingClient - DEBUG - [RECEIVER] Frame #27: Received 1 detections (1 Felix)
2025-04-17 21:53:13,653 - websockets.client - DEBUG - > BINARY ff d8 ff e0 00 10 4a 46 49 46 00 01 01 00 00 01 ... 4a 54 f9 52 f3 3f ff d9 [70158 bytes]
2025-04-17 21:53:13,761 - websockets.client - DEBUG - > BINARY ff d8 ff e0 00 10 4a 46 49 46 00 01 01 00 00 01 ... 4b 71 aa 72 50 b9 ff d9 [70098 bytes]
2025-04-17 21:53:14,371 - websockets.client - DEBUG - < TEXT '[{"box": [144, 191, 488, 288], "is_felix": true...": 0.5011788606643677}]' [83 bytes]
2025-04-17 21:53:14,372 - IseeYou.FelixTrackingClient - DEBUG - [RECEIVER] Frame #28: Received 1 detections (1 Felix)
2025-04-17 21:53:15,171 - websockets.client - DEBUG - < TEXT '[{"box": [143, 190, 407, 289], "is_felix": true...": 0.5007723569869995}]' [83 bytes]
2025-04-17 21:53:15,172 - IseeYou.FelixTrackingClient - DEBUG - [RECEIVER] Frame #29: Received 1 detections (1 Felix)
2025-04-17 21:53:15,975 - websockets.client - DEBUG - < TEXT '[{"box": [144, 189, 405, 290], "is_felix": true...": 0.5007926225662231}]' [83 bytes]
2025-04-17 21:53:15,976 - IseeYou.FelixTrackingClient - DEBUG - [RECEIVER] Frame #30: Received 1 detections (1 Felix)
2025-04-17 21:53:15,976 - websockets.client - DEBUG - < PING 97 97 b6 ce [binary, 4 bytes]
2025-04-17 21:53:15,976 - websockets.client - DEBUG - > PONG 97 97 b6 ce [binary, 4 bytes]
2025-04-17 21:53:16,091 - websockets.client - DEBUG - > BINARY ff d8 ff e0 00 10 4a 46 49 46 00 01 01 00 00 01 ... d9 15 18 39 3b a3 ff d9 [70104 bytes]
2025-04-17 21:53:16,199 - websockets.client - DEBUG - > BINARY ff d8 ff e0 00 10 4a 46 49 46 00 01 01 00 00 01 ... d9 15 18 39 3b a3 ff d9 [70104 bytes]
2025-04-17 21:53:16,309 - websockets.client - DEBUG - > BINARY ff d8 ff e0 00 10 4a 46 49 46 00 01 01 00 00 01 ... c5 7b 35 1f 79 9f ff d9 [70073 bytes]
2025-04-17 21:53:16,418 - websockets.client - DEBUG - > BINARY ff d8 ff e0 00 10 4a 46 49 46 00 01 01 00 00 01 ... 57 b3 9c 7d e5 b9 ff d9 [70217 bytes]
2025-04-17 21:53:16,531 - websockets.client - DEBUG - > BINARY ff d8 ff e0 00 10 4a 46 49 46 00 01 01 00 00 01 ... bd 06 a9 b5 4e e7 ff d9 [70081 bytes]
2025-04-17 21:53:16,641 - websockets.client - DEBUG - > BINARY ff d8 ff e0 00 10 4a 46 49 46 00 01 01 00 00 01 ... c3 8d 39 25 74 7f ff d9 [70006 bytes]
2025-04-17 21:53:16,764 - websockets.client - DEBUG - > BINARY ff d8 ff e0 00 10 4a 46 49 46 00 01 01 00 00 01 ... 0d b6 29 42 ea e7 ff d9 [70058 bytes]
2025-04-17 21:53:16,771 - websockets.client - DEBUG - < TEXT '[{"box": [144, 190, 486, 289], "is_felix": true...": 0.5003568530082703}]' [83 bytes]
2025-04-17 21:53:16,771 - IseeYou.FelixTrackingClient - DEBUG - [RECEIVER] Frame #31: Received 1 detections (1 Felix)
2025-04-17 21:53:16,890 - websockets.client - DEBUG - > BINARY ff d8 ff e0 00 10 4a 46 49 46 00 01 01 00 00 01 ... 71 d0 a7 4e 49 1f ff d9 [70007 bytes]
2025-04-17 21:53:17,000 - websockets.client - DEBUG - > BINARY ff d8 ff e0 00 10 4a 46 49 46 00 01 01 00 00 01 ... 76 1c 69 d4 5a 23 ff d9 [70168 bytes]
2025-04-17 21:53:17,108 - websockets.client - DEBUG - > BINARY ff d8 ff e0 00 10 4a 46 49 46 00 01 01 00 00 01 ... 62 a3 09 49 36 8f ff d9 [70079 bytes]
2025-04-17 21:53:17,219 - websockets.client - DEBUG - > BINARY ff d8 ff e0 00 10 4a 46 49 46 00 01 01 00 00 01 ... 18 c8 bf 67 2e e7 ff d9 [70071 bytes]
2025-04-17 21:53:17,343 - websockets.client - DEBUG - > BINARY ff d8 ff e0 00 10 4a 46 49 46 00 01 01 00 00 01 ... 18 c8 bf 67 2e e7 ff d9 [70071 bytes]
2025-04-17 21:53:17,465 - websockets.client - DEBUG - > BINARY ff d8 ff e0 00 10 4a 46 49 46 00 01 01 00 00 01 ... 2a 9d 39 46 d2 3f ff d9 [70061 bytes]
2025-04-17 21:53:17,468 - IseeYou.FelixTrackingClient - DEBUG - [CAPTURE] Sent frame 200 (70061 bytes)
2025-04-17 21:53:17,573 - websockets.client - DEBUG - < TEXT '[{"box": [145, 190, 404, 289], "is_felix": true...": 0.5001066327095032}]' [83 bytes]
2025-04-17 21:53:17,574 - IseeYou.FelixTrackingClient - DEBUG - [RECEIVER] Frame #32: Received 1 detections (1 Felix)
2025-04-17 21:53:17,574 - websockets.client - DEBUG - > BINARY ff d8 ff e0 00 10 4a 46 49 46 00 01 01 00 00 01 ... 9b 0d 53 6a 37 b9 ff d9 [70041 bytes]
2025-04-17 21:53:17,684 - websockets.client - DEBUG - > BINARY ff d8 ff e0 00 10 4a 46 49 46 00 01 01 00 00 01 ... 9a f1 1a a6 e5 b9 ff d9 [69753 bytes]
2025-04-17 21:53:17,793 - websockets.client - DEBUG - > BINARY ff d8 ff e0 00 10 4a 46 49 46 00 01 01 00 00 01 ... a3 05 4d b9 73 58 ff d9 [70073 bytes]
2025-04-17 21:53:17,903 - websockets.client - DEBUG - > BINARY ff d8 ff e0 00 10 4a 46 49 46 00 01 01 00 00 01 ... da 20 e0 e0 ae 7f ff d9 [70135 bytes]
2025-04-17 21:53:18,012 - websockets.client - DEBUG - > BINARY ff d8 ff e0 00 10 4a 46 49 46 00 01 01 00 00 01 ... 11 50 84 9c 74 67 ff d9 [70112 bytes]
2025-04-17 21:53:18,136 - websockets.client - DEBUG - > BINARY ff d8 ff e0 00 10 4a 46 49 46 00 01 01 00 00 01 ... d2 ba 0f 67 3b 1f ff d9 [69991 bytes]
2025-04-17 21:53:18,247 - websockets.client - DEBUG - > BINARY ff d8 ff e0 00 10 4a 46 49 46 00 01 01 00 00 01 ... a8 53 69 fb db 1f ff d9 [70012 bytes]
2025-04-17 21:53:18,370 - websockets.client - DEBUG - > BINARY ff d8 ff e0 00 10 4a 46 49 46 00 01 01 00 00 01 ... 53 41 1a 69 ea 7f ff d9 [70106 bytes]
2025-04-17 21:53:18,374 - websockets.client - DEBUG - < TEXT '[{"box": [143, 190, 443, 289], "is_felix": true...": 0.5001226663589478}]' [83 bytes]
2025-04-17 21:53:18,374 - IseeYou.FelixTrackingClient - DEBUG - [RECEIVER] Frame #33: Received 1 detections (1 Felix)
2025-04-17 21:53:18,494 - websockets.client - DEBUG - > BINARY ff d8 ff e0 00 10 4a 46 49 46 00 01 01 00 00 01 ... 5d 0d 53 9b d1 23 ff d9 [70107 bytes]
2025-04-17 21:53:18,604 - websockets.client - DEBUG - > BINARY ff d8 ff e0 00 10 4a 46 49 46 00 01 01 00 00 01 ... 5d 0d 53 9b d1 23 ff d9 [70107 bytes]
2025-04-17 21:53:18,713 - websockets.client - DEBUG - > BINARY ff d8 ff e0 00 10 4a 46 49 46 00 01 01 00 00 01 ... b9 1a b2 2b 91 d8 ff d9 [70110 bytes]
2025-04-17 21:53:18,835 - websockets.client - DEBUG - > BINARY ff d8 ff e0 00 10 4a 46 49 46 00 01 01 00 00 01 ... e8 57 b3 f7 ac 8f ff d9 [70345 bytes]
2025-04-17 21:53:18,944 - websockets.client - DEBUG - > BINARY ff d8 ff e0 00 10 4a 46 49 46 00 01 01 00 00 01 ... c6 c5 72 25 2b 9f ff d9 [69890 bytes]
2025-04-17 21:53:19,052 - websockets.client - DEBUG - > BINARY ff d8 ff e0 00 10 4a 46 49 46 00 01 01 00 00 01 ... d3 b2 1c 21 2b 5c ff d9 [69897 bytes]
2025-04-17 21:53:19,095 - websockets.client - DEBUG - < TEXT '[{"box": [143, 190, 443, 289], "is_felix": true...": 0.5001226663589478}]' [83 bytes]
2025-04-17 21:53:19,095 - IseeYou.FelixTrackingClient - DEBUG - [RECEIVER] Frame #34: Received 1 detections (1 Felix)
2025-04-17 21:53:19,160 - websockets.client - DEBUG - > BINARY ff d8 ff e0 00 10 4a 46 49 46 00 01 01 00 00 01 ... 49 32 9c 1a 57 67 ff d9 [69811 bytes]
2025-04-17 21:53:19,967 - websockets.client - DEBUG - < TEXT '[{"box": [144, 190, 405, 289], "is_felix": true...": 0.5004763007164001}]' [83 bytes]
2025-04-17 21:53:19,967 - IseeYou.FelixTrackingClient - DEBUG - [RECEIVER] Frame #35: Received 1 detections (1 Felix)
2025-04-17 21:53:20,767 - websockets.client - DEBUG - < TEXT '[{"box": [143, 190, 405, 289], "is_felix": true...": 0.5005437731742859}]' [83 bytes]
2025-04-17 21:53:20,768 - IseeYou.FelixTrackingClient - DEBUG - [RECEIVER] Frame #36: Received 1 detections (1 Felix)
2025-04-17 21:53:21,570 - websockets.client - DEBUG - < TEXT '[{"box": [144, 190, 407, 289], "is_felix": true...e": 0.501185953617096}]' [82 bytes]
2025-04-17 21:53:21,571 - IseeYou.FelixTrackingClient - DEBUG - [RECEIVER] Frame #37: Received 1 detections (1 Felix)
2025-04-17 21:53:22,384 - websockets.client - DEBUG - < TEXT '[{"box": [143, 190, 406, 289], "is_felix": true...": 0.5009329319000244}]' [83 bytes]
2025-04-17 21:53:22,384 - IseeYou.FelixTrackingClient - DEBUG - [RECEIVER] Frame #38: Received 1 detections (1 Felix)
2025-04-17 21:53:23,171 - websockets.client - DEBUG - < TEXT '[{"box": [144, 190, 408, 289], "is_felix": true...": 0.5003287196159363}]' [83 bytes]
2025-04-17 21:53:23,172 - IseeYou.FelixTrackingClient - DEBUG - [RECEIVER] Frame #39: Received 1 detections (1 Felix)
2025-04-17 21:53:23,973 - websockets.client - DEBUG - < TEXT '[{"box": [143, 189, 407, 290], "is_felix": true...": 0.5004091858863831}]' [83 bytes]
2025-04-17 21:53:23,973 - IseeYou.FelixTrackingClient - DEBUG - [RECEIVER] Frame #40: Received 1 detections (1 Felix)
2025-04-17 21:53:24,772 - websockets.client - DEBUG - < TEXT '[{"box": [144, 189, 408, 290], "is_felix": true...": 0.5007184743881226}]' [83 bytes]
2025-04-17 21:53:24,772 - IseeYou.FelixTrackingClient - DEBUG - [RECEIVER] Frame #41: Received 1 detections (1 Felix)
2025-04-17 21:53:25,570 - websockets.client - DEBUG - < TEXT '[{"box": [144, 189, 408, 290], "is_felix": true...": 0.5007184743881226}]' [83 bytes]
2025-04-17 21:53:25,571 - IseeYou.FelixTrackingClient - DEBUG - [RECEIVER] Frame #42: Received 1 detections (1 Felix)
2025-04-17 21:53:26,373 - websockets.client - DEBUG - < TEXT '[{"box": [143, 190, 490, 289], "is_felix": true...": 0.5004221796989441}]' [83 bytes]
2025-04-17 21:53:26,374 - IseeYou.FelixTrackingClient - DEBUG - [RECEIVER] Frame #43: Received 1 detections (1 Felix)
2025-04-17 21:53:27,181 - websockets.client - DEBUG - < TEXT '[{"box": [144, 189, 461, 290], "is_felix": true...": 0.5014204978942871}]' [83 bytes]
2025-04-17 21:53:27,181 - IseeYou.FelixTrackingClient - DEBUG - [RECEIVER] Frame #44: Received 1 detections (1 Felix)
2025-04-17 21:53:27,972 - websockets.client - DEBUG - < TEXT '[{"box": [142, 189, 482, 290], "is_felix": true...e": 0.500865638256073}]' [82 bytes]
2025-04-17 21:53:27,972 - IseeYou.FelixTrackingClient - DEBUG - [RECEIVER] Frame #45: Received 1 detections (1 Felix)
2025-04-17 21:53:28,786 - websockets.client - DEBUG - < TEXT '[{"box": [145, 190, 489, 289], "is_felix": true...": 0.5004557967185974}]' [83 bytes]
2025-04-17 21:53:28,786 - IseeYou.FelixTrackingClient - DEBUG - [RECEIVER] Frame #46: Received 1 detections (1 Felix)
2025-04-17 21:53:29,572 - websockets.client - DEBUG - < TEXT '[{"box": [144, 189, 404, 290], "is_felix": fals...: 0.49993041157722473}]' [85 bytes]
2025-04-17 21:53:29,572 - IseeYou.FelixTrackingClient - DEBUG - [RECEIVER] Frame #47: Received 1 detections (0 Felix)
2025-04-17 21:53:30,370 - websockets.client - DEBUG - < TEXT '[{"box": [145, 190, 491, 289], "is_felix": fals...: 0.49946272373199463}]' [85 bytes]
2025-04-17 21:53:30,371 - IseeYou.FelixTrackingClient - DEBUG - [RECEIVER] Frame #48: Received 1 detections (0 Felix)
2025-04-17 21:53:31,168 - websockets.client - DEBUG - < TEXT '[{"box": [144, 189, 483, 290], "is_felix": true...e": 0.500976026058197}]' [82 bytes]
2025-04-17 21:53:31,168 - IseeYou.FelixTrackingClient - DEBUG - [RECEIVER] Frame #49: Received 1 detections (1 Felix)
2025-04-17 21:53:31,883 - websockets.client - DEBUG - < TEXT '[{"box": [144, 190, 404, 289], "is_felix": true...": 0.5005488395690918}]' [83 bytes]
2025-04-17 21:53:31,883 - IseeYou.FelixTrackingClient - DEBUG - [RECEIVER] Frame #50: Received 1 detections (1 Felix)
2025-04-17 21:53:32,774 - websockets.client - DEBUG - < TEXT '[{"box": [144, 189, 407, 290], "is_felix": true...": 0.5006269216537476}]' [83 bytes]
2025-04-17 21:53:32,776 - IseeYou.FelixTrackingClient - DEBUG - [RECEIVER] Frame #51: Received 1 detections (1 Felix)
2025-04-17 21:53:33,569 - websockets.client - DEBUG - < TEXT '[{"box": [144, 189, 407, 290], "is_felix": true...": 0.5006269216537476}]' [83 bytes]
2025-04-17 21:53:33,570 - IseeYou.FelixTrackingClient - DEBUG - [RECEIVER] Frame #52: Received 1 detections (1 Felix)
2025-04-17 21:53:34,280 - websockets.client - DEBUG - < TEXT '[{"box": [143, 189, 408, 290], "is_felix": true...": 0.5000910758972168}]' [83 bytes]
2025-04-17 21:53:34,281 - IseeYou.FelixTrackingClient - DEBUG - [RECEIVER] Frame #53: Received 1 detections (1 Felix)
2025-04-17 21:53:34,392 - websockets.client - DEBUG - > BINARY ff d8 ff e0 00 10 4a 46 49 46 00 01 01 00 00 01 ... 2d 4a 8c 2f e6 7f ff d9 [69798 bytes]
2025-04-17 21:53:34,514 - websockets.client - DEBUG - > BINARY ff d8 ff e0 00 10 4a 46 49 46 00 01 01 00 00 01 ... 17 1a 6e cd f6 3f ff d9 [70140 bytes]
2025-04-17 21:53:34,625 - websockets.client - DEBUG - > BINARY ff d8 ff e0 00 10 4a 46 49 46 00 01 01 00 00 01 ... 5b 14 a9 b4 ee 8f ff d9 [70113 bytes]
2025-04-17 21:53:34,747 - websockets.client - DEBUG - > BINARY ff d8 ff e0 00 10 4a 46 49 46 00 01 01 00 00 01 ... 95 22 e3 09 4b 63 ff d9 [70045 bytes]
2025-04-17 21:53:34,855 - websockets.client - DEBUG - > BINARY ff d8 ff e0 00 10 4a 46 49 46 00 01 01 00 00 01 ... 17 ca d1 7e cd c4 ff d9 [69830 bytes]
2025-04-17 21:53:34,966 - websockets.client - DEBUG - > BINARY ff d8 ff e0 00 10 4a 46 49 46 00 01 01 00 00 01 ... 32 e4 ba 1a 83 47 ff d9 [70133 bytes]
2025-04-17 21:53:34,988 - websockets.client - DEBUG - < TEXT '[{"box": [143, 189, 406, 290], "is_felix": true...": 0.5015260577201843}]' [83 bytes]
2025-04-17 21:53:34,988 - IseeYou.FelixTrackingClient - DEBUG - [RECEIVER] Frame #54: Received 1 detections (1 Felix)
2025-04-17 21:53:35,089 - websockets.client - DEBUG - > BINARY ff d8 ff e0 00 10 4a 46 49 46 00 01 01 00 00 01 ... 35 1d 8a f6 5a dc ff d9 [70015 bytes]
2025-04-17 21:53:35,200 - websockets.client - DEBUG - > BINARY ff d8 ff e0 00 10 4a 46 49 46 00 01 01 00 00 01 ... 42 d5 34 d2 bf 43 ff d9 [70089 bytes]
2025-04-17 21:53:35,323 - websockets.client - DEBUG - > BINARY ff d8 ff e0 00 10 4a 46 49 46 00 01 01 00 00 01 ... b4 57 b3 7c b6 67 ff d9 [69849 bytes]
2025-04-17 21:53:35,432 - websockets.client - DEBUG - > BINARY ff d8 ff e0 00 10 4a 46 49 46 00 01 01 00 00 01 ... ec 54 60 da b3 3f ff d9 [69873 bytes]
2025-04-17 21:53:35,542 - websockets.client - DEBUG - > BINARY ff d8 ff e0 00 10 4a 46 49 46 00 01 01 00 00 01 ... ec 54 60 da b3 3f ff d9 [69873 bytes]
2025-04-17 21:53:35,650 - websockets.client - DEBUG - > BINARY ff d8 ff e0 00 10 4a 46 49 46 00 01 01 00 00 01 ... f1 4c b8 c1 f2 9f ff d9 [69885 bytes]
2025-04-17 21:53:35,759 - websockets.client - DEBUG - > BINARY ff d8 ff e0 00 10 4a 46 49 46 00 01 01 00 00 01 ... 26 93 b9 50 83 3f ff d9 [69955 bytes]
2025-04-17 21:53:35,870 - websockets.client - DEBUG - > BINARY ff d8 ff e0 00 10 4a 46 49 46 00 01 01 00 00 01 ... 64 e2 53 83 8b d4 ff d9 [70002 bytes]
2025-04-17 21:53:35,879 - websockets.client - DEBUG - < TEXT '[{"box": [143, 189, 409, 290], "is_felix": true...": 0.5008108019828796}]' [83 bytes]
2025-04-17 21:53:35,880 - IseeYou.FelixTrackingClient - DEBUG - [RECEIVER] Frame #55: Received 1 detections (1 Felix)
2025-04-17 21:53:35,995 - websockets.client - DEBUG - > BINARY ff d8 ff e0 00 10 4a 46 49 46 00 01 01 00 00 01 ... 69 ec 53 8d 9d 8f ff d9 [70048 bytes]
2025-04-17 21:53:36,103 - websockets.client - DEBUG - > BINARY ff d8 ff e0 00 10 4a 46 49 46 00 01 01 00 00 01 ... 65 6e 81 1a 6d 1f ff d9 [70032 bytes]
2025-04-17 21:53:36,213 - websockets.client - DEBUG - > BINARY ff d8 ff e0 00 10 4a 46 49 46 00 01 01 00 00 01 ... 68 ae 81 0a 77 d4 ff d9 [69917 bytes]
2025-04-17 21:53:36,321 - websockets.client - DEBUG - > BINARY ff d8 ff e0 00 10 4a 46 49 46 00 01 01 00 00 01 ... 92 b6 a3 e4 96 ec ff d9 [69955 bytes]
2025-04-17 21:53:36,445 - websockets.client - DEBUG - > BINARY ff d8 ff e0 00 10 4a 46 49 46 00 01 01 00 00 01 ... ab a2 94 65 05 73 ff d9 [69793 bytes]
2025-04-17 21:53:36,555 - websockets.client - DEBUG - > BINARY ff d8 ff e0 00 10 4a 46 49 46 00 01 01 00 00 01 ... e5 48 b5 0b 3b 1f ff d9 [69731 bytes]
2025-04-17 21:53:36,678 - websockets.client - DEBUG - < TEXT '[{"box": [143, 189, 491, 290], "is_felix": true...": 0.5004516243934631}]' [83 bytes]
2025-04-17 21:53:36,679 - websockets.client - DEBUG - > BINARY ff d8 ff e0 00 10 4a 46 49 46 00 01 01 00 00 01 ... 92 34 8c 27 1d cf ff d9 [69816 bytes]
2025-04-17 21:53:36,682 - IseeYou.FelixTrackingClient - DEBUG - [RECEIVER] Frame #56: Received 1 detections (1 Felix)
2025-04-17 21:53:36,802 - websockets.client - DEBUG - > BINARY ff d8 ff e0 00 10 4a 46 49 46 00 01 01 00 00 01 ... 5a a2 fd 96 ab 53 ff d9 [69954 bytes]
2025-04-17 21:53:36,909 - websockets.client - DEBUG - > BINARY ff d8 ff e0 00 10 4a 46 49 46 00 01 01 00 00 01 ... 96 c5 38 36 ef 13 ff d9 [69790 bytes]
2025-04-17 21:53:37,473 - websockets.client - DEBUG - < TEXT '[{"box": [144, 189, 406, 290], "is_felix": true...": 0.5000937581062317}]' [83 bytes]
2025-04-17 21:53:37,474 - IseeYou.FelixTrackingClient - DEBUG - [RECEIVER] Frame #57: Received 1 detections (1 Felix)
2025-04-17 21:53:38,275 - websockets.client - DEBUG - < TEXT '[{"box": [143, 189, 408, 290], "is_felix": true...": 0.5002492666244507}]' [83 bytes]
2025-04-17 21:53:38,275 - IseeYou.FelixTrackingClient - DEBUG - [RECEIVER] Frame #58: Received 1 detections (1 Felix)
2025-04-17 21:53:39,068 - websockets.client - DEBUG - < TEXT '[{"box": [143, 189, 407, 290], "is_felix": true...": 0.5009824633598328}]' [83 bytes]
2025-04-17 21:53:39,068 - IseeYou.FelixTrackingClient - DEBUG - [RECEIVER] Frame #59: Received 1 detections (1 Felix)
2025-04-17 21:53:39,869 - websockets.client - DEBUG - < TEXT '[{"box": [142, 188, 407, 291], "is_felix": true...e": 0.500744104385376}]' [82 bytes]
2025-04-17 21:53:39,870 - IseeYou.FelixTrackingClient - DEBUG - [RECEIVER] Frame #60: Received 1 detections (1 Felix)
2025-04-17 21:53:41,178 - websockets.client - DEBUG - < TEXT '[{"box": [143, 189, 407, 290], "is_felix": true...": 0.5006164908409119}]' [83 bytes]
2025-04-17 21:53:41,178 - IseeYou.FelixTrackingClient - DEBUG - [RECEIVER] Frame #61: Received 1 detections (1 Felix)
2025-04-17 21:53:41,970 - websockets.client - DEBUG - < TEXT '[{"box": [143, 189, 407, 290], "is_felix": true...": 0.5006164908409119}]' [83 bytes]
2025-04-17 21:53:41,971 - IseeYou.FelixTrackingClient - DEBUG - [RECEIVER] Frame #62: Received 1 detections (1 Felix)
2025-04-17 21:53:42,786 - websockets.client - DEBUG - < TEXT '[{"box": [144, 190, 407, 289], "is_felix": true...": 0.5014198422431946}]' [83 bytes]
2025-04-17 21:53:42,786 - IseeYou.FelixTrackingClient - DEBUG - [RECEIVER] Frame #63: Received 1 detections (1 Felix)
2025-04-17 21:53:43,678 - websockets.client - DEBUG - < TEXT '[{"box": [144, 190, 493, 289], "is_felix": true...": 0.5018985867500305}]' [83 bytes]
2025-04-17 21:53:43,678 - websockets.client - DEBUG - < CLOSE 1011 (internal error) keepalive ping timeout [24 bytes]
2025-04-17 21:53:43,678 - websockets.client - DEBUG - > CLOSE 1011 (internal error) keepalive ping timeout [24 bytes]
2025-04-17 21:53:43,678 - websockets.client - DEBUG - = connection is CLOSING
2025-04-17 21:53:43,678 - websockets.client - DEBUG - < EOF
2025-04-17 21:53:43,679 - websockets.client - DEBUG - > EOF
2025-04-17 21:53:43,679 - websockets.client - DEBUG - = connection is CLOSED
2025-04-17 21:53:43,679 - websockets.client - DEBUG - x half-closing TCP connection
2025-04-17 21:53:43,679 - IseeYou.FelixTrackingClient - DEBUG - [RECEIVER] Frame #64: Received 1 detections (1 Felix)
2025-04-17 21:53:43,679 - IseeYou.FelixTrackingClient - WARNING - [RECEIVER] Connection closed with error: received 1011 (internal error) keepalive ping timeout; then sent 1011 (internal error) keepalive ping timeout
2025-04-17 21:53:43,679 - IseeYou.FelixTrackingClient - INFO - Monitor detected task completion or failure.
2025-04-17 21:53:43,679 - IseeYou.FelixTrackingClient - INFO - Task 'ReceiveTask' completed normally.
2025-04-17 21:53:43,679 - IseeYou.FelixTrackingClient - WARNING - Task 'ReceiveTask' finished normally, likely due to connection closure. Will attempt reconnect.
2025-04-17 21:53:43,679 - IseeYou.FelixTrackingClient - INFO - Reconnect condition met. Proceeding to cleanup and retry.
2025-04-17 21:53:43,679 - IseeYou.FelixTrackingClient - INFO - Performing cleanup...
2025-04-17 21:53:43,679 - IseeYou.FelixTrackingClient - DEBUG - Cancelling 1 active tasks...
2025-04-17 21:53:43,680 - IseeYou.FelixTrackingClient - INFO - Capture and send task cancelled.
2025-04-17 21:53:43,961 - IseeYou.FelixTrackingClient - INFO - Camera released.
2025-04-17 21:53:43,961 - IseeYou.FelixTrackingClient - INFO - Waiting 5.0 seconds before retry #1...
2025-04-17 21:53:48,973 - IseeYou.FelixTrackingClient - INFO - Connection attempt 1/5 to ws://localhost:8080...
2025-04-17 21:53:48,973 - IseeYou.FelixTrackingClient - DEBUG - Attempting websocket.connect with 20.0s timeout...
2025-04-17 21:53:48,975 - websockets.client - DEBUG - = connection is CONNECTING
2025-04-17 21:53:48,975 - websockets.client - DEBUG - > GET / HTTP/1.1
2025-04-17 21:53:48,975 - websockets.client - DEBUG - > Host: localhost:8080
2025-04-17 21:53:48,975 - websockets.client - DEBUG - > Upgrade: websocket
2025-04-17 21:53:48,975 - websockets.client - DEBUG - > Connection: Upgrade
2025-04-17 21:53:48,975 - websockets.client - DEBUG - > Sec-WebSocket-Key: tg0flhQRm6ZfPbD4D+bQQw==
2025-04-17 21:53:48,976 - websockets.client - DEBUG - > Sec-WebSocket-Version: 13
2025-04-17 21:53:48,976 - websockets.client - DEBUG - > Sec-WebSocket-Extensions: permessage-deflate; client_max_window_bits
2025-04-17 21:53:48,976 - websockets.client - DEBUG - > User-Agent: Python/3.12 websockets/15.0.1
2025-04-17 21:53:49,076 - websockets.client - DEBUG - < HTTP/1.1 101 Switching Protocols
2025-04-17 21:53:49,076 - websockets.client - DEBUG - < Date: Fri, 18 Apr 2025 04:53:47 GMT
2025-04-17 21:53:49,076 - websockets.client - DEBUG - < Upgrade: websocket
2025-04-17 21:53:49,076 - websockets.client - DEBUG - < Connection: Upgrade
2025-04-17 21:53:49,076 - websockets.client - DEBUG - < Sec-WebSocket-Accept: NsjZJegXfkGOfHS0kai8Ufg2sXQ=
2025-04-17 21:53:49,076 - websockets.client - DEBUG - < Sec-WebSocket-Extensions: permessage-deflate; server_max_window_bits=12; client_max_window_bits=12
2025-04-17 21:53:49,076 - websockets.client - DEBUG - < Server: Python/3.10 websockets/15.0.1
2025-04-17 21:53:49,076 - websockets.client - DEBUG - = connection is OPEN
2025-04-17 21:53:49,076 - IseeYou.FelixTrackingClient - INFO - Connection successful! (('::1', 8080, 0, 0))
2025-04-17 21:53:49,076 - IseeYou.FelixTrackingClient - INFO - Launching client tasks (capture/send, receive)...
2025-04-17 21:53:49,076 - IseeYou.FelixTrackingClient - INFO - Monitoring client tasks...
2025-04-17 21:53:49,077 - IseeYou.FelixTrackingClient - INFO - 
=== Starting video capture ===
2025-04-17 21:53:53,635 - IseeYou.FelixTrackingClient - INFO - 
=== Starting to receive detection results ===
2025-04-17 21:53:53,637 - websockets.client - DEBUG - > BINARY ff d8 ff e0 00 10 4a 46 49 46 00 01 01 00 00 01 ... 1e 43 09 45 db 94 ff d9 [70356 bytes]
2025-04-17 21:53:53,760 - websockets.client - DEBUG - > BINARY ff d8 ff e0 00 10 4a 46 49 46 00 01 01 00 00 01 ... 58 4a 9c 94 79 91 ff d9 [70411 bytes]
2025-04-17 21:53:53,882 - websockets.client - DEBUG - > BINARY ff d8 ff e0 00 10 4a 46 49 46 00 01 01 00 00 01 ... e5 70 94 54 93 67 ff d9 [70076 bytes]
2025-04-17 21:53:53,990 - websockets.client - DEBUG - > BINARY ff d8 ff e0 00 10 4a 46 49 46 00 01 01 00 00 01 ... 5d 09 51 4a 57 67 ff d9 [70246 bytes]
2025-04-17 21:53:54,099 - websockets.client - DEBUG - > BINARY ff d8 ff e0 00 10 4a 46 49 46 00 01 01 00 00 01 ... 90 a5 1d 53 5d 4f ff d9 [70149 bytes]
2025-04-17 21:53:54,209 - websockets.client - DEBUG - > BINARY ff d8 ff e0 00 10 4a 46 49 46 00 01 01 00 00 01 ... 37 29 c1 b8 68 7f ff d9 [70320 bytes]
2025-04-17 21:53:54,331 - websockets.client - DEBUG - > BINARY ff d8 ff e0 00 10 4a 46 49 46 00 01 01 00 00 01 ... af 61 4e 29 4e 27 ff d9 [69839 bytes]
2025-04-17 21:53:54,454 - websockets.client - DEBUG - > BINARY ff d8 ff e0 00 10 4a 46 49 46 00 01 01 00 00 01 ... 8e ce 31 bd ee 7f ff d9 [70100 bytes]
2025-04-17 21:53:54,468 - websockets.client - DEBUG - < TEXT '[{"box": [118, 200, 406, 279], "is_felix": true...": 0.5024663209915161}]' [83 bytes]
2025-04-17 21:53:54,468 - IseeYou.FelixTrackingClient - DEBUG - [RECEIVER] Frame #1: Received 1 detections (1 Felix)
2025-04-17 21:53:54,563 - websockets.client - DEBUG - > BINARY ff d8 ff e0 00 10 4a 46 49 46 00 01 01 00 00 01 ... 8e ce 31 bd ee 7f ff d9 [70100 bytes]
2025-04-17 21:53:54,672 - websockets.client - DEBUG - > BINARY ff d8 ff e0 00 10 4a 46 49 46 00 01 01 00 00 01 ... ad 42 29 a7 a6 c7 ff d9 [70138 bytes]
2025-04-17 21:53:54,782 - websockets.client - DEBUG - > BINARY ff d8 ff e0 00 10 4a 46 49 46 00 01 01 00 00 01 ... 4c 52 8c be 16 7f ff d9 [70133 bytes]
2025-04-17 21:53:54,890 - websockets.client - DEBUG - > BINARY ff d8 ff e0 00 10 4a 46 49 46 00 01 01 00 00 01 ... b0 b9 24 e3 aa 3f ff d9 [70241 bytes]
2025-04-17 21:53:54,998 - websockets.client - DEBUG - > BINARY ff d8 ff e0 00 10 4a 46 49 46 00 01 01 00 00 01 ... 15 ee 89 45 29 9f ff d9 [70378 bytes]
2025-04-17 21:53:55,107 - websockets.client - DEBUG - > BINARY ff d8 ff e0 00 10 4a 46 49 46 00 01 01 00 00 01 ... a1 28 b6 ae f6 3f ff d9 [70342 bytes]
2025-04-17 21:53:55,189 - websockets.client - DEBUG - < TEXT '[{"box": [119, 200, 404, 279], "is_felix": true...": 0.5023435950279236}]' [83 bytes]
2025-04-17 21:53:55,189 - IseeYou.FelixTrackingClient - DEBUG - [RECEIVER] Frame #2: Received 1 detections (1 Felix)
2025-04-17 21:53:55,232 - websockets.client - DEBUG - > BINARY ff d8 ff e0 00 10 4a 46 49 46 00 01 01 00 00 01 ... 7a 8b 8d 53 b3 d0 ff d9 [70452 bytes]
2025-04-17 21:53:55,342 - websockets.client - DEBUG - > BINARY ff d8 ff e0 00 10 4a 46 49 46 00 01 01 00 00 01 ... e9 6d 42 d6 57 3f ff d9 [70340 bytes]
2025-04-17 21:53:55,450 - websockets.client - DEBUG - > BINARY ff d8 ff e0 00 10 4a 46 49 46 00 01 01 00 00 01 ... aa b9 5c 89 6c 7f ff d9 [70605 bytes]
2025-04-17 21:53:55,561 - websockets.client - DEBUG - > BINARY ff d8 ff e0 00 10 4a 46 49 46 00 01 01 00 00 01 ... aa b9 5c 89 6c 7f ff d9 [70605 bytes]
2025-04-17 21:53:55,668 - websockets.client - DEBUG - > BINARY ff d8 ff e0 00 10 4a 46 49 46 00 01 01 00 00 01 ... 79 6e 37 0b 3b c4 ff d9 [70513 bytes]
2025-04-17 21:53:55,778 - websockets.client - DEBUG - > BINARY ff d8 ff e0 00 10 4a 46 49 46 00 01 01 00 00 01 ... d1 a4 d8 a3 0b 9f ff d9 [70339 bytes]
2025-04-17 21:53:55,868 - websockets.client - DEBUG - < TEXT '[{"box": [121, 204, 401, 275], "is_felix": true...": 0.5014659762382507}]' [83 bytes]
2025-04-17 21:53:55,868 - IseeYou.FelixTrackingClient - DEBUG - [RECEIVER] Frame #3: Received 1 detections (1 Felix)
2025-04-17 21:53:55,887 - websockets.client - DEBUG - > BINARY ff d8 ff e0 00 10 4a 46 49 46 00 01 01 00 00 01 ... 52 8b e8 29 41 a3 ff d9 [70476 bytes]
2025-04-17 21:53:55,997 - websockets.client - DEBUG - > BINARY ff d8 ff e0 00 10 4a 46 49 46 00 01 01 00 00 01 ... 35 56 0e 4d 6e cf ff d9 [70290 bytes]
2025-04-17 21:53:56,104 - websockets.client - DEBUG - > BINARY ff d8 ff e0 00 10 4a 46 49 46 00 01 01 00 00 01 ... a4 81 26 ad e6 7f ff d9 [70449 bytes]
2025-04-17 21:53:56,227 - websockets.client - DEBUG - > BINARY ff d8 ff e0 00 10 4a 46 49 46 00 01 01 00 00 01 ... ac f4 0e 56 95 d1 ff d9 [70461 bytes]
2025-04-17 21:53:56,342 - websockets.client - DEBUG - > BINARY ff d8 ff e0 00 10 4a 46 49 46 00 01 01 00 00 01 ... 73 17 2c b9 6e 7f ff d9 [70439 bytes]
2025-04-17 21:53:56,462 - websockets.client - DEBUG - > BINARY ff d8 ff e0 00 10 4a 46 49 46 00 01 01 00 00 01 ... ce e8 a7 07 2e a7 ff d9 [70617 bytes]
2025-04-17 21:53:56,571 - websockets.client - DEBUG - < TEXT '[{"box": [119, 203, 403, 276], "is_felix": true...": 0.5017392635345459}]' [83 bytes]
2025-04-17 21:53:56,571 - IseeYou.FelixTrackingClient - DEBUG - [RECEIVER] Frame #4: Received 1 detections (1 Felix)
2025-04-17 21:53:56,573 - websockets.client - DEBUG - > BINARY ff d8 ff e0 00 10 4a 46 49 46 00 01 01 00 00 01 ... 47 4b 84 61 ab d0 ff d9 [70252 bytes]
2025-04-17 21:53:56,680 - websockets.client - DEBUG - > BINARY ff d8 ff e0 00 10 4a 46 49 46 00 01 01 00 00 01 ... 47 4b 84 61 ab d0 ff d9 [70252 bytes]
2025-04-17 21:53:56,791 - websockets.client - DEBUG - > BINARY ff d8 ff e0 00 10 4a 46 49 46 00 01 01 00 00 01 ... 1b 31 28 de 77 47 ff d9 [70463 bytes]
2025-04-17 21:53:56,912 - websockets.client - DEBUG - > BINARY ff d8 ff e0 00 10 4a 46 49 46 00 01 01 00 00 01 ... b4 25 72 95 34 8f ff d9 [70649 bytes]
2025-04-17 21:53:57,022 - websockets.client - DEBUG - > BINARY ff d8 ff e0 00 10 4a 46 49 46 00 01 01 00 00 01 ... 56 84 a8 29 6e 7f ff d9 [70411 bytes]
2025-04-17 21:53:57,131 - websockets.client - DEBUG - > BINARY ff d8 ff e0 00 10 4a 46 49 46 00 01 01 00 00 01 ... 9a b8 38 c9 fc 27 ff d9 [70346 bytes]
2025-04-17 21:53:57,175 - websockets.client - DEBUG - < TEXT '[{"box": [121, 203, 400, 276], "is_felix": true...": 0.5013304352760315}]' [83 bytes]
2025-04-17 21:53:57,175 - IseeYou.FelixTrackingClient - DEBUG - [RECEIVER] Frame #5: Received 1 detections (1 Felix)
2025-04-17 21:53:57,257 - websockets.client - DEBUG - > BINARY ff d8 ff e0 00 10 4a 46 49 46 00 01 01 00 00 01 ... 2a d7 b0 4a 3a 5c ff d9 [70176 bytes]
2025-04-17 21:53:57,368 - websockets.client - DEBUG - > BINARY ff d8 ff e0 00 10 4a 46 49 46 00 01 01 00 00 01 ... 45 ec ec 83 97 b9 ff d9 [70159 bytes]
2025-04-17 21:53:57,490 - websockets.client - DEBUG - > BINARY ff d8 ff e0 00 10 4a 46 49 46 00 01 01 00 00 01 ... 6a cc 2c e3 2d 59 ff d9 [70248 bytes]
2025-04-17 21:53:57,599 - websockets.client - DEBUG - > BINARY ff d8 ff e0 00 10 4a 46 49 46 00 01 01 00 00 01 ... 49 dd 21 f2 3b 9f ff d9 [70512 bytes]
2025-04-17 21:53:57,707 - websockets.client - DEBUG - > BINARY ff d8 ff e0 00 10 4a 46 49 46 00 01 01 00 00 01 ... 49 dd 21 f2 3b 9f ff d9 [70512 bytes]
2025-04-17 21:53:57,830 - websockets.client - DEBUG - > BINARY ff d8 ff e0 00 10 4a 46 49 46 00 01 01 00 00 01 ... ee 0d d3 e6 ea 7f ff d9 [70675 bytes]
2025-04-17 21:53:57,938 - websockets.client - DEBUG - > BINARY ff d8 ff e0 00 10 4a 46 49 46 00 01 01 00 00 01 ... af a0 38 f2 c6 ec ff d9 [70811 bytes]
2025-04-17 21:53:57,971 - websockets.client - DEBUG - < TEXT '[{"box": [120, 203, 404, 276], "is_felix": true...": 0.5008108615875244}]' [83 bytes]
2025-04-17 21:53:57,972 - IseeYou.FelixTrackingClient - DEBUG - [RECEIVER] Frame #6: Received 1 detections (1 Felix)
2025-04-17 21:53:58,060 - websockets.client - DEBUG - > BINARY ff d8 ff e0 00 10 4a 46 49 46 00 01 01 00 00 01 ... a4 ec 12 8a 4e ec ff d9 [70785 bytes]
2025-04-17 21:53:58,169 - websockets.client - DEBUG - > BINARY ff d8 ff e0 00 10 4a 46 49 46 00 01 01 00 00 01 ... 72 f2 8b 95 f2 9f ff d9 [70789 bytes]
2025-04-17 21:53:58,278 - websockets.client - DEBUG - > BINARY ff d8 ff e0 00 10 4a 46 49 46 00 01 01 00 00 01 ... ac 11 8b 8c f4 3f ff d9 [70819 bytes]
2025-04-17 21:53:58,387 - websockets.client - DEBUG - > BINARY ff d8 ff e0 00 10 4a 46 49 46 00 01 01 00 00 01 ... 16 b9 ae 3e 54 8f ff d9 [70746 bytes]
2025-04-17 21:53:58,497 - websockets.client - DEBUG - > BINARY ff d8 ff e0 00 10 4a 46 49 46 00 01 01 00 00 01 ... 6b b0 dc 5c 1d d9 ff d9 [70937 bytes]
2025-04-17 21:53:58,608 - websockets.client - DEBUG - > BINARY ff d8 ff e0 00 10 4a 46 49 46 00 01 01 00 00 01 ... 7c 4e c8 51 82 91 ff d9 [70792 bytes]
2025-04-17 21:53:58,672 - websockets.client - DEBUG - < TEXT '[{"box": [121, 203, 402, 276], "is_felix": fals...": 0.4989195168018341}]' [84 bytes]
2025-04-17 21:53:58,672 - IseeYou.FelixTrackingClient - DEBUG - [RECEIVER] Frame #7: Received 1 detections (0 Felix)
2025-04-17 21:53:58,715 - websockets.client - DEBUG - > BINARY ff d8 ff e0 00 10 4a 46 49 46 00 01 01 00 00 01 ... 69 6c 3e 4b bb 9f ff d9 [70861 bytes]
2025-04-17 21:53:58,825 - websockets.client - DEBUG - > BINARY ff d8 ff e0 00 10 4a 46 49 46 00 01 01 00 00 01 ... 69 6c 3e 4b bb 9f ff d9 [70861 bytes]
2025-04-17 21:53:58,936 - websockets.client - DEBUG - > BINARY ff d8 ff e0 00 10 4a 46 49 46 00 01 01 00 00 01 ... 9a 88 e3 17 6b 1f ff d9 [70771 bytes]
2025-04-17 21:53:59,059 - websockets.client - DEBUG - > BINARY ff d8 ff e0 00 10 4a 46 49 46 00 01 01 00 00 01 ... 3b 84 a2 ef 74 7f ff d9 [70710 bytes]
2025-04-17 21:53:59,167 - websockets.client - DEBUG - > BINARY ff d8 ff e0 00 10 4a 46 49 46 00 01 01 00 00 01 ... 86 96 e2 50 b2 b9 ff d9 [70573 bytes]
2025-04-17 21:53:59,309 - websockets.client - DEBUG - > BINARY ff d8 ff e0 00 10 4a 46 49 46 00 01 01 00 00 01 ... 69 2d 50 dc 64 d9 ff d9 [70738 bytes]
2025-04-17 21:53:59,370 - websockets.client - DEBUG - < TEXT '[{"box": [122, 202, 401, 277], "is_felix": fals...: 0.49939462542533875}]' [85 bytes]
2025-04-17 21:53:59,372 - IseeYou.FelixTrackingClient - DEBUG - [RECEIVER] Frame #8: Received 1 detections (0 Felix)
2025-04-17 21:53:59,417 - websockets.client - DEBUG - > BINARY ff d8 ff e0 00 10 4a 46 49 46 00 01 01 00 00 01 ... 9a b0 f9 65 66 8f ff d9 [70629 bytes]
2025-04-17 21:53:59,527 - websockets.client - DEBUG - > BINARY ff d8 ff e0 00 10 4a 46 49 46 00 01 01 00 00 01 ... 84 5e 80 e3 27 a1 ff d9 [70705 bytes]
2025-04-17 21:53:59,637 - websockets.client - DEBUG - > BINARY ff d8 ff e0 00 10 4a 46 49 46 00 01 01 00 00 01 ... a4 b5 86 85 28 58 ff d9 [70515 bytes]
2025-04-17 21:53:59,745 - websockets.client - DEBUG - > BINARY ff d8 ff e0 00 10 4a 46 49 46 00 01 01 00 00 01 ... eb e4 0a 2d 2f 33 ff d9 [70591 bytes]
2025-04-17 21:53:59,853 - websockets.client - DEBUG - > BINARY ff d8 ff e0 00 10 4a 46 49 46 00 01 01 00 00 01 ... 5a 04 d4 d5 ac 7f ff d9 [70359 bytes]
2025-04-17 21:53:59,963 - websockets.client - DEBUG - > BINARY ff d8 ff e0 00 10 4a 46 49 46 00 01 01 00 00 01 ... 5a 04 d4 d5 ac 7f ff d9 [70359 bytes]
2025-04-17 21:54:00,074 - websockets.client - DEBUG - < TEXT '[{"box": [122, 202, 401, 277], "is_felix": fals...: 0.49939462542533875}]' [85 bytes]
2025-04-17 21:54:00,075 - IseeYou.FelixTrackingClient - DEBUG - [RECEIVER] Frame #9: Received 1 detections (0 Felix)
2025-04-17 21:54:00,075 - websockets.client - DEBUG - > BINARY ff d8 ff e0 00 10 4a 46 49 46 00 01 01 00 00 01 ... 92 1c a2 d4 74 dc ff d9 [70512 bytes]
2025-04-17 21:54:00,197 - websockets.client - DEBUG - > BINARY ff d8 ff e0 00 10 4a 46 49 46 00 01 01 00 00 01 ... 72 a3 17 17 7b 9f ff d9 [70879 bytes]
2025-04-17 21:54:00,304 - websockets.client - DEBUG - > BINARY ff d8 ff e0 00 10 4a 46 49 46 00 01 01 00 00 01 ... ba d8 51 8b 82 b9 ff d9 [70488 bytes]
2025-04-17 21:54:00,415 - websockets.client - DEBUG - > BINARY ff d8 ff e0 00 10 4a 46 49 46 00 01 01 00 00 01 ... 83 51 14 a1 cb b9 ff d9 [70511 bytes]
2025-04-17 21:54:00,525 - websockets.client - DEBUG - > BINARY ff d8 ff e0 00 10 4a 46 49 46 00 01 01 00 00 01 ... 47 a8 b9 5d db 47 ff d9 [70862 bytes]
2025-04-17 21:54:00,633 - websockets.client - DEBUG - > BINARY ff d8 ff e0 00 10 4a 46 49 46 00 01 01 00 00 01 ... f2 c7 61 72 ab 5c ff d9 [70828 bytes]
2025-04-17 21:54:00,741 - websockets.client - DEBUG - > BINARY ff d8 ff e0 00 10 4a 46 49 46 00 01 01 00 00 01 ... a5 16 82 51 b2 3f ff d9 [70791 bytes]
2025-04-17 21:54:00,768 - websockets.client - DEBUG - < TEXT '[{"box": [120, 201, 403, 278], "is_felix": fals...": 0.4992753863334656}]' [84 bytes]
2025-04-17 21:54:00,769 - IseeYou.FelixTrackingClient - DEBUG - [RECEIVER] Frame #10: Received 1 detections (0 Felix)
2025-04-17 21:54:00,865 - websockets.client - DEBUG - > BINARY ff d8 ff e0 00 10 4a 46 49 46 00 01 01 00 00 01 ... f6 42 a9 17 27 63 ff d9 [70602 bytes]
2025-04-17 21:54:00,973 - websockets.client - DEBUG - > BINARY ff d8 ff e0 00 10 4a 46 49 46 00 01 01 00 00 01 ... e4 f9 58 d5 3b 1f ff d9 [70233 bytes]
2025-04-17 21:54:01,081 - websockets.client - DEBUG - > BINARY ff d8 ff e0 00 10 4a 46 49 46 00 01 01 00 00 01 ... e4 f9 58 d5 3b 1f ff d9 [70233 bytes]
2025-04-17 21:54:01,192 - websockets.client - DEBUG - > BINARY ff d8 ff e0 00 10 4a 46 49 46 00 01 01 00 00 01 ... ee bf 75 87 24 8f ff d9 [70483 bytes]
2025-04-17 21:54:01,302 - websockets.client - DEBUG - > BINARY ff d8 ff e0 00 10 4a 46 49 46 00 01 01 00 00 01 ... 3e 57 7b 8a 30 67 ff d9 [70595 bytes]
2025-04-17 21:54:01,423 - websockets.client - DEBUG - > BINARY ff d8 ff e0 00 10 4a 46 49 46 00 01 01 00 00 01 ... 46 c1 14 e4 f7 3f ff d9 [70342 bytes]
2025-04-17 21:54:01,474 - websockets.client - DEBUG - < TEXT '[{"box": [122, 201, 402, 278], "is_felix": fals...: 0.49946972727775574}]' [85 bytes]
2025-04-17 21:54:01,474 - IseeYou.FelixTrackingClient - DEBUG - [RECEIVER] Frame #11: Received 1 detections (0 Felix)
2025-04-17 21:54:01,533 - websockets.client - DEBUG - > BINARY ff d8 ff e0 00 10 4a 46 49 46 00 01 01 00 00 01 ... e2 d5 ba 83 a7 a1 ff d9 [70445 bytes]
2025-04-17 21:54:01,642 - websockets.client - DEBUG - > BINARY ff d8 ff e0 00 10 4a 46 49 46 00 01 01 00 00 01 ... 5a ee 35 0b 6c 7f ff d9 [70347 bytes]
2025-04-17 21:54:01,751 - websockets.client - DEBUG - > BINARY ff d8 ff e0 00 10 4a 46 49 46 00 01 01 00 00 01 ... 1e 5e e1 28 5e 27 ff d9 [70474 bytes]
2025-04-17 21:54:01,859 - websockets.client - DEBUG - > BINARY ff d8 ff e0 00 10 4a 46 49 46 00 01 01 00 00 01 ... 50 9d c6 a2 9f 53 ff d9 [70808 bytes]
2025-04-17 21:54:01,969 - websockets.client - DEBUG - > BINARY ff d8 ff e0 00 10 4a 46 49 46 00 01 01 00 00 01 ... 50 9d c6 a2 9f 53 ff d9 [70808 bytes]
2025-04-17 21:54:02,080 - websockets.client - DEBUG - > BINARY ff d8 ff e0 00 10 4a 46 49 46 00 01 01 00 00 01 ... f5 b0 94 12 57 b1 ff d9 [70813 bytes]
2025-04-17 21:54:02,171 - websockets.client - DEBUG - < TEXT '[{"box": [121, 201, 402, 278], "is_felix": fals...: 0.49922576546669006}]' [85 bytes]
2025-04-17 21:54:02,173 - IseeYou.FelixTrackingClient - DEBUG - [RECEIVER] Frame #12: Received 1 detections (0 Felix)
2025-04-17 21:54:02,174 - websockets.client - DEBUG - > BINARY ff d8 ff e0 00 10 4a 46 49 46 00 01 01 00 00 01 ... e4 eb b8 dd 34 cf ff d9 [71084 bytes]
2025-04-17 21:54:02,297 - websockets.client - DEBUG - > BINARY ff d8 ff e0 00 10 4a 46 49 46 00 01 01 00 00 01 ... 99 e8 0a 16 77 3f ff d9 [70807 bytes]
2025-04-17 21:54:02,407 - websockets.client - DEBUG - > BINARY ff d8 ff e0 00 10 4a 46 49 46 00 01 01 00 00 01 ... 29 5a f6 13 8b 4c ff d9 [70786 bytes]
2025-04-17 21:54:02,515 - websockets.client - DEBUG - > BINARY ff d8 ff e0 00 10 4a 46 49 46 00 01 01 00 00 01 ... a3 0d 41 42 db 9f ff d9 [70775 bytes]
2025-04-17 21:54:02,624 - websockets.client - DEBUG - > BINARY ff d8 ff e0 00 10 4a 46 49 46 00 01 01 00 00 01 ... ed ea 25 1e 7f 43 ff d9 [70768 bytes]
2025-04-17 21:54:02,733 - websockets.client - DEBUG - > BINARY ff d8 ff e0 00 10 4a 46 49 46 00 01 01 00 00 01 ... 96 36 2f 91 be a7 ff d9 [70516 bytes]
2025-04-17 21:54:02,773 - websockets.client - DEBUG - < TEXT '[{"box": [119, 200, 404, 279], "is_felix": true...": 0.5019108653068542}]' [83 bytes]
2025-04-17 21:54:02,774 - IseeYou.FelixTrackingClient - DEBUG - [RECEIVER] Frame #13: Received 1 detections (1 Felix)
2025-04-17 21:54:02,857 - websockets.client - DEBUG - > BINARY ff d8 ff e0 00 10 4a 46 49 46 00 01 01 00 00 01 ... 75 6b 31 b8 37 63 ff d9 [70587 bytes]
2025-04-17 21:54:02,966 - websockets.client - DEBUG - > BINARY ff d8 ff e0 00 10 4a 46 49 46 00 01 01 00 00 01 ... 75 6b 31 b8 37 63 ff d9 [70587 bytes]
2025-04-17 21:54:03,078 - websockets.client - DEBUG - > BINARY ff d8 ff e0 00 10 4a 46 49 46 00 01 01 00 00 01 ... ee c3 96 71 95 cf ff d9 [70502 bytes]
2025-04-17 21:54:03,184 - websockets.client - DEBUG - > BINARY ff d8 ff e0 00 10 4a 46 49 46 00 01 01 00 00 01 ... 1f 24 d5 86 a1 dc ff d9 [70473 bytes]
2025-04-17 21:54:03,295 - websockets.client - DEBUG - > BINARY ff d8 ff e0 00 10 4a 46 49 46 00 01 01 00 00 01 ... f7 07 05 15 64 8f ff d9 [70621 bytes]
2025-04-17 21:54:03,407 - websockets.client - DEBUG - > BINARY ff d8 ff e0 00 10 4a 46 49 46 00 01 01 00 00 01 ... 4b a8 9c 1b 57 3f ff d9 [70699 bytes]
2025-04-17 21:54:03,471 - websockets.client - DEBUG - < TEXT '[{"box": [121, 199, 403, 280], "is_felix": true...": 0.5025835037231445}]' [83 bytes]
2025-04-17 21:54:03,472 - IseeYou.FelixTrackingClient - DEBUG - [RECEIVER] Frame #14: Received 1 detections (1 Felix)
2025-04-17 21:54:03,516 - websockets.client - DEBUG - > BINARY ff d8 ff e0 00 10 4a 46 49 46 00 01 01 00 00 01 ... 2d 90 28 fb da 9f ff d9 [70744 bytes]
2025-04-17 21:54:03,624 - websockets.client - DEBUG - > BINARY ff d8 ff e0 00 10 4a 46 49 46 00 01 01 00 00 01 ... b3 49 89 c5 a9 dc ff d9 [70648 bytes]
2025-04-17 21:54:03,733 - websockets.client - DEBUG - > BINARY ff d8 ff e0 00 10 4a 46 49 46 00 01 01 00 00 01 ... 51 d1 21 38 5f 73 ff d9 [70517 bytes]
2025-04-17 21:54:03,856 - websockets.client - DEBUG - > BINARY ff d8 ff e0 00 10 4a 46 49 46 00 01 01 00 00 01 ... 52 d8 1c 5c 5d cf ff d9 [70513 bytes]
2025-04-17 21:54:03,965 - websockets.client - DEBUG - > BINARY ff d8 ff e0 00 10 4a 46 49 46 00 01 01 00 00 01 ... 54 ec d0 d4 12 3f ff d9 [70521 bytes]
2025-04-17 21:54:04,073 - websockets.client - DEBUG - > PING 17 30 00 bd [binary, 4 bytes]
2025-04-17 21:54:04,074 - websockets.client - DEBUG - % sent keepalive ping
2025-04-17 21:54:04,075 - websockets.client - DEBUG - > BINARY ff d8 ff e0 00 10 4a 46 49 46 00 01 01 00 00 01 ... 96 82 50 49 59 1f ff d9 [70786 bytes]
2025-04-17 21:54:04,173 - websockets.client - DEBUG - < TEXT '[{"box": [121, 198, 403, 281], "is_felix": true...": 0.5019110441207886}]' [83 bytes]
2025-04-17 21:54:04,176 - IseeYou.FelixTrackingClient - DEBUG - [RECEIVER] Frame #15: Received 1 detections (1 Felix)
2025-04-17 21:54:04,177 - websockets.client - DEBUG - > BINARY ff d8 ff e0 00 10 4a 46 49 46 00 01 01 00 00 01 ... 71 b0 38 35 2b 9f ff d9 [70495 bytes]
2025-04-17 21:54:04,305 - websockets.client - DEBUG - > BINARY ff d8 ff e0 00 10 4a 46 49 46 00 01 01 00 00 01 ... 17 b9 51 a6 a3 b1 ff d9 [70394 bytes]
2025-04-17 21:54:04,419 - websockets.client - DEBUG - > BINARY ff d8 ff e0 00 10 4a 46 49 46 00 01 01 00 00 01 ... d2 4e ea e8 7c 8c ff d9 [70518 bytes]
2025-04-17 21:54:04,528 - websockets.client - DEBUG - > BINARY ff d8 ff e0 00 10 4a 46 49 46 00 01 01 00 00 01 ... 36 5a 83 8b 49 5c ff d9 [70621 bytes]
2025-04-17 21:54:04,639 - websockets.client - DEBUG - > BINARY ff d8 ff e0 00 10 4a 46 49 46 00 01 01 00 00 01 ... 82 f3 09 46 db 1f ff d9 [70730 bytes]
2025-04-17 21:54:04,763 - websockets.client - DEBUG - > BINARY ff d8 ff e0 00 10 4a 46 49 46 00 01 01 00 00 01 ... ad 4f c2 4b 8b 47 ff d9 [70966 bytes]
2025-04-17 21:54:04,766 - IseeYou.FelixTrackingClient - DEBUG - [CAPTURE] Sent frame 100 (70966 bytes)
2025-04-17 21:54:04,869 - websockets.client - DEBUG - < TEXT '[{"box": [120, 199, 402, 280], "is_felix": true...": 0.5010709166526794}]' [83 bytes]
2025-04-17 21:54:04,872 - IseeYou.FelixTrackingClient - DEBUG - [RECEIVER] Frame #16: Received 1 detections (1 Felix)
2025-04-17 21:54:04,874 - websockets.client - DEBUG - > BINARY ff d8 ff e0 00 10 4a 46 49 46 00 01 01 00 00 01 ... 16 91 2a 32 6a e7 ff d9 [70893 bytes]
2025-04-17 21:54:04,996 - websockets.client - DEBUG - > BINARY ff d8 ff e0 00 10 4a 46 49 46 00 01 01 00 00 01 ... 85 28 25 6b 8b 90 ff d9 [70766 bytes]
2025-04-17 21:54:05,105 - websockets.client - DEBUG - > BINARY ff d8 ff e0 00 10 4a 46 49 46 00 01 01 00 00 01 ... 85 28 25 6b 8b 90 ff d9 [70766 bytes]
2025-04-17 21:54:05,228 - websockets.client - DEBUG - > BINARY ff d8 ff e0 00 10 4a 46 49 46 00 01 01 00 00 01 ... ab 59 13 c8 f4 67 ff d9 [70243 bytes]
2025-04-17 21:54:05,338 - websockets.client - DEBUG - > BINARY ff d8 ff e0 00 10 4a 46 49 46 00 01 01 00 00 01 ... 2f 7c 4a 2e 32 d0 ff d9 [70305 bytes]
2025-04-17 21:54:05,460 - websockets.client - DEBUG - > BINARY ff d8 ff e0 00 10 4a 46 49 46 00 01 01 00 00 01 ... b8 32 54 24 b7 3f ff d9 [70235 bytes]
2025-04-17 21:54:05,473 - websockets.client - DEBUG - < TEXT '[{"box": [120, 198, 403, 281], "is_felix": fals...": 0.4989306926727295}]' [84 bytes]
2025-04-17 21:54:05,473 - IseeYou.FelixTrackingClient - DEBUG - [RECEIVER] Frame #17: Received 1 detections (0 Felix)
2025-04-17 21:54:05,584 - websockets.client - DEBUG - > BINARY ff d8 ff e0 00 10 4a 46 49 46 00 01 01 00 00 01 ... ba 25 45 35 6b 9f ff d9 [70508 bytes]
2025-04-17 21:54:05,694 - websockets.client - DEBUG - > BINARY ff d8 ff e0 00 10 4a 46 49 46 00 01 01 00 00 01 ... 5f 41 f2 26 ee cf ff d9 [70850 bytes]
2025-04-17 21:54:05,818 - websockets.client - DEBUG - > BINARY ff d8 ff e0 00 10 4a 46 49 46 00 01 01 00 00 01 ... 51 7d 02 11 b2 3f ff d9 [70378 bytes]
2025-04-17 21:54:05,941 - websockets.client - DEBUG - > BINARY ff d8 ff e0 00 10 4a 46 49 46 00 01 01 00 00 01 ... fe 05 4f dd 05 03 ff d9 [70770 bytes]
2025-04-17 21:54:06,049 - websockets.client - DEBUG - > BINARY ff d8 ff e0 00 10 4a 46 49 46 00 01 01 00 00 01 ... 8d ec c9 70 92 d8 ff d9 [70775 bytes]
2025-04-17 21:54:06,075 - websockets.client - DEBUG - < TEXT '[{"box": [120, 198, 403, 281], "is_felix": fals...": 0.4989306926727295}]' [84 bytes]
2025-04-17 21:54:06,075 - IseeYou.FelixTrackingClient - DEBUG - [RECEIVER] Frame #18: Received 1 detections (0 Felix)
2025-04-17 21:54:06,158 - websockets.client - DEBUG - > BINARY ff d8 ff e0 00 10 4a 46 49 46 00 01 01 00 00 01 ... d6 42 94 5c 6c 7f ff d9 [70765 bytes]
2025-04-17 21:54:06,268 - websockets.client - DEBUG - > BINARY ff d8 ff e0 00 10 4a 46 49 46 00 01 01 00 00 01 ... 25 d0 50 8c ad 63 ff d9 [70603 bytes]
2025-04-17 21:54:06,377 - websockets.client - DEBUG - > BINARY ff d8 ff e0 00 10 4a 46 49 46 00 01 01 00 00 01 ... 27 64 27 15 1f 43 ff d9 [70717 bytes]
2025-04-17 21:54:06,486 - websockets.client - DEBUG - > BINARY ff d8 ff e0 00 10 4a 46 49 46 00 01 01 00 00 01 ... b4 95 c4 e2 d4 4f ff d9 [70881 bytes]
2025-04-17 21:54:06,593 - websockets.client - DEBUG - > BINARY ff d8 ff e0 00 10 4a 46 49 46 00 01 01 00 00 01 ... cc 51 87 2c 2f 23 ff d9 [70739 bytes]
2025-04-17 21:54:06,703 - websockets.client - DEBUG - > BINARY ff d8 ff e0 00 10 4a 46 49 46 00 01 01 00 00 01 ... 76 64 b8 5a 57 d0 ff d9 [70793 bytes]
2025-04-17 21:54:06,772 - websockets.client - DEBUG - < TEXT '[{"box": [120, 198, 403, 281], "is_felix": true...": 0.5004934668540955}]' [83 bytes]
2025-04-17 21:54:06,773 - IseeYou.FelixTrackingClient - DEBUG - [RECEIVER] Frame #19: Received 1 detections (1 Felix)
2025-04-17 21:54:06,827 - websockets.client - DEBUG - > BINARY ff d8 ff e0 00 10 4a 46 49 46 00 01 01 00 00 01 ... 6d 29 90 e1 7d 8f ff d9 [70928 bytes]
2025-04-17 21:54:06,939 - websockets.client - DEBUG - > BINARY ff d8 ff e0 00 10 4a 46 49 46 00 01 01 00 00 01 ... d8 ce 31 71 57 3f ff d9 [70681 bytes]
2025-04-17 21:54:07,048 - websockets.client - DEBUG - > BINARY ff d8 ff e0 00 10 4a 46 49 46 00 01 01 00 00 01 ... 2b 79 92 a3 35 b1 ff d9 [70994 bytes]
2025-04-17 21:54:07,157 - websockets.client - DEBUG - > BINARY ff d8 ff e0 00 10 4a 46 49 46 00 01 01 00 00 01 ... 4d 10 e2 ed 76 7f ff d9 [70722 bytes]
2025-04-17 21:54:07,281 - websockets.client - DEBUG - > BINARY ff d8 ff e0 00 10 4a 46 49 46 00 01 01 00 00 01 ... 76 14 e9 a9 bb 9f ff d9 [70767 bytes]
2025-04-17 21:54:07,389 - websockets.client - DEBUG - > BINARY ff d8 ff e0 00 10 4a 46 49 46 00 01 01 00 00 01 ... 76 14 e9 a9 bb 9f ff d9 [70767 bytes]
2025-04-17 21:54:07,472 - websockets.client - DEBUG - < TEXT '[{"box": [120, 198, 402, 281], "is_felix": fals...: 0.49945297837257385}]' [85 bytes]
2025-04-17 21:54:07,472 - IseeYou.FelixTrackingClient - DEBUG - [RECEIVER] Frame #20: Received 1 detections (0 Felix)
2025-04-17 21:54:07,500 - websockets.client - DEBUG - > BINARY ff d8 ff e0 00 10 4a 46 49 46 00 01 01 00 00 01 ... 5a 12 a2 d4 6e 7f ff d9 [70565 bytes]
2025-04-17 21:54:07,610 - websockets.client - DEBUG - > BINARY ff d8 ff e0 00 10 4a 46 49 46 00 01 01 00 00 01 ... 2b 69 12 a2 d2 b9 ff d9 [70679 bytes]
2025-04-17 21:54:07,722 - websockets.client - DEBUG - > BINARY ff d8 ff e0 00 10 4a 46 49 46 00 01 01 00 00 01 ... 6b 7f 74 3d 9d cf ff d9 [70883 bytes]
2025-04-17 21:54:07,845 - websockets.client - DEBUG - > BINARY ff d8 ff e0 00 10 4a 46 49 46 00 01 01 00 00 01 ... 4b 21 38 49 6a 7f ff d9 [70637 bytes]
2025-04-17 21:54:07,953 - websockets.client - DEBUG - > BINARY ff d8 ff e0 00 10 4a 46 49 46 00 01 01 00 00 01 ... 57 b9 34 d3 bd cf ff d9 [70485 bytes]
2025-04-17 21:54:08,077 - websockets.client - DEBUG - > BINARY ff d8 ff e0 00 10 4a 46 49 46 00 01 01 00 00 01 ... 25 ac 84 d5 e2 7f ff d9 [70821 bytes]
2025-04-17 21:54:08,178 - websockets.client - DEBUG - < TEXT '[{"box": [120, 198, 403, 281], "is_felix": fals...": 0.4975855350494385}]' [84 bytes]
2025-04-17 21:54:08,183 - IseeYou.FelixTrackingClient - DEBUG - [RECEIVER] Frame #21: Received 1 detections (0 Felix)
2025-04-17 21:54:08,184 - websockets.client - DEBUG - > BINARY ff d8 ff e0 00 10 4a 46 49 46 00 01 01 00 00 01 ... e8 66 e1 24 ae 7f ff d9 [70820 bytes]
2025-04-17 21:54:08,295 - websockets.client - DEBUG - > BINARY ff d8 ff e0 00 10 4a 46 49 46 00 01 01 00 00 01 ... 4d 89 8c 39 b4 47 ff d9 [70656 bytes]
2025-04-17 21:54:08,403 - websockets.client - DEBUG - > BINARY ff d8 ff e0 00 10 4a 46 49 46 00 01 01 00 00 01 ... 37 6b d8 98 45 a3 ff d9 [70782 bytes]
2025-04-17 21:54:08,512 - websockets.client - DEBUG - > BINARY ff d8 ff e0 00 10 4a 46 49 46 00 01 01 00 00 01 ... 98 a5 0f 79 b5 b9 ff d9 [70955 bytes]
2025-04-17 21:54:08,622 - websockets.client - DEBUG - > BINARY ff d8 ff e0 00 10 4a 46 49 46 00 01 01 00 00 01 ... 98 a5 0f 79 b5 b9 ff d9 [70955 bytes]
2025-04-17 21:54:08,732 - websockets.client - DEBUG - > BINARY ff d8 ff e0 00 10 4a 46 49 46 00 01 01 00 00 01 ... 2b 93 28 b8 ab dc ff d9 [70604 bytes]
2025-04-17 21:54:08,778 - websockets.client - DEBUG - < TEXT '[{"box": [121, 197, 403, 282], "is_felix": true...": 0.5001527667045593}]' [83 bytes]
2025-04-17 21:54:08,780 - IseeYou.FelixTrackingClient - DEBUG - [RECEIVER] Frame #22: Received 1 detections (1 Felix)
2025-04-17 21:54:08,841 - websockets.client - DEBUG - > BINARY ff d8 ff e0 00 10 4a 46 49 46 00 01 01 00 00 01 ... a7 ad 9f 41 28 1f ff d9 [70556 bytes]
2025-04-17 21:54:08,951 - websockets.client - DEBUG - > BINARY ff d8 ff e0 00 10 4a 46 49 46 00 01 01 00 00 01 ... 7b 8d 5d 87 27 99 ff d9 [70608 bytes]
2025-04-17 21:54:09,062 - websockets.client - DEBUG - > BINARY ff d8 ff e0 00 10 4a 46 49 46 00 01 01 00 00 01 ... f4 77 60 a1 6d 0f ff d9 [70526 bytes]
2025-04-17 21:54:09,172 - websockets.client - DEBUG - > BINARY ff d8 ff e0 00 10 4a 46 49 46 00 01 01 00 00 01 ... f4 77 60 a1 6d 0f ff d9 [70526 bytes]
2025-04-17 21:54:09,295 - websockets.client - DEBUG - > BINARY ff d8 ff e0 00 10 4a 46 49 46 00 01 01 00 00 01 ... 56 ec 85 ca e3 a9 ff d9 [70506 bytes]
2025-04-17 21:54:09,419 - websockets.client - DEBUG - > BINARY ff d8 ff e0 00 10 4a 46 49 46 00 01 01 00 00 01 ... 20 94 5c bd e4 7f ff d9 [70498 bytes]
2025-04-17 21:54:09,473 - websockets.client - DEBUG - < TEXT '[{"box": [120, 197, 403, 282], "is_felix": true...": 0.5005441308021545}]' [83 bytes]
2025-04-17 21:54:09,474 - IseeYou.FelixTrackingClient - DEBUG - [RECEIVER] Frame #23: Received 1 detections (1 Felix)
2025-04-17 21:54:09,543 - websockets.client - DEBUG - > BINARY ff d8 ff e0 00 10 4a 46 49 46 00 01 01 00 00 01 ... 6a c4 f2 e9 74 7f ff d9 [70640 bytes]
2025-04-17 21:54:09,653 - websockets.client - DEBUG - > BINARY ff d8 ff e0 00 10 4a 46 49 46 00 01 01 00 00 01 ... 62 62 a6 a5 ab 3f ff d9 [70646 bytes]
2025-04-17 21:54:09,763 - websockets.client - DEBUG - > BINARY ff d8 ff e0 00 10 4a 46 49 46 00 01 01 00 00 01 ... 62 62 a6 a5 ab 3f ff d9 [70646 bytes]
2025-04-17 21:54:09,872 - websockets.client - DEBUG - > BINARY ff d8 ff e0 00 10 4a 46 49 46 00 01 01 00 00 01 ... bb 74 17 27 56 7f ff d9 [70517 bytes]
2025-04-17 21:54:09,985 - websockets.client - DEBUG - > BINARY ff d8 ff e0 00 10 4a 46 49 46 00 01 01 00 00 01 ... 4c dc 6a 49 db a1 ff d9 [70609 bytes]
2025-04-17 21:54:10,097 - websockets.client - DEBUG - > BINARY ff d8 ff e0 00 10 4a 46 49 46 00 01 01 00 00 01 ... f7 50 95 35 25 73 ff d9 [70528 bytes]
2025-04-17 21:54:10,175 - websockets.client - DEBUG - < TEXT '[{"box": [121, 197, 401, 282], "is_felix": true...": 0.5010800957679749}]' [83 bytes]
2025-04-17 21:54:10,175 - IseeYou.FelixTrackingClient - DEBUG - [RECEIVER] Frame #24: Received 1 detections (1 Felix)
2025-04-17 21:54:10,204 - websockets.client - DEBUG - > BINARY ff d8 ff e0 00 10 4a 46 49 46 00 01 01 00 00 01 ... 7b b6 27 91 a5 73 ff d9 [70349 bytes]
2025-04-17 21:54:10,313 - websockets.client - DEBUG - > BINARY ff d8 ff e0 00 10 4a 46 49 46 00 01 01 00 00 01 ... 7b b6 27 91 a5 73 ff d9 [70349 bytes]
2025-04-17 21:54:10,437 - websockets.client - DEBUG - > BINARY ff d8 ff e0 00 10 4a 46 49 46 00 01 01 00 00 01 ... 8b b2 14 60 a5 a9 ff d9 [70330 bytes]
2025-04-17 21:54:10,546 - websockets.client - DEBUG - > BINARY ff d8 ff e0 00 10 4a 46 49 46 00 01 01 00 00 01 ... d6 e4 72 be 6d 0f ff d9 [70615 bytes]
2025-04-17 21:54:10,654 - websockets.client - DEBUG - > BINARY ff d8 ff e0 00 10 4a 46 49 46 00 01 01 00 00 01 ... 5a 13 cb 25 3d 4f ff d9 [70392 bytes]
2025-04-17 21:54:10,766 - websockets.client - DEBUG - > BINARY ff d8 ff e0 00 10 4a 46 49 46 00 01 01 00 00 01 ... 55 91 1c 9c d2 d8 ff d9 [70465 bytes]
2025-04-17 21:54:10,871 - websockets.client - DEBUG - < TEXT '[{"box": [118, 196, 404, 283], "is_felix": fals...e": 0.498349666595459}]' [83 bytes]
2025-04-17 21:54:10,874 - IseeYou.FelixTrackingClient - DEBUG - [RECEIVER] Frame #25: Received 1 detections (0 Felix)
2025-04-17 21:54:10,876 - websockets.client - DEBUG - > BINARY ff d8 ff e0 00 10 4a 46 49 46 00 01 01 00 00 01 ... e9 60 f6 6b 5b 1f ff d9 [70491 bytes]
2025-04-17 21:54:10,995 - websockets.client - DEBUG - > BINARY ff d8 ff e0 00 10 4a 46 49 46 00 01 01 00 00 01 ... ab dc 50 8c af 73 ff d9 [70445 bytes]
2025-04-17 21:54:11,118 - websockets.client - DEBUG - > BINARY ff d8 ff e0 00 10 4a 46 49 46 00 01 01 00 00 01 ... d9 0a 2a 51 76 67 ff d9 [70367 bytes]
2025-04-17 21:54:11,242 - websockets.client - DEBUG - > BINARY ff d8 ff e0 00 10 4a 46 49 46 00 01 01 00 00 01 ... 2f bb 61 a8 35 d4 ff d9 [70410 bytes]
2025-04-17 21:54:11,351 - websockets.client - DEBUG - > BINARY ff d8 ff e0 00 10 4a 46 49 46 00 01 01 00 00 01 ... ae 91 3e cd 74 3f ff d9 [70416 bytes]
2025-04-17 21:54:11,460 - websockets.client - DEBUG - > BINARY ff d8 ff e0 00 10 4a 46 49 46 00 01 01 00 00 01 ... 2b 02 83 4f 46 7f ff d9 [70325 bytes]
2025-04-17 21:54:11,484 - websockets.client - DEBUG - < TEXT '[{"box": [117, 197, 406, 282], "is_felix": fals...: 0.49815917015075684}]' [85 bytes]
2025-04-17 21:54:11,485 - IseeYou.FelixTrackingClient - DEBUG - [RECEIVER] Frame #26: Received 1 detections (0 Felix)
2025-04-17 21:54:11,584 - websockets.client - DEBUG - > BINARY ff d8 ff e0 00 10 4a 46 49 46 00 01 01 00 00 01 ... 76 26 51 e5 77 3f ff d9 [70424 bytes]
2025-04-17 21:54:11,694 - websockets.client - DEBUG - > BINARY ff d8 ff e0 00 10 4a 46 49 46 00 01 01 00 00 01 ... 96 9d 07 c9 e6 7f ff d9 [70559 bytes]
2025-04-17 21:54:11,819 - websockets.client - DEBUG - > BINARY ff d8 ff e0 00 10 4a 46 49 46 00 01 01 00 00 01 ... 52 b2 b2 0f 66 8f ff d9 [70401 bytes]
2025-04-17 21:54:11,943 - websockets.client - DEBUG - > BINARY ff d8 ff e0 00 10 4a 46 49 46 00 01 01 00 00 01 ... a3 ee 92 e3 67 73 ff d9 [70524 bytes]
2025-04-17 21:54:12,052 - websockets.client - DEBUG - > BINARY ff d8 ff e0 00 10 4a 46 49 46 00 01 01 00 00 01 ... 6b 8a d2 53 b2 3f ff d9 [70401 bytes]
2025-04-17 21:54:12,161 - websockets.client - DEBUG - > BINARY ff d8 ff e0 00 10 4a 46 49 46 00 01 01 00 00 01 ... 31 46 29 ab b6 7f ff d9 [70413 bytes]
2025-04-17 21:54:12,175 - websockets.client - DEBUG - < TEXT '[{"box": [118, 197, 407, 282], "is_felix": true...": 0.5007777214050293}]' [83 bytes]
2025-04-17 21:54:12,175 - IseeYou.FelixTrackingClient - DEBUG - [RECEIVER] Frame #27: Received 1 detections (1 Felix)
2025-04-17 21:54:12,271 - websockets.client - DEBUG - > BINARY ff d8 ff e0 00 10 4a 46 49 46 00 01 01 00 00 01 ... 5e 82 51 72 56 67 ff d9 [70442 bytes]
2025-04-17 21:54:12,380 - websockets.client - DEBUG - > BINARY ff d8 ff e0 00 10 4a 46 49 46 00 01 01 00 00 01 ... ec 84 e3 66 93 3f ff d9 [70370 bytes]
2025-04-17 21:54:12,474 - websockets.client - DEBUG - > BINARY ff d8 ff e0 00 10 4a 46 49 46 00 01 01 00 00 01 ... 93 b0 9c 6e ec 7f ff d9 [70434 bytes]
2025-04-17 21:54:12,582 - websockets.client - DEBUG - > BINARY ff d8 ff e0 00 10 4a 46 49 46 00 01 01 00 00 01 ... c1 45 ec 25 0b 33 ff d9 [70399 bytes]
2025-04-17 21:54:12,692 - websockets.client - DEBUG - > BINARY ff d8 ff e0 00 10 4a 46 49 46 00 01 01 00 00 01 ... da 4e c0 e3 25 13 ff d9 [70590 bytes]
2025-04-17 21:54:12,801 - websockets.client - DEBUG - > BINARY ff d8 ff e0 00 10 4a 46 49 46 00 01 01 00 00 01 ... 6f 41 24 db 6a e7 ff d9 [70629 bytes]
2025-04-17 21:54:12,875 - websockets.client - DEBUG - < TEXT '[{"box": [118, 197, 407, 282], "is_felix": true...": 0.5007777214050293}]' [83 bytes]
2025-04-17 21:54:12,876 - IseeYou.FelixTrackingClient - DEBUG - [RECEIVER] Frame #28: Received 1 detections (1 Felix)
2025-04-17 21:54:12,909 - websockets.client - DEBUG - > BINARY ff d8 ff e0 00 10 4a 46 49 46 00 01 01 00 00 01 ... 16 ec 25 19 2d cf ff d9 [70349 bytes]
2025-04-17 21:54:13,017 - websockets.client - DEBUG - > BINARY ff d8 ff e0 00 10 4a 46 49 46 00 01 01 00 00 01 ... 3b cb 41 72 b4 cf ff d9 [70385 bytes]
2025-04-17 21:54:13,125 - websockets.client - DEBUG - > BINARY ff d8 ff e0 00 10 4a 46 49 46 00 01 01 00 00 01 ... 52 d0 4a 2f 66 7f ff d9 [70392 bytes]
2025-04-17 21:54:13,236 - websockets.client - DEBUG - > BINARY ff d8 ff e0 00 10 4a 46 49 46 00 01 01 00 00 01 ... dd 25 c1 3f 79 1f ff d9 [70434 bytes]
2025-04-17 21:54:13,344 - websockets.client - DEBUG - > BINARY ff d8 ff e0 00 10 4a 46 49 46 00 01 01 00 00 01 ... f2 d0 dd c5 cb a9 ff d9 [70285 bytes]
2025-04-17 21:54:13,452 - websockets.client - DEBUG - > BINARY ff d8 ff e0 00 10 4a 46 49 46 00 01 01 00 00 01 ... f2 d0 dd c5 cb a9 ff d9 [70285 bytes]
2025-04-17 21:54:13,562 - websockets.client - DEBUG - > BINARY ff d8 ff e0 00 10 4a 46 49 46 00 01 01 00 00 01 ... 4e 2d 13 ca d3 6c ff d9 [70456 bytes]
2025-04-17 21:54:13,571 - websockets.client - DEBUG - < TEXT '[{"box": [117, 197, 405, 282], "is_felix": fals...: 0.49829772114753723}]' [85 bytes]
2025-04-17 21:54:13,571 - IseeYou.FelixTrackingClient - DEBUG - [RECEIVER] Frame #29: Received 1 detections (0 Felix)
2025-04-17 21:54:13,687 - websockets.client - DEBUG - > BINARY ff d8 ff e0 00 10 4a 46 49 46 00 01 01 00 00 01 ... d5 fa 8a 51 7a 58 ff d9 [70154 bytes]
2025-04-17 21:54:13,796 - websockets.client - DEBUG - > BINARY ff d8 ff e0 00 10 4a 46 49 46 00 01 01 00 00 01 ... 93 80 a5 09 37 a1 ff d9 [70445 bytes]
2025-04-17 21:54:13,905 - websockets.client - DEBUG - > BINARY ff d8 ff e0 00 10 4a 46 49 46 00 01 01 00 00 01 ... d3 8b 57 27 92 47 ff d9 [70538 bytes]
2025-04-17 21:54:14,015 - websockets.client - DEBUG - > BINARY ff d8 ff e0 00 10 4a 46 49 46 00 01 01 00 00 01 ... a2 36 64 ca 36 3f ff d9 [70471 bytes]
2025-04-17 21:54:14,126 - websockets.client - DEBUG - > BINARY ff d8 ff e0 00 10 4a 46 49 46 00 01 01 00 00 01 ... ba 4c a0 dc 74 3f ff d9 [70431 bytes]
2025-04-17 21:54:14,237 - websockets.client - DEBUG - > BINARY ff d8 ff e0 00 10 4a 46 49 46 00 01 01 00 00 01 ... ae 25 19 37 ef 1f ff d9 [70386 bytes]
2025-04-17 21:54:14,275 - websockets.client - DEBUG - < TEXT '[{"box": [117, 197, 407, 282], "is_felix": fals...": 0.4987581968307495}]' [84 bytes]
2025-04-17 21:54:14,275 - websockets.client - DEBUG - < PING aa bc ef f8 [binary, 4 bytes]
2025-04-17 21:54:14,275 - websockets.client - DEBUG - > PONG aa bc ef f8 [binary, 4 bytes]
2025-04-17 21:54:14,276 - IseeYou.FelixTrackingClient - DEBUG - [RECEIVER] Frame #30: Received 1 detections (0 Felix)
2025-04-17 21:54:14,343 - websockets.client - DEBUG - > BINARY ff d8 ff e0 00 10 4a 46 49 46 00 01 01 00 00 01 ... 59 11 28 34 ee 8f ff d9 [70172 bytes]
2025-04-17 21:54:14,454 - websockets.client - DEBUG - > BINARY ff d8 ff e0 00 10 4a 46 49 46 00 01 01 00 00 01 ... 59 11 28 34 ee 8f ff d9 [70172 bytes]
2025-04-17 21:54:14,579 - websockets.client - DEBUG - > BINARY ff d8 ff e0 00 10 4a 46 49 46 00 01 01 00 00 01 ... 41 28 49 de fa 1f ff d9 [70370 bytes]
2025-04-17 21:54:14,686 - websockets.client - DEBUG - > BINARY ff d8 ff e0 00 10 4a 46 49 46 00 01 01 00 00 01 ... cb 07 a1 2a 3c c7 ff d9 [70513 bytes]
2025-04-17 21:54:14,797 - websockets.client - DEBUG - > BINARY ff d8 ff e0 00 10 4a 46 49 46 00 01 01 00 00 01 ... ab 22 1c 54 5e 87 ff d9 [70242 bytes]
2025-04-17 21:54:14,909 - websockets.client - DEBUG - > BINARY ff d8 ff e0 00 10 4a 46 49 46 00 01 01 00 00 01 ... b9 6c 88 70 94 99 ff d9 [70398 bytes]
2025-04-17 21:54:14,976 - websockets.client - DEBUG - < TEXT '[{"box": [118, 197, 405, 282], "is_felix": fals...ce": 0.49757120013237}]' [82 bytes]
2025-04-17 21:54:14,976 - IseeYou.FelixTrackingClient - DEBUG - [RECEIVER] Frame #31: Received 1 detections (0 Felix)
2025-04-17 21:54:15,029 - websockets.client - DEBUG - > BINARY ff d8 ff e0 00 10 4a 46 49 46 00 01 01 00 00 01 ... 68 7a ec 4c 22 d1 ff d9 [70579 bytes]
2025-04-17 21:54:15,139 - websockets.client - DEBUG - > BINARY ff d8 ff e0 00 10 4a 46 49 46 00 01 01 00 00 01 ... b5 c5 ca de fb 1f ff d9 [70271 bytes]
2025-04-17 21:54:15,250 - websockets.client - DEBUG - > BINARY ff d8 ff e0 00 10 4a 46 49 46 00 01 01 00 00 01 ... 3d 6c 4f b3 d3 73 ff d9 [70463 bytes]
2025-04-17 21:54:15,360 - websockets.client - DEBUG - > BINARY ff d8 ff e0 00 10 4a 46 49 46 00 01 01 00 00 01 ... 62 89 9c 66 b6 3f ff d9 [70290 bytes]
2025-04-17 21:54:15,468 - websockets.client - DEBUG - > BINARY ff d8 ff e0 00 10 4a 46 49 46 00 01 01 00 00 01 ... 5b 8b 95 72 a8 9f ff d9 [70222 bytes]
2025-04-17 21:54:15,579 - websockets.client - DEBUG - > BINARY ff d8 ff e0 00 10 4a 46 49 46 00 01 01 00 00 01 ... 5b 8b 95 72 a8 9f ff d9 [70222 bytes]
2025-04-17 21:54:15,674 - websockets.client - DEBUG - < TEXT '[{"box": [117, 197, 406, 282], "is_felix": fals...: 0.49792495369911194}]' [85 bytes]
2025-04-17 21:54:15,678 - IseeYou.FelixTrackingClient - DEBUG - [RECEIVER] Frame #32: Received 1 detections (0 Felix)
2025-04-17 21:54:15,679 - websockets.client - DEBUG - > BINARY ff d8 ff e0 00 10 4a 46 49 46 00 01 01 00 00 01 ... a1 32 5c 6d 1b 9f ff d9 [70510 bytes]
2025-04-17 21:54:15,795 - websockets.client - DEBUG - > BINARY ff d8 ff e0 00 10 4a 46 49 46 00 01 01 00 00 01 ... 6b 12 a3 c8 ee 8f ff d9 [70501 bytes]
2025-04-17 21:54:15,907 - websockets.client - DEBUG - > BINARY ff d8 ff e0 00 10 4a 46 49 46 00 01 01 00 00 01 ... df 28 28 b4 f7 3f ff d9 [70607 bytes]
2025-04-17 21:54:16,015 - websockets.client - DEBUG - > BINARY ff d8 ff e0 00 10 4a 46 49 46 00 01 01 00 00 01 ... f7 12 8b 83 ba d8 ff d9 [70257 bytes]
2025-04-17 21:54:16,018 - IseeYou.FelixTrackingClient - DEBUG - [CAPTURE] Sent frame 200 (70257 bytes)
2025-04-17 21:54:16,125 - websockets.client - DEBUG - > BINARY ff d8 ff e0 00 10 4a 46 49 46 00 01 01 00 00 01 ... 6b 62 79 1d ae 7f ff d9 [70310 bytes]
2025-04-17 21:54:16,235 - websockets.client - DEBUG - > BINARY ff d8 ff e0 00 10 4a 46 49 46 00 01 01 00 00 01 ... 10 d5 58 51 8d cf ff d9 [70283 bytes]
2025-04-17 21:54:16,358 - websockets.client - DEBUG - > BINARY ff d8 ff e0 00 10 4a 46 49 46 00 01 01 00 00 01 ... 75 20 54 d2 56 3f ff d9 [70349 bytes]
2025-04-17 21:54:16,377 - websockets.client - DEBUG - < TEXT '[{"box": [118, 197, 407, 282], "is_felix": fals...": 0.4998587369918823}]' [84 bytes]
2025-04-17 21:54:16,377 - IseeYou.FelixTrackingClient - DEBUG - [RECEIVER] Frame #33: Received 1 detections (0 Felix)
2025-04-17 21:54:16,466 - websockets.client - DEBUG - > BINARY ff d8 ff e0 00 10 4a 46 49 46 00 01 01 00 00 01 ... e1 33 51 bb b5 cf ff d9 [70473 bytes]
2025-04-17 21:54:16,577 - websockets.client - DEBUG - > BINARY ff d8 ff e0 00 10 4a 46 49 46 00 01 01 00 00 01 ... e1 33 51 bb b5 cf ff d9 [70473 bytes]
2025-04-17 21:54:16,685 - websockets.client - DEBUG - > BINARY ff d8 ff e0 00 10 4a 46 49 46 00 01 01 00 00 01 ... 3b dc 95 04 b4 b9 ff d9 [70171 bytes]
2025-04-17 21:54:16,794 - websockets.client - DEBUG - > BINARY ff d8 ff e0 00 10 4a 46 49 46 00 01 01 00 00 01 ... 68 7a 82 8c ba 9f ff d9 [70526 bytes]
2025-04-17 21:54:16,903 - websockets.client - DEBUG - > BINARY ff d8 ff e0 00 10 4a 46 49 46 00 01 01 00 00 01 ... 52 9d 85 28 c9 d8 ff d9 [70258 bytes]
2025-04-17 21:54:17,012 - websockets.client - DEBUG - > BINARY ff d8 ff e0 00 10 4a 46 49 46 00 01 01 00 00 01 ... 2a ea 11 8c 9c 4f ff d9 [70191 bytes]
2025-04-17 21:54:17,070 - websockets.client - DEBUG - < TEXT '[{"box": [119, 197, 405, 282], "is_felix": true...ce": 0.50065678358078}]' [81 bytes]
2025-04-17 21:54:17,071 - IseeYou.FelixTrackingClient - DEBUG - [RECEIVER] Frame #34: Received 1 detections (1 Felix)
2025-04-17 21:54:17,137 - websockets.client - DEBUG - > BINARY ff d8 ff e0 00 10 4a 46 49 46 00 01 01 00 00 01 ... 37 2d f7 14 55 cf ff d9 [70156 bytes]
2025-04-17 21:54:17,261 - websockets.client - DEBUG - > BINARY ff d8 ff e0 00 10 4a 46 49 46 00 01 01 00 00 01 ... 66 27 4d 35 66 7f ff d9 [70438 bytes]
2025-04-17 21:54:17,371 - websockets.client - DEBUG - > BINARY ff d8 ff e0 00 10 4a 46 49 46 00 01 01 00 00 01 ... 68 8b 4d 89 c1 9f ff d9 [70557 bytes]
2025-04-17 21:54:17,479 - websockets.client - DEBUG - > BINARY ff d8 ff e0 00 10 4a 46 49 46 00 01 01 00 00 01 ... 8a 4d 8a 6a cb 73 ff d9 [70441 bytes]
2025-04-17 21:54:17,588 - websockets.client - DEBUG - > BINARY ff d8 ff e0 00 10 4a 46 49 46 00 01 01 00 00 01 ... 8a 4d 8a 6a cb 73 ff d9 [70441 bytes]
2025-04-17 21:54:17,674 - websockets.client - DEBUG - < TEXT '[{"box": [120, 198, 404, 281], "is_felix": true...": 0.5006423592567444}]' [83 bytes]
2025-04-17 21:54:17,675 - IseeYou.FelixTrackingClient - DEBUG - [RECEIVER] Frame #35: Received 1 detections (1 Felix)
2025-04-17 21:54:17,711 - websockets.client - DEBUG - > BINARY ff d8 ff e0 00 10 4a 46 49 46 00 01 01 00 00 01 ... ed 38 3d ac 1c 87 ff d9 [70267 bytes]
2025-04-17 21:54:17,820 - websockets.client - DEBUG - > BINARY ff d8 ff e0 00 10 4a 46 49 46 00 01 01 00 00 01 ... 2e 54 ac 25 07 d4 ff d9 [70407 bytes]
2025-04-17 21:54:18,374 - websockets.client - DEBUG - < TEXT '[{"box": [120, 198, 404, 281], "is_felix": fals...": 0.4988374710083008}]' [84 bytes]
2025-04-17 21:54:18,375 - IseeYou.FelixTrackingClient - DEBUG - [RECEIVER] Frame #36: Received 1 detections (0 Felix)
2025-04-17 21:54:19,068 - websockets.client - DEBUG - < TEXT '[{"box": [120, 198, 404, 281], "is_felix": fals...": 0.4988374710083008}]' [84 bytes]
2025-04-17 21:54:19,068 - IseeYou.FelixTrackingClient - DEBUG - [RECEIVER] Frame #37: Received 1 detections (0 Felix)
2025-04-17 21:54:19,771 - websockets.client - DEBUG - < TEXT '[{"box": [120, 200, 404, 279], "is_felix": true...": 0.5004074573516846}]' [83 bytes]
2025-04-17 21:54:19,771 - IseeYou.FelixTrackingClient - DEBUG - [RECEIVER] Frame #38: Received 1 detections (1 Felix)
2025-04-17 21:54:20,473 - websockets.client - DEBUG - < TEXT '[{"box": [120, 200, 403, 279], "is_felix": fals...": 0.4994744658470154}]' [84 bytes]
2025-04-17 21:54:20,474 - IseeYou.FelixTrackingClient - DEBUG - [RECEIVER] Frame #39: Received 1 detections (0 Felix)
2025-04-17 21:54:21,169 - websockets.client - DEBUG - < TEXT '[{"box": [121, 201, 402, 278], "is_felix": true...": 0.5003551840782166}]' [83 bytes]
2025-04-17 21:54:21,170 - IseeYou.FelixTrackingClient - DEBUG - [RECEIVER] Frame #40: Received 1 detections (1 Felix)
2025-04-17 21:54:21,871 - websockets.client - DEBUG - < TEXT '[{"box": [121, 201, 402, 278], "is_felix": fals...": 0.4985453188419342}]' [84 bytes]
2025-04-17 21:54:21,872 - IseeYou.FelixTrackingClient - DEBUG - [RECEIVER] Frame #41: Received 1 detections (0 Felix)
2025-04-17 21:54:22,667 - websockets.client - DEBUG - < TEXT '[{"box": [121, 201, 403, 278], "is_felix": true...": 0.5008203387260437}]' [83 bytes]
2025-04-17 21:54:22,668 - IseeYou.FelixTrackingClient - DEBUG - [RECEIVER] Frame #42: Received 1 detections (1 Felix)
2025-04-17 21:54:23,375 - websockets.client - DEBUG - < TEXT '[{"box": [121, 202, 402, 277], "is_felix": true...": 0.5012196898460388}]' [83 bytes]
2025-04-17 21:54:23,375 - IseeYou.FelixTrackingClient - DEBUG - [RECEIVER] Frame #43: Received 1 detections (1 Felix)
2025-04-17 21:54:24,076 - websockets.client - DEBUG - < TEXT '[{"box": [120, 201, 404, 278], "is_felix": fals...: 0.49986934661865234}]' [85 bytes]
2025-04-17 21:54:24,076 - IseeYou.FelixTrackingClient - DEBUG - [RECEIVER] Frame #44: Received 1 detections (0 Felix)
2025-04-17 21:54:24,774 - websockets.client - DEBUG - < TEXT '[{"box": [121, 202, 402, 277], "is_felix": fals...": 0.4972566068172455}]' [84 bytes]
2025-04-17 21:54:24,775 - IseeYou.FelixTrackingClient - DEBUG - [RECEIVER] Frame #45: Received 1 detections (0 Felix)
2025-04-17 21:54:25,468 - websockets.client - DEBUG - < TEXT '[{"box": [120, 201, 405, 278], "is_felix": fals...": 0.4978669285774231}]' [84 bytes]
2025-04-17 21:54:25,468 - IseeYou.FelixTrackingClient - DEBUG - [RECEIVER] Frame #46: Received 1 detections (0 Felix)
2025-04-17 21:54:26,173 - websockets.client - DEBUG - < TEXT '[{"box": [120, 201, 405, 278], "is_felix": fals...": 0.4978669285774231}]' [84 bytes]
2025-04-17 21:54:26,174 - IseeYou.FelixTrackingClient - DEBUG - [RECEIVER] Frame #47: Received 1 detections (0 Felix)
2025-04-17 21:54:26,871 - websockets.client - DEBUG - < TEXT '[{"box": [122, 201, 403, 278], "is_felix": fals...": 0.4979535639286041}]' [84 bytes]
2025-04-17 21:54:26,871 - IseeYou.FelixTrackingClient - DEBUG - [RECEIVER] Frame #48: Received 1 detections (0 Felix)
2025-04-17 21:54:27,573 - websockets.client - DEBUG - < TEXT '[{"box": [120, 201, 404, 278], "is_felix": fals...": 0.4998539090156555}]' [84 bytes]
2025-04-17 21:54:27,574 - IseeYou.FelixTrackingClient - DEBUG - [RECEIVER] Frame #49: Received 1 detections (0 Felix)
2025-04-17 21:54:28,266 - websockets.client - DEBUG - < TEXT '[{"box": [120, 201, 406, 278], "is_felix": true...": 0.5007221102714539}]' [83 bytes]
2025-04-17 21:54:28,267 - IseeYou.FelixTrackingClient - DEBUG - [RECEIVER] Frame #50: Received 1 detections (1 Felix)
2025-04-17 21:54:28,876 - websockets.client - DEBUG - < TEXT '[{"box": [120, 200, 405, 279], "is_felix": true...": 0.5012720227241516}]' [83 bytes]
2025-04-17 21:54:28,877 - IseeYou.FelixTrackingClient - DEBUG - [RECEIVER] Frame #51: Received 1 detections (1 Felix)
2025-04-17 21:54:29,578 - websockets.client - DEBUG - < TEXT '[{"box": [120, 199, 404, 280], "is_felix": true...": 0.5030803084373474}]' [83 bytes]
2025-04-17 21:54:29,579 - IseeYou.FelixTrackingClient - DEBUG - [RECEIVER] Frame #52: Received 1 detections (1 Felix)
2025-04-17 21:54:30,370 - websockets.client - DEBUG - < TEXT '[{"box": [117, 197, 407, 282], "is_felix": fals...": 0.4977983236312866}]' [84 bytes]
2025-04-17 21:54:30,371 - IseeYou.FelixTrackingClient - DEBUG - [RECEIVER] Frame #53: Received 1 detections (0 Felix)
2025-04-17 21:54:31,075 - websockets.client - DEBUG - < TEXT '[{"box": [111, 195, 411, 284], "is_felix": true...": 0.5004053711891174}]' [83 bytes]
2025-04-17 21:54:31,076 - IseeYou.FelixTrackingClient - DEBUG - [RECEIVER] Frame #54: Received 1 detections (1 Felix)
2025-04-17 21:54:31,774 - websockets.client - DEBUG - < TEXT '[{"box": [108, 193, 416, 286], "is_felix": true...": 0.5008987784385681}]' [83 bytes]
2025-04-17 21:54:31,775 - IseeYou.FelixTrackingClient - DEBUG - [RECEIVER] Frame #55: Received 1 detections (1 Felix)
2025-04-17 21:54:32,372 - websockets.client - DEBUG - < TEXT '[{"box": [105, 191, 418, 288], "is_felix": fals...": 0.4981466829776764}]' [84 bytes]
2025-04-17 21:54:32,374 - IseeYou.FelixTrackingClient - DEBUG - [RECEIVER] Frame #56: Received 1 detections (0 Felix)
2025-04-17 21:54:32,492 - websockets.client - DEBUG - > BINARY ff d8 ff e0 00 10 4a 46 49 46 00 01 01 00 00 01 ... f4 33 9a 92 f7 91 ff d9 [70933 bytes]
2025-04-17 21:54:32,601 - websockets.client - DEBUG - > BINARY ff d8 ff e0 00 10 4a 46 49 46 00 01 01 00 00 01 ... fa 13 cb 27 a3 3f ff d9 [70914 bytes]
2025-04-17 21:54:32,710 - websockets.client - DEBUG - > BINARY ff d8 ff e0 00 10 4a 46 49 46 00 01 01 00 00 01 ... b3 56 48 9e 56 7f ff d9 [71077 bytes]
2025-04-17 21:54:32,835 - websockets.client - DEBUG - > BINARY ff d8 ff e0 00 10 4a 46 49 46 00 01 01 00 00 01 ... a6 da 6a c4 a8 c8 ff d9 [71171 bytes]
2025-04-17 21:54:32,944 - websockets.client - DEBUG - > BINARY ff d8 ff e0 00 10 4a 46 49 46 00 01 01 00 00 01 ... 3b b2 1c 79 bd d3 ff d9 [70924 bytes]
2025-04-17 21:54:33,055 - websockets.client - DEBUG - > BINARY ff d8 ff e0 00 10 4a 46 49 46 00 01 01 00 00 01 ... 3b b2 1c 79 bd d3 ff d9 [70924 bytes]
2025-04-17 21:54:33,080 - websockets.client - DEBUG - < TEXT '[{"box": [105, 191, 418, 288], "is_felix": fals...": 0.4981466829776764}]' [84 bytes]
2025-04-17 21:54:33,080 - IseeYou.FelixTrackingClient - DEBUG - [RECEIVER] Frame #57: Received 1 detections (0 Felix)
2025-04-17 21:54:33,178 - websockets.client - DEBUG - > BINARY ff d8 ff e0 00 10 4a 46 49 46 00 01 01 00 00 01 ... a0 b9 5c 5d 96 c7 ff d9 [71174 bytes]
2025-04-17 21:54:33,286 - websockets.client - DEBUG - > BINARY ff d8 ff e0 00 10 4a 46 49 46 00 01 01 00 00 01 ... 57 25 c7 95 dd 23 ff d9 [71135 bytes]
2025-04-17 21:54:33,396 - websockets.client - DEBUG - > BINARY ff d8 ff e0 00 10 4a 46 49 46 00 01 01 00 00 01 ... 2e 1f 64 96 9b b9 ff d9 [71177 bytes]
2025-04-17 21:54:33,507 - websockets.client - DEBUG - > BINARY ff d8 ff e0 00 10 4a 46 49 46 00 01 01 00 00 01 ... 4d c9 13 66 e5 73 ff d9 [71273 bytes]
2025-04-17 21:54:33,614 - websockets.client - DEBUG - > BINARY ff d8 ff e0 00 10 4a 46 49 46 00 01 01 00 00 01 ... ac 4c b9 af aa d0 ff d9 [71483 bytes]
2025-04-17 21:54:33,724 - websockets.client - DEBUG - > BINARY ff d8 ff e0 00 10 4a 46 49 46 00 01 01 00 00 01 ... dd ec 4f 2b 8b b9 ff d9 [71298 bytes]
2025-04-17 21:54:33,779 - websockets.client - DEBUG - < TEXT '[{"box": [107, 188, 415, 291], "is_felix": fals...": 0.4994182586669922}]' [84 bytes]
2025-04-17 21:54:33,779 - IseeYou.FelixTrackingClient - DEBUG - [RECEIVER] Frame #58: Received 1 detections (0 Felix)
2025-04-17 21:54:33,833 - websockets.client - DEBUG - > BINARY ff d8 ff e0 00 10 4a 46 49 46 00 01 01 00 00 01 ... fd d6 1c 8a f7 3f ff d9 [71382 bytes]
2025-04-17 21:54:33,956 - websockets.client - DEBUG - > BINARY ff d8 ff e0 00 10 4a 46 49 46 00 01 01 00 00 01 ... 92 13 b5 3b 2b 9f ff d9 [71229 bytes]
2025-04-17 21:54:34,065 - websockets.client - DEBUG - > BINARY ff d8 ff e0 00 10 4a 46 49 46 00 01 01 00 00 01 ... 92 13 b5 3b 2b 9f ff d9 [71229 bytes]
2025-04-17 21:54:34,175 - websockets.client - DEBUG - > BINARY ff d8 ff e0 00 10 4a 46 49 46 00 01 01 00 00 01 ... 6c 2b 7b f7 e8 7f ff d9 [71371 bytes]
2025-04-17 21:54:34,299 - websockets.client - DEBUG - > BINARY ff d8 ff e0 00 10 4a 46 49 46 00 01 01 00 00 01 ... 36 ea 1c af 66 7f ff d9 [71391 bytes]
2025-04-17 21:54:34,407 - websockets.client - DEBUG - > BINARY ff d8 ff e0 00 10 4a 46 49 46 00 01 01 00 00 01 ... d0 ac d4 53 ec 7f ff d9 [71436 bytes]
2025-04-17 21:54:34,518 - websockets.client - DEBUG - > BINARY ff d8 ff e0 00 10 4a 46 49 46 00 01 01 00 00 01 ... 97 71 49 3b e8 7f ff d9 [71041 bytes]
2025-04-17 21:54:34,573 - websockets.client - DEBUG - < TEXT '[{"box": [107, 187, 416, 292], "is_felix": fals...": 0.4997510612010956}]' [84 bytes]
2025-04-17 21:54:34,573 - IseeYou.FelixTrackingClient - DEBUG - [RECEIVER] Frame #59: Received 1 detections (0 Felix)
2025-04-17 21:54:34,626 - websockets.client - DEBUG - > BINARY ff d8 ff e0 00 10 4a 46 49 46 00 01 01 00 00 01 ... dc 9e c1 6b ab b3 ff d9 [71279 bytes]
2025-04-17 21:54:34,735 - websockets.client - DEBUG - > BINARY ff d8 ff e0 00 10 4a 46 49 46 00 01 01 00 00 01 ... ae 29 25 c9 64 7f ff d9 [71175 bytes]
2025-04-17 21:54:34,846 - websockets.client - DEBUG - > BINARY ff d8 ff e0 00 10 4a 46 49 46 00 01 01 00 00 01 ... ac c4 97 2c b4 3f ff d9 [71380 bytes]
2025-04-17 21:54:34,953 - websockets.client - DEBUG - > BINARY ff d8 ff e0 00 10 4a 46 49 46 00 01 01 00 00 01 ... 11 57 15 44 a5 63 ff d9 [71141 bytes]
2025-04-17 21:54:35,065 - websockets.client - DEBUG - > BINARY ff d8 ff e0 00 10 4a 46 49 46 00 01 01 00 00 01 ... 11 57 15 44 a5 63 ff d9 [71141 bytes]
2025-04-17 21:54:35,278 - websockets.client - DEBUG - < TEXT '[{"box": [109, 191, 414, 288], "is_felix": true...": 0.5011231899261475}]' [83 bytes]
2025-04-17 21:54:35,279 - IseeYou.FelixTrackingClient - DEBUG - [RECEIVER] Frame #60: Received 1 detections (1 Felix)
2025-04-17 21:54:35,973 - websockets.client - DEBUG - < TEXT '[{"box": [112, 192, 412, 287], "is_felix": fals...: 0.49956926703453064}]' [85 bytes]
2025-04-17 21:54:35,974 - IseeYou.FelixTrackingClient - DEBUG - [RECEIVER] Frame #61: Received 1 detections (0 Felix)
2025-04-17 21:54:36,782 - websockets.client - DEBUG - < TEXT '[{"box": [113, 193, 411, 286], "is_felix": fals...: 0.49865952134132385}]' [85 bytes]
2025-04-17 21:54:36,782 - IseeYou.FelixTrackingClient - DEBUG - [RECEIVER] Frame #62: Received 1 detections (0 Felix)
2025-04-17 21:54:37,478 - websockets.client - DEBUG - < TEXT '[{"box": [114, 193, 411, 286], "is_felix": fals...ce": 0.49858358502388}]' [82 bytes]
2025-04-17 21:54:37,478 - IseeYou.FelixTrackingClient - DEBUG - [RECEIVER] Frame #63: Received 1 detections (0 Felix)
2025-04-17 21:54:38,173 - websockets.client - DEBUG - < TEXT '[{"box": [115, 193, 410, 286], "is_felix": true...": 0.5010546445846558}]' [83 bytes]
2025-04-17 21:54:38,175 - IseeYou.FelixTrackingClient - DEBUG - [RECEIVER] Frame #64: Received 1 detections (1 Felix)
2025-04-17 21:54:38,867 - websockets.client - DEBUG - < TEXT '[{"box": [116, 194, 409, 285], "is_felix": true...": 0.5009555816650391}]' [83 bytes]
2025-04-17 21:54:38,867 - IseeYou.FelixTrackingClient - DEBUG - [RECEIVER] Frame #65: Received 1 detections (1 Felix)
2025-04-17 21:54:39,577 - websockets.client - DEBUG - < TEXT '[{"box": [121, 196, 404, 283], "is_felix": true...": 0.5020003318786621}]' [83 bytes]
2025-04-17 21:54:39,578 - IseeYou.FelixTrackingClient - DEBUG - [RECEIVER] Frame #66: Received 1 detections (1 Felix)
2025-04-17 21:54:40,370 - websockets.client - DEBUG - < TEXT '[{"box": [121, 196, 404, 283], "is_felix": true...": 0.5020003318786621}]' [83 bytes]
2025-04-17 21:54:40,371 - websockets.client - DEBUG - < CLOSE 1011 (internal error) keepalive ping timeout [24 bytes]
2025-04-17 21:54:40,371 - websockets.client - DEBUG - > CLOSE 1011 (internal error) keepalive ping timeout [24 bytes]
2025-04-17 21:54:40,371 - websockets.client - DEBUG - = connection is CLOSING
2025-04-17 21:54:40,371 - IseeYou.FelixTrackingClient - DEBUG - [RECEIVER] Frame #67: Received 1 detections (1 Felix)
2025-04-17 21:54:40,372 - websockets.client - DEBUG - < EOF
2025-04-17 21:54:40,372 - websockets.client - DEBUG - > EOF
2025-04-17 21:54:40,372 - websockets.client - DEBUG - = connection is CLOSED
2025-04-17 21:54:40,373 - websockets.client - DEBUG - x half-closing TCP connection
2025-04-17 21:54:40,373 - IseeYou.FelixTrackingClient - WARNING - [RECEIVER] Connection closed with error: received 1011 (internal error) keepalive ping timeout; then sent 1011 (internal error) keepalive ping timeout
2025-04-17 21:54:40,373 - IseeYou.FelixTrackingClient - INFO - Monitor detected task completion or failure.
2025-04-17 21:54:40,373 - IseeYou.FelixTrackingClient - INFO - Task 'ReceiveTask' completed normally.
2025-04-17 21:54:40,373 - IseeYou.FelixTrackingClient - WARNING - Task 'ReceiveTask' finished normally, likely due to connection closure. Will attempt reconnect.
2025-04-17 21:54:40,373 - IseeYou.FelixTrackingClient - INFO - Reconnect condition met. Proceeding to cleanup and retry.
2025-04-17 21:54:40,373 - IseeYou.FelixTrackingClient - INFO - Performing cleanup...
2025-04-17 21:54:40,373 - IseeYou.FelixTrackingClient - DEBUG - Cancelling 1 active tasks...
2025-04-17 21:54:40,373 - IseeYou.FelixTrackingClient - INFO - Capture and send task cancelled.
2025-04-17 21:54:40,664 - IseeYou.FelixTrackingClient - INFO - Camera released.
2025-04-17 21:54:40,664 - IseeYou.FelixTrackingClient - INFO - Waiting 5.0 seconds before retry #1...
2025-04-17 21:54:45,668 - IseeYou.FelixTrackingClient - INFO - Connection attempt 1/5 to ws://localhost:8080...
2025-04-17 21:54:45,668 - IseeYou.FelixTrackingClient - DEBUG - Attempting websocket.connect with 20.0s timeout...
2025-04-17 21:54:45,670 - websockets.client - DEBUG - = connection is CONNECTING
2025-04-17 21:54:45,670 - websockets.client - DEBUG - > GET / HTTP/1.1
2025-04-17 21:54:45,670 - websockets.client - DEBUG - > Host: localhost:8080
2025-04-17 21:54:45,670 - websockets.client - DEBUG - > Upgrade: websocket
2025-04-17 21:54:45,670 - websockets.client - DEBUG - > Connection: Upgrade
2025-04-17 21:54:45,670 - websockets.client - DEBUG - > Sec-WebSocket-Key: AvZc1FBQgZt7ZsYlJXgfTg==
2025-04-17 21:54:45,670 - websockets.client - DEBUG - > Sec-WebSocket-Version: 13
2025-04-17 21:54:45,670 - websockets.client - DEBUG - > Sec-WebSocket-Extensions: permessage-deflate; client_max_window_bits
2025-04-17 21:54:45,670 - websockets.client - DEBUG - > User-Agent: Python/3.12 websockets/15.0.1
2025-04-17 21:54:45,768 - websockets.client - DEBUG - < HTTP/1.1 101 Switching Protocols
2025-04-17 21:54:45,768 - websockets.client - DEBUG - < Date: Fri, 18 Apr 2025 04:54:44 GMT
2025-04-17 21:54:45,769 - websockets.client - DEBUG - < Upgrade: websocket
2025-04-17 21:54:45,769 - websockets.client - DEBUG - < Connection: Upgrade
2025-04-17 21:54:45,769 - websockets.client - DEBUG - < Sec-WebSocket-Accept: Qo1QzqDn2cDYqf9Sbd93jSS+7Hc=
2025-04-17 21:54:45,769 - websockets.client - DEBUG - < Sec-WebSocket-Extensions: permessage-deflate; server_max_window_bits=12; client_max_window_bits=12
2025-04-17 21:54:45,769 - websockets.client - DEBUG - < Server: Python/3.10 websockets/15.0.1
2025-04-17 21:54:45,769 - websockets.client - DEBUG - = connection is OPEN
2025-04-17 21:54:45,769 - IseeYou.FelixTrackingClient - INFO - Connection successful! (('::1', 8080, 0, 0))
2025-04-17 21:54:45,769 - IseeYou.FelixTrackingClient - INFO - Launching client tasks (capture/send, receive)...
2025-04-17 21:54:45,769 - IseeYou.FelixTrackingClient - INFO - Monitoring client tasks...
2025-04-17 21:54:45,769 - IseeYou.FelixTrackingClient - INFO - 
=== Starting video capture ===
2025-04-17 21:54:50,245 - IseeYou.FelixTrackingClient - INFO - 
=== Starting to receive detection results ===
2025-04-17 21:54:50,247 - websockets.client - DEBUG - > BINARY ff d8 ff e0 00 10 4a 46 49 46 00 01 01 00 00 01 ... 28 ce ac af 6d 8f ff d9 [71891 bytes]
2025-04-17 21:54:50,368 - websockets.client - DEBUG - > BINARY ff d8 ff e0 00 10 4a 46 49 46 00 01 01 00 00 01 ... e0 eb 3d 77 5b 1f ff d9 [71709 bytes]
2025-04-17 21:54:50,477 - websockets.client - DEBUG - > BINARY ff d8 ff e0 00 10 4a 46 49 46 00 01 01 00 00 01 ... 2a 6e ac 5d f5 3f ff d9 [71792 bytes]
2025-04-17 21:54:50,586 - websockets.client - DEBUG - > BINARY ff d8 ff e0 00 10 4a 46 49 46 00 01 01 00 00 01 ... a9 1e ca 35 53 47 ff d9 [71772 bytes]
2025-04-17 21:54:50,711 - websockets.client - DEBUG - > BINARY ff d8 ff e0 00 10 4a 46 49 46 00 01 01 00 00 01 ... b8 f3 52 77 7b 9f ff d9 [71706 bytes]
2025-04-17 21:54:50,820 - websockets.client - DEBUG - > BINARY ff d8 ff e0 00 10 4a 46 49 46 00 01 01 00 00 01 ... f2 ce 49 b6 b5 3f ff d9 [71627 bytes]
2025-04-17 21:54:50,929 - websockets.client - DEBUG - > BINARY ff d8 ff e0 00 10 4a 46 49 46 00 01 01 00 00 01 ... ca 84 1d 58 f2 9f ff d9 [71763 bytes]
2025-04-17 21:54:50,978 - websockets.client - DEBUG - < TEXT '[{"box": [128, 217, 510, 262], "is_felix": true...": 0.5045992732048035}]' [83 bytes]
2025-04-17 21:54:50,979 - IseeYou.FelixTrackingClient - DEBUG - [RECEIVER] Frame #1: Received 1 detections (1 Felix)
2025-04-17 21:54:51,036 - websockets.client - DEBUG - > BINARY ff d8 ff e0 00 10 4a 46 49 46 00 01 01 00 00 01 ... ca 84 1d 58 f2 9f ff d9 [71763 bytes]
2025-04-17 21:54:51,145 - websockets.client - DEBUG - > BINARY ff d8 ff e0 00 10 4a 46 49 46 00 01 01 00 00 01 ... 31 fb 26 e9 2f 33 ff d9 [71796 bytes]
2025-04-17 21:54:51,271 - websockets.client - DEBUG - > BINARY ff d8 ff e0 00 10 4a 46 49 46 00 01 01 00 00 01 ... 9c 25 56 9c 62 cf ff d9 [71706 bytes]
2025-04-17 21:54:51,393 - websockets.client - DEBUG - > BINARY ff d8 ff e0 00 10 4a 46 49 46 00 01 01 00 00 01 ... 23 4a 32 8b e6 47 ff d9 [71354 bytes]
2025-04-17 21:54:51,504 - websockets.client - DEBUG - > BINARY ff d8 ff e0 00 10 4a 46 49 46 00 01 01 00 00 01 ... 68 94 e9 a9 ee cf ff d9 [71396 bytes]
2025-04-17 21:54:51,626 - websockets.client - DEBUG - > BINARY ff d8 ff e0 00 10 4a 46 49 46 00 01 01 00 00 01 ... e6 9e cd 5b 5d d9 ff d9 [71188 bytes]
2025-04-17 21:54:51,677 - websockets.client - DEBUG - < TEXT '[{"box": [127, 218, 509, 261], "is_felix": true...": 0.5031977891921997}]' [83 bytes]
2025-04-17 21:54:51,678 - IseeYou.FelixTrackingClient - DEBUG - [RECEIVER] Frame #2: Received 1 detections (1 Felix)
2025-04-17 21:54:51,736 - websockets.client - DEBUG - > BINARY ff d8 ff e0 00 10 4a 46 49 46 00 01 01 00 00 01 ... cd 3d 9d 39 7b a7 ff d9 [71318 bytes]
2025-04-17 21:54:51,846 - websockets.client - DEBUG - > BINARY ff d8 ff e0 00 10 4a 46 49 46 00 01 01 00 00 01 ... 17 1a 77 5c b6 b1 ff d9 [71327 bytes]
2025-04-17 21:54:51,958 - websockets.client - DEBUG - > BINARY ff d8 ff e0 00 10 4a 46 49 46 00 01 01 00 00 01 ... e8 53 a7 cf aa 67 ff d9 [71307 bytes]
2025-04-17 21:54:52,080 - websockets.client - DEBUG - > BINARY ff d8 ff e0 00 10 4a 46 49 46 00 01 01 00 00 01 ... fb 28 34 94 be 47 ff d9 [71488 bytes]
2025-04-17 21:54:52,191 - websockets.client - DEBUG - > BINARY ff d8 ff e0 00 10 4a 46 49 46 00 01 01 00 00 01 ... 65 d3 84 27 0f 78 ff d9 [71423 bytes]
2025-04-17 21:54:52,313 - websockets.client - DEBUG - > BINARY ff d8 ff e0 00 10 4a 46 49 46 00 01 01 00 00 01 ... 65 d3 84 27 0f 78 ff d9 [71423 bytes]
2025-04-17 21:54:52,373 - websockets.client - DEBUG - < TEXT '[{"box": [126, 218, 509, 261], "is_felix": true...": 0.5027188658714294}]' [83 bytes]
2025-04-17 21:54:52,373 - IseeYou.FelixTrackingClient - DEBUG - [RECEIVER] Frame #3: Received 1 detections (1 Felix)
2025-04-17 21:54:52,422 - websockets.client - DEBUG - > BINARY ff d8 ff e0 00 10 4a 46 49 46 00 01 01 00 00 01 ... c4 d2 9c 1b 56 b1 ff d9 [71403 bytes]
2025-04-17 21:54:52,546 - websockets.client - DEBUG - > BINARY ff d8 ff e0 00 10 4a 46 49 46 00 01 01 00 00 01 ... a9 6e 92 71 7c a7 ff d9 [71383 bytes]
2025-04-17 21:54:52,656 - websockets.client - DEBUG - > BINARY ff d8 ff e0 00 10 4a 46 49 46 00 01 01 00 00 01 ... 58 b7 4e 33 a7 63 ff d9 [71563 bytes]
2025-04-17 21:54:52,765 - websockets.client - DEBUG - > BINARY ff d8 ff e0 00 10 4a 46 49 46 00 01 01 00 00 01 ... b9 53 a9 37 64 8f ff d9 [71354 bytes]
2025-04-17 21:54:52,874 - websockets.client - DEBUG - > BINARY ff d8 ff e0 00 10 4a 46 49 46 00 01 01 00 00 01 ... 5d 91 53 84 64 8f ff d9 [71240 bytes]
2025-04-17 21:54:52,982 - websockets.client - DEBUG - > BINARY ff d8 ff e0 00 10 4a 46 49 46 00 01 01 00 00 01 ... ec d2 9d 3e 6b c8 ff d9 [71237 bytes]
2025-04-17 21:54:53,074 - websockets.client - DEBUG - < TEXT '[{"box": [126, 218, 510, 261], "is_felix": true...": 0.5049307346343994}]' [83 bytes]
2025-04-17 21:54:53,077 - IseeYou.FelixTrackingClient - DEBUG - [RECEIVER] Frame #4: Received 1 detections (1 Felix)
2025-04-17 21:54:53,078 - websockets.client - DEBUG - > BINARY ff d8 ff e0 00 10 4a 46 49 46 00 01 01 00 00 01 ... 51 a7 cd 14 a4 7f ff d9 [71495 bytes]
2025-04-17 21:54:53,200 - websockets.client - DEBUG - > BINARY ff d8 ff e0 00 10 4a 46 49 46 00 01 01 00 00 01 ... 51 2d d3 8a 8d cf ff d9 [71115 bytes]
2025-04-17 21:54:53,310 - websockets.client - DEBUG - > BINARY ff d8 ff e0 00 10 4a 46 49 46 00 01 01 00 00 01 ... 51 2d d3 8a 8d cf ff d9 [71115 bytes]
2025-04-17 21:54:53,421 - websockets.client - DEBUG - > BINARY ff d8 ff e0 00 10 4a 46 49 46 00 01 01 00 00 01 ... a5 46 0a a3 bb 3f ff d9 [71120 bytes]
2025-04-17 21:54:53,543 - websockets.client - DEBUG - > BINARY ff d8 ff e0 00 10 4a 46 49 46 00 01 01 00 00 01 ... 16 a9 c6 52 4b 73 ff d9 [71190 bytes]
2025-04-17 21:54:53,652 - websockets.client - DEBUG - > BINARY ff d8 ff e0 00 10 4a 46 49 46 00 01 01 00 00 01 ... 0a f6 76 4d 3d 8f ff d9 [71207 bytes]
2025-04-17 21:54:53,761 - websockets.client - DEBUG - > BINARY ff d8 ff e0 00 10 4a 46 49 46 00 01 01 00 00 01 ... 6e 2a 77 49 ee 7f ff d9 [71133 bytes]
2025-04-17 21:54:53,773 - websockets.client - DEBUG - < TEXT '[{"box": [127, 216, 510, 263], "is_felix": true...": 0.5030457377433777}]' [83 bytes]
2025-04-17 21:54:53,773 - IseeYou.FelixTrackingClient - DEBUG - [RECEIVER] Frame #5: Received 1 detections (1 Felix)
2025-04-17 21:54:53,886 - websockets.client - DEBUG - > BINARY ff d8 ff e0 00 10 4a 46 49 46 00 01 01 00 00 01 ... c9 14 a1 cf 47 53 ff d9 [71104 bytes]
2025-04-17 21:54:53,994 - websockets.client - DEBUG - > BINARY ff d8 ff e0 00 10 4a 46 49 46 00 01 01 00 00 01 ... b5 2f 92 75 55 99 ff d9 [71296 bytes]
2025-04-17 21:54:54,102 - websockets.client - DEBUG - > BINARY ff d8 ff e0 00 10 4a 46 49 46 00 01 01 00 00 01 ... e1 b9 4e 9a 77 b1 ff d9 [71017 bytes]
2025-04-17 21:54:54,214 - websockets.client - DEBUG - > BINARY ff d8 ff e0 00 10 4a 46 49 46 00 01 01 00 00 01 ... 34 ae 5a a7 78 dc ff d9 [71095 bytes]
2025-04-17 21:54:54,322 - websockets.client - DEBUG - > BINARY ff d8 ff e0 00 10 4a 46 49 46 00 01 01 00 00 01 ... 8d 39 23 28 59 b3 ff d9 [71275 bytes]
2025-04-17 21:54:54,434 - websockets.client - DEBUG - > BINARY ff d8 ff e0 00 10 4a 46 49 46 00 01 01 00 00 01 ... 8d 39 23 28 59 b3 ff d9 [71275 bytes]
2025-04-17 21:54:54,557 - websockets.client - DEBUG - > BINARY ff d8 ff e0 00 10 4a 46 49 46 00 01 01 00 00 01 ... d5 8b e4 52 8a b1 ff d9 [71042 bytes]
2025-04-17 21:54:54,561 - websockets.client - DEBUG - < TEXT '[{"box": [127, 216, 511, 263], "is_felix": true...": 0.5043967366218567}]' [83 bytes]
2025-04-17 21:54:54,561 - IseeYou.FelixTrackingClient - DEBUG - [RECEIVER] Frame #6: Received 1 detections (1 Felix)
2025-04-17 21:54:54,668 - websockets.client - DEBUG - > BINARY ff d8 ff e0 00 10 4a 46 49 46 00 01 01 00 00 01 ... b1 34 70 4a 8d 8f ff d9 [71287 bytes]
2025-04-17 21:54:54,776 - websockets.client - DEBUG - > BINARY ff d8 ff e0 00 10 4a 46 49 46 00 01 01 00 00 01 ... fd 9a 92 56 e8 7f ff d9 [71095 bytes]
2025-04-17 21:54:54,886 - websockets.client - DEBUG - > BINARY ff d8 ff e0 00 10 4a 46 49 46 00 01 01 00 00 01 ... 5b 16 a9 c1 fb a7 ff d9 [71100 bytes]
2025-04-17 21:54:54,994 - websockets.client - DEBUG - > BINARY ff d8 ff e0 00 10 4a 46 49 46 00 01 01 00 00 01 ... 54 a9 c7 d9 be e7 ff d9 [71024 bytes]
2025-04-17 21:54:55,105 - websockets.client - DEBUG - > BINARY ff d8 ff e0 00 10 4a 46 49 46 00 01 01 00 00 01 ... ec dd 55 78 2b b3 ff d9 [71485 bytes]
2025-04-17 21:54:55,178 - websockets.client - DEBUG - < TEXT '[{"box": [127, 217, 511, 262], "is_felix": true...": 0.5032652616500854}]' [83 bytes]
2025-04-17 21:54:55,179 - IseeYou.FelixTrackingClient - DEBUG - [RECEIVER] Frame #7: Received 1 detections (1 Felix)
2025-04-17 21:54:55,229 - websockets.client - DEBUG - > BINARY ff d8 ff e0 00 10 4a 46 49 46 00 01 01 00 00 01 ... 96 e1 26 93 7a dc ff d9 [71156 bytes]
2025-04-17 21:54:55,338 - websockets.client - DEBUG - > BINARY ff d8 ff e0 00 10 4a 46 49 46 00 01 01 00 00 01 ... 54 e9 cd 5d 6e 7f ff d9 [70892 bytes]
2025-04-17 21:54:55,448 - websockets.client - DEBUG - > BINARY ff d8 ff e0 00 10 4a 46 49 46 00 01 01 00 00 01 ... 54 e9 cd 5d 6e 7f ff d9 [70892 bytes]
2025-04-17 21:54:55,556 - websockets.client - DEBUG - > BINARY ff d8 ff e0 00 10 4a 46 49 46 00 01 01 00 00 01 ... 97 2a 7c cf 99 23 ff d9 [71183 bytes]
2025-04-17 21:54:55,670 - websockets.client - DEBUG - > BINARY ff d8 ff e0 00 10 4a 46 49 46 00 01 01 00 00 01 ... a1 5e cf 9e f1 47 ff d9 [71083 bytes]
2025-04-17 21:54:55,792 - websockets.client - DEBUG - > BINARY ff d8 ff e0 00 10 4a 46 49 46 00 01 01 00 00 01 ... da 28 b7 05 57 53 ff d9 [71509 bytes]
2025-04-17 21:54:55,876 - websockets.client - DEBUG - < TEXT '[{"box": [127, 217, 511, 262], "is_felix": true...": 0.5032652616500854}]' [83 bytes]
2025-04-17 21:54:55,876 - IseeYou.FelixTrackingClient - DEBUG - [RECEIVER] Frame #8: Received 1 detections (1 Felix)
2025-04-17 21:54:55,917 - websockets.client - DEBUG - > BINARY ff d8 ff e0 00 10 4a 46 49 46 00 01 01 00 00 01 ... 2e 8c 23 51 39 33 ff d9 [71102 bytes]
2025-04-17 21:54:56,025 - websockets.client - DEBUG - > BINARY ff d8 ff e0 00 10 4a 46 49 46 00 01 01 00 00 01 ... 2e 54 e3 ec 9d cf ff d9 [71382 bytes]
2025-04-17 21:54:56,135 - websockets.client - DEBUG - > BINARY ff d8 ff e0 00 10 4a 46 49 46 00 01 01 00 00 01 ... 84 67 05 cd bf 73 ff d9 [71356 bytes]
2025-04-17 21:54:56,244 - websockets.client - DEBUG - > BINARY ff d8 ff e0 00 10 4a 46 49 46 00 01 01 00 00 01 ... 14 e9 c5 c6 d2 3f ff d9 [71337 bytes]
2025-04-17 21:54:56,353 - websockets.client - DEBUG - > BINARY ff d8 ff e0 00 10 4a 46 49 46 00 01 01 00 00 01 ... bd 92 94 52 5b b3 ff d9 [71316 bytes]
2025-04-17 21:54:56,476 - websockets.client - DEBUG - > BINARY ff d8 ff e0 00 10 4a 46 49 46 00 01 01 00 00 01 ... 7d 8b 74 d4 a3 a9 ff d9 [71459 bytes]
2025-04-17 21:54:56,585 - websockets.client - DEBUG - > BINARY ff d8 ff e0 00 10 4a 46 49 46 00 01 01 00 00 01 ... 7d 8b 74 d4 a3 a9 ff d9 [71459 bytes]
2025-04-17 21:54:56,669 - websockets.client - DEBUG - < TEXT '[{"box": [126, 217, 512, 262], "is_felix": true...": 0.5040745139122009}]' [83 bytes]
2025-04-17 21:54:56,669 - IseeYou.FelixTrackingClient - DEBUG - [RECEIVER] Frame #9: Received 1 detections (1 Felix)
2025-04-17 21:54:56,709 - websockets.client - DEBUG - > BINARY ff d8 ff e0 00 10 4a 46 49 46 00 01 01 00 00 01 ... 5d 18 3a 89 b6 7f ff d9 [71099 bytes]
2025-04-17 21:54:56,819 - websockets.client - DEBUG - > BINARY ff d8 ff e0 00 10 4a 46 49 46 00 01 01 00 00 01 ... 05 aa 71 ac b9 8f ff d9 [71202 bytes]
2025-04-17 21:54:56,942 - websockets.client - DEBUG - > BINARY ff d8 ff e0 00 10 4a 46 49 46 00 01 01 00 00 01 ... 9a 46 14 dc 55 d9 ff d9 [71450 bytes]
2025-04-17 21:54:57,065 - websockets.client - DEBUG - > BINARY ff d8 ff e0 00 10 4a 46 49 46 00 01 01 00 00 01 ... 1a 42 31 bf 2b 3f ff d9 [71179 bytes]
2025-04-17 21:54:57,174 - websockets.client - DEBUG - > BINARY ff d8 ff e0 00 10 4a 46 49 46 00 01 01 00 00 01 ... 94 7b 96 a1 cb b9 ff d9 [71332 bytes]
2025-04-17 21:54:57,284 - websockets.client - DEBUG - < TEXT '[{"box": [126, 218, 511, 261], "is_felix": true...e": 0.502124011516571}]' [82 bytes]
2025-04-17 21:54:57,285 - IseeYou.FelixTrackingClient - DEBUG - [RECEIVER] Frame #10: Received 1 detections (1 Felix)
2025-04-17 21:54:57,285 - websockets.client - DEBUG - > BINARY ff d8 ff e0 00 10 4a 46 49 46 00 01 01 00 00 01 ... fb 17 46 3c da c8 ff d9 [71279 bytes]
2025-04-17 21:54:57,407 - websockets.client - DEBUG - > BINARY ff d8 ff e0 00 10 4a 46 49 46 00 01 01 00 00 01 ... 17 cb 16 b9 ae 7f ff d9 [71293 bytes]
2025-04-17 21:54:57,517 - websockets.client - DEBUG - > BINARY ff d8 ff e0 00 10 4a 46 49 46 00 01 01 00 00 01 ... 56 68 a1 ee 59 9f ff d9 [71420 bytes]
2025-04-17 21:54:57,630 - websockets.client - DEBUG - > BINARY ff d8 ff e0 00 10 4a 46 49 46 00 01 01 00 00 01 ... d2 8c 69 c5 a4 d9 ff d9 [71090 bytes]
2025-04-17 21:54:57,752 - websockets.client - DEBUG - > BINARY ff d8 ff e0 00 10 4a 46 49 46 00 01 01 00 00 01 ... e1 05 29 f3 49 1f ff d9 [71424 bytes]
2025-04-17 21:54:57,860 - websockets.client - DEBUG - > BINARY ff d8 ff e0 00 10 4a 46 49 46 00 01 01 00 00 01 ... 84 60 92 4d da e7 ff d9 [71024 bytes]
2025-04-17 21:54:57,970 - websockets.client - DEBUG - > BINARY ff d8 ff e0 00 10 4a 46 49 46 00 01 01 00 00 01 ... 84 60 92 4d da e7 ff d9 [71024 bytes]
2025-04-17 21:54:58,065 - websockets.client - DEBUG - < TEXT '[{"box": [126, 218, 513, 261], "is_felix": true...": 0.5027055740356445}]' [83 bytes]
2025-04-17 21:54:58,068 - IseeYou.FelixTrackingClient - DEBUG - [RECEIVER] Frame #11: Received 1 detections (1 Felix)
2025-04-17 21:54:58,070 - websockets.client - DEBUG - > BINARY ff d8 ff e0 00 10 4a 46 49 46 00 01 01 00 00 01 ... 69 46 33 8a 5d 8f ff d9 [71422 bytes]
2025-04-17 21:54:58,187 - websockets.client - DEBUG - > BINARY ff d8 ff e0 00 10 4a 46 49 46 00 01 01 00 00 01 ... 8d 29 c1 ce 57 67 ff d9 [71241 bytes]
2025-04-17 21:54:58,311 - websockets.client - DEBUG - > BINARY ff d8 ff e0 00 10 4a 46 49 46 00 01 01 00 00 01 ... d0 d2 10 b5 ad d4 ff d9 [71352 bytes]
2025-04-17 21:54:58,434 - websockets.client - DEBUG - > BINARY ff d8 ff e0 00 10 4a 46 49 46 00 01 01 00 00 01 ... 51 8c 7d eb de e7 ff d9 [71063 bytes]
2025-04-17 21:54:58,558 - websockets.client - DEBUG - > BINARY ff d8 ff e0 00 10 4a 46 49 46 00 01 01 00 00 01 ... 66 6a e2 af 74 7f ff d9 [71019 bytes]
2025-04-17 21:54:58,680 - websockets.client - DEBUG - > BINARY ff d8 ff e0 00 10 4a 46 49 46 00 01 01 00 00 01 ... 8c 1a 49 a5 7b 1f ff d9 [70903 bytes]
2025-04-17 21:54:58,772 - websockets.client - DEBUG - < TEXT '[{"box": [127, 217, 511, 262], "is_felix": true...": 0.5029475688934326}]' [83 bytes]
2025-04-17 21:54:58,774 - IseeYou.FelixTrackingClient - DEBUG - [RECEIVER] Frame #12: Received 1 detections (1 Felix)
2025-04-17 21:54:58,804 - websockets.client - DEBUG - > BINARY ff d8 ff e0 00 10 4a 46 49 46 00 01 01 00 00 01 ... b1 ac 61 09 26 7f ff d9 [70882 bytes]
2025-04-17 21:54:58,914 - websockets.client - DEBUG - > BINARY ff d8 ff e0 00 10 4a 46 49 46 00 01 01 00 00 01 ... 60 dd 57 cc b4 3f ff d9 [70992 bytes]
2025-04-17 21:54:59,037 - websockets.client - DEBUG - > BINARY ff d8 ff e0 00 10 4a 46 49 46 00 01 01 00 00 01 ... aa 84 67 1e 74 7f ff d9 [71193 bytes]
2025-04-17 21:54:59,145 - websockets.client - DEBUG - > BINARY ff d8 ff e0 00 10 4a 46 49 46 00 01 01 00 00 01 ... 9b d2 8a 9d ec cf ff d9 [71441 bytes]
2025-04-17 21:54:59,254 - websockets.client - DEBUG - > BINARY ff d8 ff e0 00 10 4a 46 49 46 00 01 01 00 00 01 ... 7c 3c 5c 9a 72 3f ff d9 [71310 bytes]
2025-04-17 21:54:59,362 - websockets.client - DEBUG - > BINARY ff d8 ff e0 00 10 4a 46 49 46 00 01 01 00 00 01 ... 7c 3c 5c 9a 72 3f ff d9 [71310 bytes]
2025-04-17 21:54:59,376 - websockets.client - DEBUG - < TEXT '[{"box": [126, 217, 512, 262], "is_felix": true...": 0.5001659989356995}]' [83 bytes]
2025-04-17 21:54:59,377 - IseeYou.FelixTrackingClient - DEBUG - [RECEIVER] Frame #13: Received 1 detections (1 Felix)
2025-04-17 21:54:59,471 - websockets.client - DEBUG - > BINARY ff d8 ff e0 00 10 4a 46 49 46 00 01 01 00 00 01 ... d6 84 1f 3a 71 3f ff d9 [71587 bytes]
2025-04-17 21:54:59,594 - websockets.client - DEBUG - > BINARY ff d8 ff e0 00 10 4a 46 49 46 00 01 01 00 00 01 ... 66 b0 a7 14 93 b1 ff d9 [71749 bytes]
2025-04-17 21:54:59,704 - websockets.client - DEBUG - > BINARY ff d8 ff e0 00 10 4a 46 49 46 00 01 01 00 00 01 ... cd 69 f3 fb 24 91 ff d9 [71654 bytes]
2025-04-17 21:54:59,812 - websockets.client - DEBUG - > BINARY ff d8 ff e0 00 10 4a 46 49 46 00 01 01 00 00 01 ... 66 91 8b b4 65 d0 ff d9 [71811 bytes]
2025-04-17 21:54:59,920 - websockets.client - DEBUG - > BINARY ff d8 ff e0 00 10 4a 46 49 46 00 01 01 00 00 01 ... 91 ad 28 ca 4a e7 ff d9 [71716 bytes]
2025-04-17 21:55:00,034 - websockets.client - DEBUG - > BINARY ff d8 ff e0 00 10 4a 46 49 46 00 01 01 00 00 01 ... 6b 4e 34 df ba d9 ff d9 [71695 bytes]
2025-04-17 21:55:00,080 - websockets.client - DEBUG - < TEXT '[{"box": [125, 218, 513, 261], "is_felix": true...": 0.5039499402046204}]' [83 bytes]
2025-04-17 21:55:00,081 - IseeYou.FelixTrackingClient - DEBUG - [RECEIVER] Frame #14: Received 1 detections (1 Felix)
2025-04-17 21:55:00,140 - websockets.client - DEBUG - > BINARY ff d8 ff e0 00 10 4a 46 49 46 00 01 01 00 00 01 ... cd 21 09 2d 52 3f ff d9 [72069 bytes]
2025-04-17 21:55:00,249 - websockets.client - DEBUG - > BINARY ff d8 ff e0 00 10 4a 46 49 46 00 01 01 00 00 01 ... cd 21 09 2d 52 3f ff d9 [72069 bytes]
2025-04-17 21:55:00,357 - websockets.client - DEBUG - > BINARY ff d8 ff e0 00 10 4a 46 49 46 00 01 01 00 00 01 ... f6 35 84 54 d5 91 ff d9 [72091 bytes]
2025-04-17 21:55:00,465 - websockets.client - DEBUG - > BINARY ff d8 ff e0 00 10 4a 46 49 46 00 01 01 00 00 01 ... a2 1c c9 a6 9e 8c ff d9 [71850 bytes]
2025-04-17 21:55:00,577 - websockets.client - DEBUG - > BINARY ff d8 ff e0 00 10 4a 46 49 46 00 01 01 00 00 01 ... ed 63 7a 69 68 7f ff d9 [71717 bytes]
2025-04-17 21:55:00,684 - websockets.client - DEBUG - > BINARY ff d8 ff e0 00 10 4a 46 49 46 00 01 01 00 00 01 ... c7 45 28 a8 45 d8 ff d9 [71626 bytes]
2025-04-17 21:55:00,775 - websockets.client - DEBUG - > PING 25 12 60 8e [binary, 4 bytes]
2025-04-17 21:55:00,775 - websockets.client - DEBUG - % sent keepalive ping
2025-04-17 21:55:00,779 - websockets.client - DEBUG - < TEXT '[{"box": [126, 214, 512, 265], "is_felix": true...": 0.5022135972976685}]' [83 bytes]
2025-04-17 21:55:00,779 - IseeYou.FelixTrackingClient - DEBUG - [RECEIVER] Frame #15: Received 1 detections (1 Felix)
2025-04-17 21:55:00,780 - websockets.client - DEBUG - > BINARY ff d8 ff e0 00 10 4a 46 49 46 00 01 01 00 00 01 ... c3 c6 10 94 5b 3f ff d9 [71577 bytes]
2025-04-17 21:55:00,889 - websockets.client - DEBUG - > BINARY ff d8 ff e0 00 10 4a 46 49 46 00 01 01 00 00 01 ... 36 e5 53 9f bd b1 ff d9 [71654 bytes]
2025-04-17 21:55:00,999 - websockets.client - DEBUG - > BINARY ff d8 ff e0 00 10 4a 46 49 46 00 01 01 00 00 01 ... 9a 6a 35 1f 32 3f ff d9 [71344 bytes]
2025-04-17 21:55:01,111 - websockets.client - DEBUG - > BINARY ff d8 ff e0 00 10 4a 46 49 46 00 01 01 00 00 01 ... ec 76 52 69 ab 9f ff d9 [71560 bytes]
2025-04-17 21:55:01,233 - websockets.client - DEBUG - > BINARY ff d8 ff e0 00 10 4a 46 49 46 00 01 01 00 00 01 ... da 8c 94 96 bb 9f ff d9 [71450 bytes]
2025-04-17 21:55:01,342 - websockets.client - DEBUG - > BINARY ff d8 ff e0 00 10 4a 46 49 46 00 01 01 00 00 01 ... c7 4d 17 cc ee cf ff d9 [71458 bytes]
2025-04-17 21:55:01,452 - websockets.client - DEBUG - > BINARY ff d8 ff e0 00 10 4a 46 49 46 00 01 01 00 00 01 ... 2e 86 f4 9b 7b 9f ff d9 [71264 bytes]
2025-04-17 21:55:01,455 - IseeYou.FelixTrackingClient - DEBUG - [CAPTURE] Sent frame 100 (71264 bytes)
2025-04-17 21:55:01,477 - websockets.client - DEBUG - < TEXT '[{"box": [126, 214, 512, 265], "is_felix": true...": 0.5020034909248352}]' [83 bytes]
2025-04-17 21:55:01,478 - IseeYou.FelixTrackingClient - DEBUG - [RECEIVER] Frame #16: Received 1 detections (1 Felix)
2025-04-17 21:55:01,565 - websockets.client - DEBUG - > BINARY ff d8 ff e0 00 10 4a 46 49 46 00 01 01 00 00 01 ... 67 4a 83 e6 d7 63 ff d9 [71620 bytes]
2025-04-17 21:55:01,686 - websockets.client - DEBUG - > BINARY ff d8 ff e0 00 10 4a 46 49 46 00 01 01 00 00 01 ... 1b 53 82 52 5e 47 ff d9 [71454 bytes]
2025-04-17 21:55:01,795 - websockets.client - DEBUG - > BINARY ff d8 ff e0 00 10 4a 46 49 46 00 01 01 00 00 01 ... 36 68 a3 28 ad 4f ff d9 [71277 bytes]
2025-04-17 21:55:01,906 - websockets.client - DEBUG - > BINARY ff d8 ff e0 00 10 4a 46 49 46 00 01 01 00 00 01 ... ea 53 a4 a3 0e e7 ff d9 [71438 bytes]
2025-04-17 21:55:02,015 - websockets.client - DEBUG - > BINARY ff d8 ff e0 00 10 4a 46 49 46 00 01 01 00 00 01 ... 5b 04 69 4b aa d0 ff d9 [71469 bytes]
2025-04-17 21:55:02,126 - websockets.client - DEBUG - > BINARY ff d8 ff e0 00 10 4a 46 49 46 00 01 01 00 00 01 ... 5b 04 69 4b aa d0 ff d9 [71469 bytes]
2025-04-17 21:55:02,235 - websockets.client - DEBUG - > BINARY ff d8 ff e0 00 10 4a 46 49 46 00 01 01 00 00 01 ... 1f 22 69 5f 7e e7 ff d9 [71534 bytes]
2025-04-17 21:55:02,275 - websockets.client - DEBUG - < TEXT '[{"box": [125, 215, 514, 264], "is_felix": true...": 0.5016515851020813}]' [83 bytes]
2025-04-17 21:55:02,276 - IseeYou.FelixTrackingClient - DEBUG - [RECEIVER] Frame #17: Received 1 detections (1 Felix)
2025-04-17 21:55:02,343 - websockets.client - DEBUG - > BINARY ff d8 ff e0 00 10 4a 46 49 46 00 01 01 00 00 01 ... 8d 39 28 f3 34 7f ff d9 [71365 bytes]
2025-04-17 21:55:02,453 - websockets.client - DEBUG - > BINARY ff d8 ff e0 00 10 4a 46 49 46 00 01 01 00 00 01 ... 15 08 4a 09 a5 d4 ff d9 [71032 bytes]
2025-04-17 21:55:02,564 - websockets.client - DEBUG - > BINARY ff d8 ff e0 00 10 4a 46 49 46 00 01 01 00 00 01 ... b7 29 41 ba 4e 2c ff d9 [71197 bytes]
2025-04-17 21:55:02,686 - websockets.client - DEBUG - > BINARY ff d8 ff e0 00 10 4a 46 49 46 00 01 01 00 00 01 ... 94 a5 1a 8e 37 67 ff d9 [71237 bytes]
2025-04-17 21:55:02,795 - websockets.client - DEBUG - > BINARY ff d8 ff e0 00 10 4a 46 49 46 00 01 01 00 00 01 ... a6 a5 46 1c b1 b9 ff d9 [71450 bytes]
2025-04-17 21:55:02,903 - websockets.client - DEBUG - > BINARY ff d8 ff e0 00 10 4a 46 49 46 00 01 01 00 00 01 ... 4a 9c 9c 1b 5b 1f ff d9 [71443 bytes]
2025-04-17 21:55:03,012 - websockets.client - DEBUG - > BINARY ff d8 ff e0 00 10 4a 46 49 46 00 01 01 00 00 01 ... 15 4e 11 bb be c7 ff d9 [71625 bytes]
2025-04-17 21:55:03,073 - websockets.client - DEBUG - < TEXT '[{"box": [126, 214, 512, 265], "is_felix": true...": 0.5018653273582458}]' [83 bytes]
2025-04-17 21:55:03,073 - IseeYou.FelixTrackingClient - DEBUG - [RECEIVER] Frame #18: Received 1 detections (1 Felix)
2025-04-17 21:55:03,123 - websockets.client - DEBUG - > BINARY ff d8 ff e0 00 10 4a 46 49 46 00 01 01 00 00 01 ... 7b 35 14 9c 96 e7 ff d9 [71061 bytes]
2025-04-17 21:55:03,232 - websockets.client - DEBUG - > BINARY ff d8 ff e0 00 10 4a 46 49 46 00 01 01 00 00 01 ... 7b 35 14 9c 96 e7 ff d9 [71061 bytes]
2025-04-17 21:55:03,341 - websockets.client - DEBUG - > BINARY ff d8 ff e0 00 10 4a 46 49 46 00 01 01 00 00 01 ... d8 a8 c6 51 57 3f ff d9 [70727 bytes]
2025-04-17 21:55:03,452 - websockets.client - DEBUG - > BINARY ff d8 ff e0 00 10 4a 46 49 46 00 01 01 00 00 01 ... 96 c5 c2 0e 7b 9f ff d9 [70963 bytes]
2025-04-17 21:55:03,576 - websockets.client - DEBUG - > BINARY ff d8 ff e0 00 10 4a 46 49 46 00 01 01 00 00 01 ... ac 52 84 a9 fb e8 ff d9 [70692 bytes]
2025-04-17 21:55:03,685 - websockets.client - DEBUG - > BINARY ff d8 ff e0 00 10 4a 46 49 46 00 01 01 00 00 01 ... d1 97 ec e4 9d 99 ff d9 [70416 bytes]
2025-04-17 21:55:03,775 - websockets.client - DEBUG - < TEXT '[{"box": [126, 214, 512, 265], "is_felix": true...": 0.5018653273582458}]' [83 bytes]
2025-04-17 21:55:03,779 - IseeYou.FelixTrackingClient - DEBUG - [RECEIVER] Frame #19: Received 1 detections (1 Felix)
2025-04-17 21:55:03,780 - websockets.client - DEBUG - > BINARY ff d8 ff e0 00 10 4a 46 49 46 00 01 01 00 00 01 ... d1 97 ec e4 9d 99 ff d9 [70416 bytes]
2025-04-17 21:55:03,888 - websockets.client - DEBUG - > BINARY ff d8 ff e0 00 10 4a 46 49 46 00 01 01 00 00 01 ... 2e c8 ae 4d 2e 7f ff d9 [70703 bytes]
2025-04-17 21:55:03,998 - websockets.client - DEBUG - > BINARY ff d8 ff e0 00 10 4a 46 49 46 00 01 01 00 00 01 ... 2e c8 ae 4d 2e 7f ff d9 [70703 bytes]
2025-04-17 21:55:04,106 - websockets.client - DEBUG - > BINARY ff d8 ff e0 00 10 4a 46 49 46 00 01 01 00 00 01 ... 34 a7 04 e3 79 23 ff d9 [70676 bytes]
2025-04-17 21:55:04,218 - websockets.client - DEBUG - > BINARY ff d8 ff e0 00 10 4a 46 49 46 00 01 01 00 00 01 ... 4a 8c 2e ec f6 3f ff d9 [70502 bytes]
2025-04-17 21:55:04,341 - websockets.client - DEBUG - > BINARY ff d8 ff e0 00 10 4a 46 49 46 00 01 01 00 00 01 ... f0 ea 54 21 27 23 ff d9 [70671 bytes]
2025-04-17 21:55:04,451 - websockets.client - DEBUG - > BINARY ff d8 ff e0 00 10 4a 46 49 46 00 01 01 00 00 01 ... 75 ec ca 50 7c c7 ff d9 [70453 bytes]
2025-04-17 21:55:04,477 - websockets.client - DEBUG - < TEXT '[{"box": [126, 214, 513, 265], "is_felix": true...": 0.5031031966209412}]' [83 bytes]
2025-04-17 21:55:04,477 - IseeYou.FelixTrackingClient - DEBUG - [RECEIVER] Frame #20: Received 1 detections (1 Felix)
2025-04-17 21:55:04,558 - websockets.client - DEBUG - > BINARY ff d8 ff e0 00 10 4a 46 49 46 00 01 01 00 00 01 ... 4a c5 42 0d bb b3 ff d9 [70360 bytes]
2025-04-17 21:55:04,668 - websockets.client - DEBUG - > BINARY ff d8 ff e0 00 10 4a 46 49 46 00 01 01 00 00 01 ... 56 b1 71 83 6e e8 ff d9 [71052 bytes]
2025-04-17 21:55:04,792 - websockets.client - DEBUG - > BINARY ff d8 ff e0 00 10 4a 46 49 46 00 01 01 00 00 01 ... dd 2b 94 a9 c9 9f ff d9 [70816 bytes]
2025-04-17 21:55:04,914 - websockets.client - DEBUG - > BINARY ff d8 ff e0 00 10 4a 46 49 46 00 01 01 00 00 01 ... 74 a5 06 96 bb 1f ff d9 [71225 bytes]
2025-04-17 21:55:05,023 - websockets.client - DEBUG - > BINARY ff d8 ff e0 00 10 4a 46 49 46 00 01 01 00 00 01 ... e5 51 2d 42 5b 9f ff d9 [71270 bytes]
2025-04-17 21:55:05,132 - websockets.client - DEBUG - > BINARY ff d8 ff e0 00 10 4a 46 49 46 00 01 01 00 00 01 ... ac 54 61 29 5a c8 ff d9 [71030 bytes]
2025-04-17 21:55:05,242 - websockets.client - DEBUG - > BINARY ff d8 ff e0 00 10 4a 46 49 46 00 01 01 00 00 01 ... ac 54 61 29 5a c8 ff d9 [71030 bytes]
2025-04-17 21:55:05,272 - websockets.client - DEBUG - < TEXT '[{"box": [126, 214, 512, 265], "is_felix": true...": 0.5001530051231384}]' [83 bytes]
2025-04-17 21:55:05,273 - IseeYou.FelixTrackingClient - DEBUG - [RECEIVER] Frame #21: Received 1 detections (1 Felix)
2025-04-17 21:55:05,368 - websockets.client - DEBUG - > BINARY ff d8 ff e0 00 10 4a 46 49 46 00 01 01 00 00 01 ... 07 a9 71 83 8a b9 ff d9 [71191 bytes]
2025-04-17 21:55:05,476 - websockets.client - DEBUG - > BINARY ff d8 ff e0 00 10 4a 46 49 46 00 01 01 00 00 01 ... e2 a9 34 71 b2 b9 ff d9 [71514 bytes]
2025-04-17 21:55:05,598 - websockets.client - DEBUG - > BINARY ff d8 ff e0 00 10 4a 46 49 46 00 01 01 00 00 01 ... 46 3a 17 4a 0d 33 ff d9 [71994 bytes]
2025-04-17 21:55:05,707 - websockets.client - DEBUG - > BINARY ff d8 ff e0 00 10 4a 46 49 46 00 01 01 00 00 01 ... 96 e2 50 76 bc 91 ff d9 [71749 bytes]
2025-04-17 21:55:05,815 - websockets.client - DEBUG - > BINARY ff d8 ff e0 00 10 4a 46 49 46 00 01 01 00 00 01 ... 95 ec 64 a3 cc 7f ff d9 [71396 bytes]
2025-04-17 21:55:05,924 - websockets.client - DEBUG - > BINARY ff d8 ff e0 00 10 4a 46 49 46 00 01 01 00 00 01 ... 8f d9 fb 3d 64 8f ff d9 [71532 bytes]
2025-04-17 21:55:05,977 - websockets.client - DEBUG - < TEXT '[{"box": [125, 215, 514, 264], "is_felix": true...": 0.5031675696372986}]' [83 bytes]
2025-04-17 21:55:05,978 - IseeYou.FelixTrackingClient - DEBUG - [RECEIVER] Frame #22: Received 1 detections (1 Felix)
2025-04-17 21:55:06,032 - websockets.client - DEBUG - > BINARY ff d8 ff e0 00 10 4a 46 49 46 00 01 01 00 00 01 ... a7 4a 71 7c d6 3f ff d9 [72155 bytes]
2025-04-17 21:55:06,144 - websockets.client - DEBUG - > BINARY ff d8 ff e0 00 10 4a 46 49 46 00 01 01 00 00 01 ... 8b f6 7e e2 f3 3f ff d9 [71955 bytes]
2025-04-17 21:55:06,252 - websockets.client - DEBUG - > BINARY ff d8 ff e0 00 10 4a 46 49 46 00 01 01 00 00 01 ... 32 a3 45 53 7e 67 ff d9 [72049 bytes]
2025-04-17 21:55:06,360 - websockets.client - DEBUG - > BINARY ff d8 ff e0 00 10 4a 46 49 46 00 01 01 00 00 01 ... 6c 67 28 3b 5d 1f ff d9 [71790 bytes]
2025-04-17 21:55:06,471 - websockets.client - DEBUG - > BINARY ff d8 ff e0 00 10 4a 46 49 46 00 01 01 00 00 01 ... a2 e1 19 c5 27 63 ff d9 [71187 bytes]
2025-04-17 21:55:06,581 - websockets.client - DEBUG - > BINARY ff d8 ff e0 00 10 4a 46 49 46 00 01 01 00 00 01 ... 52 f9 79 92 76 3f ff d9 [71384 bytes]
2025-04-17 21:55:06,691 - websockets.client - DEBUG - > BINARY ff d8 ff e0 00 10 4a 46 49 46 00 01 01 00 00 01 ... 75 07 15 08 dd 9f ff d9 [71329 bytes]
2025-04-17 21:55:06,769 - websockets.client - DEBUG - < TEXT '[{"box": [126, 216, 511, 263], "is_felix": true...": 0.5009246468544006}]' [83 bytes]
2025-04-17 21:55:06,769 - IseeYou.FelixTrackingClient - DEBUG - [RECEIVER] Frame #23: Received 1 detections (1 Felix)
2025-04-17 21:55:06,800 - websockets.client - DEBUG - > BINARY ff d8 ff e0 00 10 4a 46 49 46 00 01 01 00 00 01 ... 42 a1 09 25 cc 7f ff d9 [71392 bytes]
2025-04-17 21:55:06,921 - websockets.client - DEBUG - > BINARY ff d8 ff e0 00 10 4a 46 49 46 00 01 01 00 00 01 ... 42 a1 09 25 cc 7f ff d9 [71392 bytes]
2025-04-17 21:55:07,033 - websockets.client - DEBUG - > BINARY ff d8 ff e0 00 10 4a 46 49 46 00 01 01 00 00 01 ... 58 d1 42 69 d9 9f ff d9 [71012 bytes]
2025-04-17 21:55:07,156 - websockets.client - DEBUG - > BINARY ff d8 ff e0 00 10 4a 46 49 46 00 01 01 00 00 01 ... e6 69 c9 28 c3 98 ff d9 [71480 bytes]
2025-04-17 21:55:07,264 - websockets.client - DEBUG - > BINARY ff d8 ff e0 00 10 4a 46 49 46 00 01 01 00 00 01 ... ec 54 23 ad de e7 ff d9 [71388 bytes]
2025-04-17 21:55:07,373 - websockets.client - DEBUG - > BINARY ff d8 ff e0 00 10 4a 46 49 46 00 01 01 00 00 01 ... b5 cd 3d 9b 4b 53 ff d9 [71294 bytes]
2025-04-17 21:55:07,484 - websockets.client - DEBUG - > BINARY ff d8 ff e0 00 10 4a 46 49 46 00 01 01 00 00 01 ... a3 48 c2 4d d9 9f ff d9 [71316 bytes]
2025-04-17 21:55:07,582 - websockets.client - DEBUG - < TEXT '[{"box": [126, 215, 513, 264], "is_felix": true...": 0.5011985898017883}]' [83 bytes]
2025-04-17 21:55:07,586 - IseeYou.FelixTrackingClient - DEBUG - [RECEIVER] Frame #24: Received 1 detections (1 Felix)
2025-04-17 21:55:07,587 - websockets.client - DEBUG - > BINARY ff d8 ff e0 00 10 4a 46 49 46 00 01 01 00 00 01 ... 5a 17 c8 f9 6e cf ff d9 [71173 bytes]
2025-04-17 21:55:07,703 - websockets.client - DEBUG - > BINARY ff d8 ff e0 00 10 4a 46 49 46 00 01 01 00 00 01 ... c8 70 84 e7 2b 23 ff d9 [71221 bytes]
2025-04-17 21:55:07,814 - websockets.client - DEBUG - > BINARY ff d8 ff e0 00 10 4a 46 49 46 00 01 01 00 00 01 ... 49 0d 42 d7 b7 53 ff d9 [71269 bytes]
2025-04-17 21:55:07,936 - websockets.client - DEBUG - > BINARY ff d8 ff e0 00 10 4a 46 49 46 00 01 01 00 00 01 ... de 3a 0f 92 5d 8f ff d9 [71406 bytes]
2025-04-17 21:55:08,049 - websockets.client - DEBUG - > BINARY ff d8 ff e0 00 10 4a 46 49 46 00 01 01 00 00 01 ... 42 12 82 e6 b5 d1 ff d9 [71460 bytes]
2025-04-17 21:55:08,171 - websockets.client - DEBUG - > BINARY ff d8 ff e0 00 10 4a 46 49 46 00 01 01 00 00 01 ... 57 2a 30 bb 57 d8 ff d9 [71253 bytes]
2025-04-17 21:55:08,279 - websockets.client - DEBUG - < TEXT '[{"box": [126, 214, 513, 265], "is_felix": true...e": 0.501600980758667}]' [82 bytes]
2025-04-17 21:55:08,280 - IseeYou.FelixTrackingClient - DEBUG - [RECEIVER] Frame #25: Received 1 detections (1 Felix)
2025-04-17 21:55:08,280 - websockets.client - DEBUG - > BINARY ff d8 ff e0 00 10 4a 46 49 46 00 01 01 00 00 01 ... 77 aa 29 45 b4 7f ff d9 [71343 bytes]
2025-04-17 21:55:08,392 - websockets.client - DEBUG - > BINARY ff d8 ff e0 00 10 4a 46 49 46 00 01 01 00 00 01 ... a7 14 35 19 29 5c ff d9 [71291 bytes]
2025-04-17 21:55:08,514 - websockets.client - DEBUG - > BINARY ff d8 ff e0 00 10 4a 46 49 46 00 01 01 00 00 01 ... 6d a5 b8 38 34 7f ff d9 [71421 bytes]
2025-04-17 21:55:08,623 - websockets.client - DEBUG - > BINARY ff d8 ff e0 00 10 4a 46 49 46 00 01 01 00 00 01 ... 49 15 18 f2 a6 7f ff d9 [71472 bytes]
2025-04-17 21:55:08,732 - websockets.client - DEBUG - > BINARY ff d8 ff e0 00 10 4a 46 49 46 00 01 01 00 00 01 ... 8e c5 28 5b de 3f ff d9 [71418 bytes]
2025-04-17 21:55:08,842 - websockets.client - DEBUG - > BINARY ff d8 ff e0 00 10 4a 46 49 46 00 01 01 00 00 01 ... 6d 5a cc a5 16 7f ff d9 [71372 bytes]
2025-04-17 21:55:08,878 - websockets.client - DEBUG - < TEXT '[{"box": [126, 214, 512, 265], "is_felix": true...": 0.5019545555114746}]' [83 bytes]
2025-04-17 21:55:08,879 - IseeYou.FelixTrackingClient - DEBUG - [RECEIVER] Frame #26: Received 1 detections (1 Felix)
2025-04-17 21:55:08,965 - websockets.client - DEBUG - > BINARY ff d8 ff e0 00 10 4a 46 49 46 00 01 01 00 00 01 ... d9 96 a0 ed 66 cf ff d9 [71152 bytes]
2025-04-17 21:55:09,074 - websockets.client - DEBUG - > BINARY ff d8 ff e0 00 10 4a 46 49 46 00 01 01 00 00 01 ... fb d7 1c a2 e3 b9 ff d9 [71274 bytes]
2025-04-17 21:55:09,183 - websockets.client - DEBUG - > BINARY ff d8 ff e0 00 10 4a 46 49 46 00 01 01 00 00 01 ... 42 70 76 92 2f 90 ff d9 [71211 bytes]
2025-04-17 21:55:09,291 - websockets.client - DEBUG - > BINARY ff d8 ff e0 00 10 4a 46 49 46 00 01 01 00 00 01 ... 8a 56 29 41 25 73 ff d9 [71351 bytes]
2025-04-17 21:55:09,400 - websockets.client - DEBUG - > BINARY ff d8 ff e0 00 10 4a 46 49 46 00 01 01 00 00 01 ... 2a 50 94 52 76 dc ff d9 [71327 bytes]
2025-04-17 21:55:09,510 - websockets.client - DEBUG - > BINARY ff d8 ff e0 00 10 4a 46 49 46 00 01 01 00 00 01 ... f3 42 c1 18 26 7f ff d9 [71400 bytes]
2025-04-17 21:55:09,619 - websockets.client - DEBUG - > BINARY ff d8 ff e0 00 10 4a 46 49 46 00 01 01 00 00 01 ... d8 a5 09 a5 74 8f ff d9 [71291 bytes]
2025-04-17 21:55:09,675 - websockets.client - DEBUG - < TEXT '[{"box": [126, 215, 511, 264], "is_felix": true...": 0.5017990469932556}]' [83 bytes]
2025-04-17 21:55:09,676 - IseeYou.FelixTrackingClient - DEBUG - [RECEIVER] Frame #27: Received 1 detections (1 Felix)
2025-04-17 21:55:09,742 - websockets.client - DEBUG - > BINARY ff d8 ff e0 00 10 4a 46 49 46 00 01 01 00 00 01 ... 15 08 49 36 ec 7f ff d9 [71219 bytes]
2025-04-17 21:55:09,852 - websockets.client - DEBUG - > BINARY ff d8 ff e0 00 10 4a 46 49 46 00 01 01 00 00 01 ... b5 ba 1a 8b 52 d4 ff d9 [71206 bytes]
2025-04-17 21:55:09,961 - websockets.client - DEBUG - > BINARY ff d8 ff e0 00 10 4a 46 49 46 00 01 01 00 00 01 ... b4 e3 62 e1 0e ac ff d9 [71363 bytes]
2025-04-17 21:55:10,070 - websockets.client - DEBUG - > BINARY ff d8 ff e0 00 10 4a 46 49 46 00 01 01 00 00 01 ... b6 1c 61 26 ac 8f ff d9 [71397 bytes]
2025-04-17 21:55:10,180 - websockets.client - DEBUG - > BINARY ff d8 ff e0 00 10 4a 46 49 46 00 01 01 00 00 01 ... b6 1c 61 26 ac 8f ff d9 [71397 bytes]
2025-04-17 21:55:10,288 - websockets.client - DEBUG - > BINARY ff d8 ff e0 00 10 4a 46 49 46 00 01 01 00 00 01 ... d4 a8 46 49 f3 1f ff d9 [71235 bytes]
2025-04-17 21:55:10,398 - websockets.client - DEBUG - > BINARY ff d8 ff e0 00 10 4a 46 49 46 00 01 01 00 00 01 ... 9e 88 b4 a4 9d cf ff d9 [71354 bytes]
2025-04-17 21:55:10,476 - websockets.client - DEBUG - < TEXT '[{"box": [126, 215, 511, 264], "is_felix": true...": 0.5017990469932556}]' [83 bytes]
2025-04-17 21:55:10,477 - IseeYou.FelixTrackingClient - DEBUG - [RECEIVER] Frame #28: Received 1 detections (1 Felix)
2025-04-17 21:55:10,525 - websockets.client - DEBUG - > BINARY ff d8 ff e0 00 10 4a 46 49 46 00 01 01 00 00 01 ... 70 65 b8 a5 6f 33 ff d9 [71176 bytes]
2025-04-17 21:55:10,648 - websockets.client - DEBUG - > BINARY ff d8 ff e0 00 10 4a 46 49 46 00 01 01 00 00 01 ... 2d ae 0a 0d 47 43 ff d9 [71192 bytes]
2025-04-17 21:55:10,756 - websockets.client - DEBUG - > BINARY ff d8 ff e0 00 10 4a 46 49 46 00 01 01 00 00 01 ... 2e 2f 72 9c 54 4f ff d9 [71411 bytes]
2025-04-17 21:55:10,866 - websockets.client - DEBUG - > BINARY ff d8 ff e0 00 10 4a 46 49 46 00 01 01 00 00 01 ... ba 32 a3 07 1e a7 ff d9 [71264 bytes]
2025-04-17 21:55:10,975 - websockets.client - DEBUG - > BINARY ff d8 ff e0 00 10 4a 46 49 46 00 01 01 00 00 01 ... dc a8 c5 c5 79 1f ff d9 [71401 bytes]
2025-04-17 21:55:11,083 - websockets.client - DEBUG - > BINARY ff d8 ff e0 00 10 4a 46 49 46 00 01 01 00 00 01 ... 45 38 54 b5 92 d0 ff d9 [71211 bytes]
2025-04-17 21:55:11,180 - websockets.client - DEBUG - < TEXT '[{"box": [126, 216, 512, 263], "is_felix": true...": 0.5012590885162354}]' [83 bytes]
2025-04-17 21:55:11,184 - IseeYou.FelixTrackingClient - DEBUG - [RECEIVER] Frame #29: Received 1 detections (1 Felix)
2025-04-17 21:55:11,185 - websockets.client - DEBUG - > BINARY ff d8 ff e0 00 10 4a 46 49 46 00 01 01 00 00 01 ... 45 38 54 b5 92 d0 ff d9 [71211 bytes]
2025-04-17 21:55:11,301 - websockets.client - DEBUG - > BINARY ff d8 ff e0 00 10 4a 46 49 46 00 01 01 00 00 01 ... f7 46 e1 a5 ec 7f ff d9 [71268 bytes]
2025-04-17 21:55:11,411 - websockets.client - DEBUG - > BINARY ff d8 ff e0 00 10 4a 46 49 46 00 01 01 00 00 01 ... 41 ca 12 a6 b5 3f ff d9 [71371 bytes]
2025-04-17 21:55:11,523 - websockets.client - DEBUG - > BINARY ff d8 ff e0 00 10 4a 46 49 46 00 01 01 00 00 01 ... e8 c6 a1 38 fc 48 ff d9 [71540 bytes]
2025-04-17 21:55:11,644 - websockets.client - DEBUG - > BINARY ff d8 ff e0 00 10 4a 46 49 46 00 01 01 00 00 01 ... 32 4f a9 4e 2d 1f ff d9 [71509 bytes]
2025-04-17 21:55:11,754 - websockets.client - DEBUG - > BINARY ff d8 ff e0 00 10 4a 46 49 46 00 01 01 00 00 01 ... b5 a9 7c 43 51 68 ff d9 [71111 bytes]
2025-04-17 21:55:11,877 - websockets.client - DEBUG - < TEXT '[{"box": [126, 216, 512, 263], "is_felix": true...": 0.5003488063812256}]' [83 bytes]
2025-04-17 21:55:11,878 - websockets.client - DEBUG - < PING 61 25 ad 2f [binary, 4 bytes]
2025-04-17 21:55:11,878 - websockets.client - DEBUG - > PONG 61 25 ad 2f [binary, 4 bytes]
2025-04-17 21:55:11,878 - IseeYou.FelixTrackingClient - DEBUG - [RECEIVER] Frame #30: Received 1 detections (1 Felix)
2025-04-17 21:55:11,878 - websockets.client - DEBUG - > BINARY ff d8 ff e0 00 10 4a 46 49 46 00 01 01 00 00 01 ... 24 8b e4 77 bd cf ff d9 [71056 bytes]
2025-04-17 21:55:11,987 - websockets.client - DEBUG - > BINARY ff d8 ff e0 00 10 4a 46 49 46 00 01 01 00 00 01 ... 27 6b 02 8b 4a c7 ff d9 [71219 bytes]
2025-04-17 21:55:12,099 - websockets.client - DEBUG - > BINARY ff d8 ff e0 00 10 4a 46 49 46 00 01 01 00 00 01 ... 46 12 8c 74 5a 1f ff d9 [71266 bytes]
2025-04-17 21:55:12,224 - websockets.client - DEBUG - > BINARY ff d8 ff e0 00 10 4a 46 49 46 00 01 01 00 00 01 ... 9a 34 8c 75 b2 67 ff d9 [71498 bytes]
2025-04-17 21:55:12,333 - websockets.client - DEBUG - > BINARY ff d8 ff e0 00 10 4a 46 49 46 00 01 01 00 00 01 ... c5 2b 22 a3 0b 9f ff d9 [71582 bytes]
2025-04-17 21:55:12,442 - websockets.client - DEBUG - > BINARY ff d8 ff e0 00 10 4a 46 49 46 00 01 01 00 00 01 ... 2a 0f 66 f9 6e 7f ff d9 [71236 bytes]
2025-04-17 21:55:12,551 - websockets.client - DEBUG - > BINARY ff d8 ff e0 00 10 4a 46 49 46 00 01 01 00 00 01 ... 92 2b 92 71 57 68 ff d9 [71363 bytes]
2025-04-17 21:55:12,582 - websockets.client - DEBUG - < TEXT '[{"box": [127, 216, 511, 263], "is_felix": true...": 0.5007350444793701}]' [83 bytes]
2025-04-17 21:55:12,582 - IseeYou.FelixTrackingClient - DEBUG - [RECEIVER] Frame #31: Received 1 detections (1 Felix)
2025-04-17 21:55:13,274 - websockets.client - DEBUG - < TEXT '[{"box": [126, 216, 512, 263], "is_felix": true...": 0.5017288327217102}]' [83 bytes]
2025-04-17 21:55:13,275 - IseeYou.FelixTrackingClient - DEBUG - [RECEIVER] Frame #32: Received 1 detections (1 Felix)
2025-04-17 21:55:13,879 - websockets.client - DEBUG - < TEXT '[{"box": [126, 215, 513, 264], "is_felix": true...ce": 0.50175940990448}]' [81 bytes]
2025-04-17 21:55:13,880 - IseeYou.FelixTrackingClient - DEBUG - [RECEIVER] Frame #33: Received 1 detections (1 Felix)
2025-04-17 21:55:14,666 - websockets.client - DEBUG - < TEXT '[{"box": [126, 216, 513, 263], "is_felix": true...": 0.5012599229812622}]' [83 bytes]
2025-04-17 21:55:14,667 - IseeYou.FelixTrackingClient - DEBUG - [RECEIVER] Frame #34: Received 1 detections (1 Felix)
2025-04-17 21:55:15,378 - websockets.client - DEBUG - < TEXT '[{"box": [126, 215, 513, 264], "is_felix": true...": 0.5002089738845825}]' [83 bytes]
2025-04-17 21:55:15,378 - IseeYou.FelixTrackingClient - DEBUG - [RECEIVER] Frame #35: Received 1 detections (1 Felix)
2025-04-17 21:55:16,172 - websockets.client - DEBUG - < TEXT '[{"box": [124, 216, 513, 263], "is_felix": true...": 0.5025840997695923}]' [83 bytes]
2025-04-17 21:55:16,172 - IseeYou.FelixTrackingClient - DEBUG - [RECEIVER] Frame #36: Received 1 detections (1 Felix)
2025-04-17 21:55:16,876 - websockets.client - DEBUG - < TEXT '[{"box": [126, 214, 512, 265], "is_felix": true...": 0.5010514855384827}]' [83 bytes]
2025-04-17 21:55:16,877 - IseeYou.FelixTrackingClient - DEBUG - [RECEIVER] Frame #37: Received 1 detections (1 Felix)
2025-04-17 21:55:17,577 - websockets.client - DEBUG - < TEXT '[{"box": [126, 214, 512, 265], "is_felix": true...": 0.5010514855384827}]' [83 bytes]
2025-04-17 21:55:17,578 - IseeYou.FelixTrackingClient - DEBUG - [RECEIVER] Frame #38: Received 1 detections (1 Felix)
2025-04-17 21:55:18,274 - websockets.client - DEBUG - < TEXT '[{"box": [127, 215, 511, 264], "is_felix": true...": 0.5026105642318726}]' [83 bytes]
2025-04-17 21:55:18,274 - IseeYou.FelixTrackingClient - DEBUG - [RECEIVER] Frame #39: Received 1 detections (1 Felix)
2025-04-17 21:55:18,973 - websockets.client - DEBUG - < TEXT '[{"box": [126, 216, 512, 263], "is_felix": true...": 0.5024936199188232}]' [83 bytes]
2025-04-17 21:55:18,973 - IseeYou.FelixTrackingClient - DEBUG - [RECEIVER] Frame #40: Received 1 detections (1 Felix)
2025-04-17 21:55:19,677 - websockets.client - DEBUG - < TEXT '[{"box": [126, 216, 512, 263], "is_felix": true...": 0.5017775893211365}]' [83 bytes]
2025-04-17 21:55:19,678 - IseeYou.FelixTrackingClient - DEBUG - [RECEIVER] Frame #41: Received 1 detections (1 Felix)
2025-04-17 21:55:19,796 - websockets.client - DEBUG - > BINARY ff d8 ff e0 00 10 4a 46 49 46 00 01 01 00 00 01 ... b6 c1 4a 16 57 68 ff d9 [71464 bytes]
2025-04-17 21:55:19,799 - IseeYou.FelixTrackingClient - DEBUG - [CAPTURE] Sent frame 200 (71464 bytes)
2025-04-17 21:55:19,919 - websockets.client - DEBUG - > BINARY ff d8 ff e0 00 10 4a 46 49 46 00 01 01 00 00 01 ... 5c d2 34 79 61 73 ff d9 [71511 bytes]
2025-04-17 21:55:20,029 - websockets.client - DEBUG - > BINARY ff d8 ff e0 00 10 4a 46 49 46 00 01 01 00 00 01 ... 5a 1a 46 9a e4 b9 ff d9 [71314 bytes]
2025-04-17 21:55:20,151 - websockets.client - DEBUG - > BINARY ff d8 ff e0 00 10 4a 46 49 46 00 01 01 00 00 01 ... 95 09 42 da 6e 7f ff d9 [71293 bytes]
2025-04-17 21:55:20,263 - websockets.client - DEBUG - > BINARY ff d8 ff e0 00 10 4a 46 49 46 00 01 01 00 00 01 ... 95 09 42 da 6e 7f ff d9 [71293 bytes]
2025-04-17 21:55:20,372 - websockets.client - DEBUG - > BINARY ff d8 ff e0 00 10 4a 46 49 46 00 01 01 00 00 01 ... 8d 5e 1f dc b2 3f ff d9 [71298 bytes]
2025-04-17 21:55:20,378 - websockets.client - DEBUG - < TEXT '[{"box": [126, 215, 511, 264], "is_felix": true...": 0.5020129680633545}]' [83 bytes]
2025-04-17 21:55:20,378 - IseeYou.FelixTrackingClient - DEBUG - [RECEIVER] Frame #42: Received 1 detections (1 Felix)
2025-04-17 21:55:20,497 - websockets.client - DEBUG - > BINARY ff d8 ff e0 00 10 4a 46 49 46 00 01 01 00 00 01 ... 1d 3a 32 82 bc 8f ff d9 [71026 bytes]
2025-04-17 21:55:20,607 - websockets.client - DEBUG - > BINARY ff d8 ff e0 00 10 4a 46 49 46 00 01 01 00 00 01 ... 86 94 e8 f3 6e 7f ff d9 [70662 bytes]
2025-04-17 21:55:20,718 - websockets.client - DEBUG - > BINARY ff d8 ff e0 00 10 4a 46 49 46 00 01 01 00 00 01 ... d5 99 7c 8f 95 1f ff d9 [70217 bytes]
2025-04-17 21:55:20,827 - websockets.client - DEBUG - > BINARY ff d8 ff e0 00 10 4a 46 49 46 00 01 01 00 00 01 ... 56 d4 7c b2 d2 e7 ff d9 [70239 bytes]
2025-04-17 21:55:20,950 - websockets.client - DEBUG - > BINARY ff d8 ff e0 00 10 4a 46 49 46 00 01 01 00 00 01 ... 8e 31 94 7d e6 7f ff d9 [70307 bytes]
2025-04-17 21:55:21,061 - websockets.client - DEBUG - > BINARY ff d8 ff e0 00 10 4a 46 49 46 00 01 01 00 00 01 ... 8b b0 dc 1a 82 67 ff d9 [70362 bytes]
2025-04-17 21:55:21,074 - websockets.client - DEBUG - < TEXT '[{"box": [126, 215, 512, 264], "is_felix": true...": 0.5024673342704773}]' [83 bytes]
2025-04-17 21:55:21,074 - IseeYou.FelixTrackingClient - DEBUG - [RECEIVER] Frame #43: Received 1 detections (1 Felix)
2025-04-17 21:55:21,172 - websockets.client - DEBUG - > BINARY ff d8 ff e0 00 10 4a 46 49 46 00 01 01 00 00 01 ... 2b ae c3 4b 95 9f ff d9 [70619 bytes]
2025-04-17 21:55:21,294 - websockets.client - DEBUG - > BINARY ff d8 ff e0 00 10 4a 46 49 46 00 01 01 00 00 01 ... e5 6d 82 1a 5d d8 ff d9 [70842 bytes]
2025-04-17 21:55:21,404 - websockets.client - DEBUG - > BINARY ff d8 ff e0 00 10 4a 46 49 46 00 01 01 00 00 01 ... e5 6d 82 1a 5d d8 ff d9 [70842 bytes]
2025-04-17 21:55:21,513 - websockets.client - DEBUG - > BINARY ff d8 ff e0 00 10 4a 46 49 46 00 01 01 00 00 01 ... 74 12 52 e5 ba 47 ff d9 [70942 bytes]
2025-04-17 21:55:21,622 - websockets.client - DEBUG - > BINARY ff d8 ff e0 00 10 4a 46 49 46 00 01 01 00 00 01 ... 8d ed 70 a4 a4 cf ff d9 [71181 bytes]
2025-04-17 21:55:21,676 - websockets.client - DEBUG - < TEXT '[{"box": [126, 215, 512, 264], "is_felix": true...": 0.5031337141990662}]' [83 bytes]
2025-04-17 21:55:21,678 - IseeYou.FelixTrackingClient - DEBUG - [RECEIVER] Frame #44: Received 1 detections (1 Felix)
2025-04-17 21:55:21,747 - websockets.client - DEBUG - > BINARY ff d8 ff e0 00 10 4a 46 49 46 00 01 01 00 00 01 ... 17 4e 32 bd ec 7f ff d9 [71054 bytes]
2025-04-17 21:55:21,855 - websockets.client - DEBUG - > BINARY ff d8 ff e0 00 10 4a 46 49 46 00 01 01 00 00 01 ... ba 84 39 94 d4 cf ff d9 [71152 bytes]
2025-04-17 21:55:21,964 - websockets.client - DEBUG - > BINARY ff d8 ff e0 00 10 4a 46 49 46 00 01 01 00 00 01 ... a8 c2 6a 57 b6 87 ff d9 [70806 bytes]
2025-04-17 21:55:22,086 - websockets.client - DEBUG - > BINARY ff d8 ff e0 00 10 4a 46 49 46 00 01 01 00 00 01 ... 8b 74 5c 61 df 73 ff d9 [71240 bytes]
2025-04-17 21:55:22,197 - websockets.client - DEBUG - > BINARY ff d8 ff e0 00 10 4a 46 49 46 00 01 01 00 00 01 ... a1 6a 13 54 ae 7f ff d9 [71247 bytes]
2025-04-17 21:55:22,306 - websockets.client - DEBUG - > BINARY ff d8 ff e0 00 10 4a 46 49 46 00 01 01 00 00 01 ... 4d 37 a9 5c 92 d0 ff d9 [71066 bytes]
2025-04-17 21:55:22,376 - websockets.client - DEBUG - < TEXT '[{"box": [126, 215, 512, 264], "is_felix": true...": 0.5026587843894958}]' [83 bytes]
2025-04-17 21:55:22,377 - IseeYou.FelixTrackingClient - DEBUG - [RECEIVER] Frame #45: Received 1 detections (1 Felix)
2025-04-17 21:55:22,433 - websockets.client - DEBUG - > BINARY ff d8 ff e0 00 10 4a 46 49 46 00 01 01 00 00 01 ... 4b 52 a9 d3 96 e7 ff d9 [71366 bytes]
2025-04-17 21:55:22,542 - websockets.client - DEBUG - > BINARY ff d8 ff e0 00 10 4a 46 49 46 00 01 01 00 00 01 ... 4b 52 a9 d3 96 e7 ff d9 [71366 bytes]
2025-04-17 21:55:23,077 - websockets.client - DEBUG - < TEXT '[{"box": [126, 216, 512, 263], "is_felix": true...": 0.5004919171333313}]' [83 bytes]
2025-04-17 21:55:23,077 - IseeYou.FelixTrackingClient - DEBUG - [RECEIVER] Frame #46: Received 1 detections (1 Felix)
2025-04-17 21:55:23,780 - websockets.client - DEBUG - < TEXT '[{"box": [126, 216, 512, 263], "is_felix": true...": 0.5004919171333313}]' [83 bytes]
2025-04-17 21:55:23,780 - IseeYou.FelixTrackingClient - DEBUG - [RECEIVER] Frame #47: Received 1 detections (1 Felix)
2025-04-17 21:55:24,478 - websockets.client - DEBUG - < TEXT '[{"box": [126, 214, 512, 265], "is_felix": true...": 0.5008783340454102}]' [83 bytes]
2025-04-17 21:55:24,478 - IseeYou.FelixTrackingClient - DEBUG - [RECEIVER] Frame #48: Received 1 detections (1 Felix)
2025-04-17 21:55:25,270 - websockets.client - DEBUG - < TEXT '[{"box": [127, 215, 510, 264], "is_felix": true...": 0.5034321546554565}]' [83 bytes]
2025-04-17 21:55:25,271 - IseeYou.FelixTrackingClient - DEBUG - [RECEIVER] Frame #49: Received 1 detections (1 Felix)
2025-04-17 21:55:25,980 - websockets.client - DEBUG - < TEXT '[{"box": [126, 214, 512, 265], "is_felix": true...": 0.5006214380264282}]' [83 bytes]
2025-04-17 21:55:25,982 - IseeYou.FelixTrackingClient - DEBUG - [RECEIVER] Frame #50: Received 1 detections (1 Felix)
2025-04-17 21:55:26,770 - websockets.client - DEBUG - < TEXT '[{"box": [126, 215, 512, 264], "is_felix": true...": 0.5024296641349792}]' [83 bytes]
2025-04-17 21:55:26,771 - IseeYou.FelixTrackingClient - DEBUG - [RECEIVER] Frame #51: Received 1 detections (1 Felix)
2025-04-17 21:55:27,472 - websockets.client - DEBUG - < TEXT '[{"box": [126, 215, 511, 264], "is_felix": true...": 0.5033949613571167}]' [83 bytes]
2025-04-17 21:55:27,472 - IseeYou.FelixTrackingClient - DEBUG - [RECEIVER] Frame #52: Received 1 detections (1 Felix)
2025-04-17 21:55:28,181 - websockets.client - DEBUG - < TEXT '[{"box": [126, 214, 512, 265], "is_felix": true...": 0.5027636885643005}]' [83 bytes]
2025-04-17 21:55:28,181 - IseeYou.FelixTrackingClient - DEBUG - [RECEIVER] Frame #53: Received 1 detections (1 Felix)
2025-04-17 21:55:28,876 - websockets.client - DEBUG - < TEXT '[{"box": [127, 215, 512, 264], "is_felix": true...": 0.5023592114448547}]' [83 bytes]
2025-04-17 21:55:28,877 - IseeYou.FelixTrackingClient - DEBUG - [RECEIVER] Frame #54: Received 1 detections (1 Felix)
2025-04-17 21:55:29,674 - websockets.client - DEBUG - < TEXT '[{"box": [127, 215, 511, 264], "is_felix": true...": 0.5024505853652954}]' [83 bytes]
2025-04-17 21:55:29,675 - IseeYou.FelixTrackingClient - DEBUG - [RECEIVER] Frame #55: Received 1 detections (1 Felix)
2025-04-17 21:55:30,377 - websockets.client - DEBUG - < TEXT '[{"box": [126, 216, 512, 263], "is_felix": true...": 0.5015683770179749}]' [83 bytes]
2025-04-17 21:55:30,377 - IseeYou.FelixTrackingClient - DEBUG - [RECEIVER] Frame #56: Received 1 detections (1 Felix)
2025-04-17 21:55:31,577 - websockets.client - DEBUG - < TEXT '[{"box": [126, 216, 512, 263], "is_felix": true...": 0.5015683770179749}]' [83 bytes]
2025-04-17 21:55:31,578 - IseeYou.FelixTrackingClient - DEBUG - [RECEIVER] Frame #57: Received 1 detections (1 Felix)
2025-04-17 21:55:32,377 - websockets.client - DEBUG - < TEXT '[{"box": [125, 214, 513, 265], "is_felix": true...": 0.5007556676864624}]' [83 bytes]
2025-04-17 21:55:32,377 - IseeYou.FelixTrackingClient - DEBUG - [RECEIVER] Frame #58: Received 1 detections (1 Felix)
2025-04-17 21:55:33,082 - websockets.client - DEBUG - < TEXT '[{"box": [126, 216, 511, 263], "is_felix": fals...": 0.4993847608566284}]' [84 bytes]
2025-04-17 21:55:33,083 - IseeYou.FelixTrackingClient - DEBUG - [RECEIVER] Frame #59: Received 1 detections (0 Felix)
2025-04-17 21:55:33,678 - websockets.client - DEBUG - < TEXT '[{"box": [126, 215, 512, 264], "is_felix": fals...: 0.49957481026649475}]' [85 bytes]
2025-04-17 21:55:33,678 - IseeYou.FelixTrackingClient - DEBUG - [RECEIVER] Frame #60: Received 1 detections (0 Felix)
2025-04-17 21:55:34,376 - websockets.client - DEBUG - < TEXT '[{"box": [126, 215, 513, 264], "is_felix": fals...": 0.4995873272418976}]' [84 bytes]
2025-04-17 21:55:34,377 - IseeYou.FelixTrackingClient - DEBUG - [RECEIVER] Frame #61: Received 1 detections (0 Felix)
2025-04-17 21:55:35,076 - websockets.client - DEBUG - < TEXT '[{"box": [126, 215, 512, 264], "is_felix": fals...": 0.4999918043613434}]' [84 bytes]
2025-04-17 21:55:35,077 - IseeYou.FelixTrackingClient - DEBUG - [RECEIVER] Frame #62: Received 1 detections (0 Felix)
2025-04-17 21:55:35,778 - websockets.client - DEBUG - < TEXT '[{"box": [126, 215, 512, 264], "is_felix": fals...: 0.49952149391174316}]' [85 bytes]
2025-04-17 21:55:35,778 - IseeYou.FelixTrackingClient - DEBUG - [RECEIVER] Frame #63: Received 1 detections (0 Felix)
2025-04-17 21:55:35,893 - websockets.client - DEBUG - > BINARY ff d8 ff e0 00 10 4a 46 49 46 00 01 01 00 00 01 ... 4f 94 6a 12 4a ec ff d9 [71840 bytes]
2025-04-17 21:55:36,004 - websockets.client - DEBUG - > BINARY ff d8 ff e0 00 10 4a 46 49 46 00 01 01 00 00 01 ... 4f 94 6a 12 4a ec ff d9 [71840 bytes]
2025-04-17 21:55:36,126 - websockets.client - DEBUG - > BINARY ff d8 ff e0 00 10 4a 46 49 46 00 01 01 00 00 01 ... 31 ca 12 e6 d5 1f ff d9 [71736 bytes]
2025-04-17 21:55:36,250 - websockets.client - DEBUG - > BINARY ff d8 ff e0 00 10 4a 46 49 46 00 01 01 00 00 01 ... ec 8a e5 70 57 67 ff d9 [71960 bytes]
2025-04-17 21:55:36,361 - websockets.client - DEBUG - > BINARY ff d8 ff e0 00 10 4a 46 49 46 00 01 01 00 00 01 ... 38 c2 6e 2a eb 43 ff d9 [71759 bytes]
2025-04-17 21:55:36,379 - websockets.client - DEBUG - < TEXT '[{"box": [126, 215, 512, 264], "is_felix": fals...: 0.49976855516433716}]' [85 bytes]
2025-04-17 21:55:36,379 - IseeYou.FelixTrackingClient - DEBUG - [RECEIVER] Frame #64: Received 1 detections (0 Felix)
2025-04-17 21:55:36,469 - websockets.client - DEBUG - > BINARY ff d8 ff e0 00 10 4a 46 49 46 00 01 01 00 00 01 ... e9 42 69 26 d6 87 ff d9 [71820 bytes]
2025-04-17 21:55:36,580 - websockets.client - DEBUG - > BINARY ff d8 ff e0 00 10 4a 46 49 46 00 01 01 00 00 01 ... 5a 14 a0 e0 ae 8f ff d9 [71708 bytes]
2025-04-17 21:55:36,690 - websockets.client - DEBUG - > BINARY ff d8 ff e0 00 10 4a 46 49 46 00 01 01 00 00 01 ... 84 2a 46 37 7b 1f ff d9 [71728 bytes]
2025-04-17 21:55:36,801 - websockets.client - DEBUG - > BINARY ff d8 ff e0 00 10 4a 46 49 46 00 01 01 00 00 01 ... 91 1c 69 ca 51 b9 ff d9 [71804 bytes]
2025-04-17 21:55:36,924 - websockets.client - DEBUG - > BINARY ff d8 ff e0 00 10 4a 46 49 46 00 01 01 00 00 01 ... 45 2a 73 52 57 47 ff d9 [71603 bytes]
2025-04-17 21:55:37,032 - websockets.client - DEBUG - > BINARY ff d8 ff e0 00 10 4a 46 49 46 00 01 01 00 00 01 ... bd 0a 74 da 56 91 ff d9 [71640 bytes]
2025-04-17 21:55:37,067 - websockets.client - DEBUG - < TEXT '[{"box": [126, 215, 513, 264], "is_felix": fals...: 0.49967822432518005}]' [85 bytes]
2025-04-17 21:55:37,067 - IseeYou.FelixTrackingClient - DEBUG - [RECEIVER] Frame #65: Received 1 detections (0 Felix)
2025-04-17 21:55:37,141 - websockets.client - DEBUG - > BINARY ff d8 ff e0 00 10 4a 46 49 46 00 01 01 00 00 01 ... 9f 29 72 83 70 b1 ff d9 [71783 bytes]
2025-04-17 21:55:37,265 - websockets.client - DEBUG - > BINARY ff d8 ff e0 00 10 4a 46 49 46 00 01 01 00 00 01 ... 71 51 84 d2 e6 91 ff d9 [71802 bytes]
2025-04-17 21:55:37,373 - websockets.client - DEBUG - > BINARY ff d8 ff e0 00 10 4a 46 49 46 00 01 01 00 00 01 ... 41 fb 35 1b dd 1f ff d9 [71866 bytes]
2025-04-17 21:55:37,482 - websockets.client - DEBUG - > BINARY ff d8 ff e0 00 10 4a 46 49 46 00 01 01 00 00 01 ... bd 4a 8c 26 96 87 ff d9 [71856 bytes]
2025-04-17 21:55:37,591 - websockets.client - DEBUG - > BINARY ff d8 ff e0 00 10 4a 46 49 46 00 01 01 00 00 01 ... 31 d3 a7 27 b2 d4 ff d9 [71945 bytes]
2025-04-17 21:55:37,701 - websockets.client - DEBUG - > BINARY ff d8 ff e0 00 10 4a 46 49 46 00 01 01 00 00 01 ... a3 4e 50 e5 76 3f ff d9 [71815 bytes]
2025-04-17 21:55:37,777 - websockets.client - DEBUG - < TEXT '[{"box": [126, 213, 512, 266], "is_felix": fals...e": 0.499451607465744}]' [83 bytes]
2025-04-17 21:55:37,779 - IseeYou.FelixTrackingClient - DEBUG - [RECEIVER] Frame #66: Received 1 detections (0 Felix)
2025-04-17 21:55:37,810 - websockets.client - DEBUG - > BINARY ff d8 ff e0 00 10 4a 46 49 46 00 01 01 00 00 01 ... a3 4e 50 e5 76 3f ff d9 [71815 bytes]
2025-04-17 21:55:37,921 - websockets.client - DEBUG - > BINARY ff d8 ff e0 00 10 4a 46 49 46 00 01 01 00 00 01 ... 74 69 ce 9b e6 68 ff d9 [71856 bytes]
2025-04-17 21:55:38,029 - websockets.client - DEBUG - > BINARY ff d8 ff e0 00 10 4a 46 49 46 00 01 01 00 00 01 ... 74 69 ce 9b e6 68 ff d9 [71856 bytes]
2025-04-17 21:55:38,140 - websockets.client - DEBUG - > BINARY ff d8 ff e0 00 10 4a 46 49 46 00 01 01 00 00 01 ... d4 21 4e 4d ec 7f ff d9 [71836 bytes]
2025-04-17 21:55:38,262 - websockets.client - DEBUG - > BINARY ff d8 ff e0 00 10 4a 46 49 46 00 01 01 00 00 01 ... 91 54 61 36 ae cf ff d9 [71966 bytes]
2025-04-17 21:55:38,372 - websockets.client - DEBUG - > BINARY ff d8 ff e0 00 10 4a 46 49 46 00 01 01 00 00 01 ... c2 30 a9 c9 a2 3f ff d9 [71921 bytes]
2025-04-17 21:55:38,470 - websockets.client - DEBUG - < TEXT '[{"box": [127, 216, 512, 263], "is_felix": fals...": 0.4996854066848755}]' [84 bytes]
2025-04-17 21:55:38,471 - websockets.client - DEBUG - < CLOSE 1011 (internal error) keepalive ping timeout [24 bytes]
2025-04-17 21:55:38,471 - websockets.client - DEBUG - > CLOSE 1011 (internal error) keepalive ping timeout [24 bytes]
2025-04-17 21:55:38,471 - websockets.client - DEBUG - = connection is CLOSING
2025-04-17 21:55:38,471 - websockets.client - DEBUG - < EOF
2025-04-17 21:55:38,471 - websockets.client - DEBUG - > EOF
2025-04-17 21:55:38,471 - websockets.client - DEBUG - = connection is CLOSED
2025-04-17 21:55:38,471 - websockets.client - DEBUG - x half-closing TCP connection
2025-04-17 21:55:38,472 - IseeYou.FelixTrackingClient - DEBUG - [RECEIVER] Frame #67: Received 1 detections (0 Felix)
2025-04-17 21:55:38,472 - IseeYou.FelixTrackingClient - WARNING - [RECEIVER] Connection closed with error: received 1011 (internal error) keepalive ping timeout; then sent 1011 (internal error) keepalive ping timeout
2025-04-17 21:55:38,472 - IseeYou.FelixTrackingClient - INFO - Monitor detected task completion or failure.
2025-04-17 21:55:38,472 - IseeYou.FelixTrackingClient - INFO - Task 'ReceiveTask' completed normally.
2025-04-17 21:55:38,472 - IseeYou.FelixTrackingClient - WARNING - Task 'ReceiveTask' finished normally, likely due to connection closure. Will attempt reconnect.
2025-04-17 21:55:38,472 - IseeYou.FelixTrackingClient - INFO - Reconnect condition met. Proceeding to cleanup and retry.
2025-04-17 21:55:38,472 - IseeYou.FelixTrackingClient - INFO - Performing cleanup...
2025-04-17 21:55:38,472 - IseeYou.FelixTrackingClient - DEBUG - Cancelling 1 active tasks...
2025-04-17 21:55:38,472 - IseeYou.FelixTrackingClient - INFO - Capture and send task cancelled.
2025-04-17 21:55:38,759 - IseeYou.FelixTrackingClient - INFO - Camera released.
2025-04-17 21:55:38,760 - IseeYou.FelixTrackingClient - INFO - Waiting 5.0 seconds before retry #1...
2025-04-17 21:55:43,770 - IseeYou.FelixTrackingClient - INFO - Connection attempt 1/5 to ws://localhost:8080...
2025-04-17 21:55:43,770 - IseeYou.FelixTrackingClient - DEBUG - Attempting websocket.connect with 20.0s timeout...
2025-04-17 21:55:43,770 - websockets.client - DEBUG - = connection is CONNECTING
2025-04-17 21:55:43,770 - websockets.client - DEBUG - > GET / HTTP/1.1
2025-04-17 21:55:43,770 - websockets.client - DEBUG - > Host: localhost:8080
2025-04-17 21:55:43,770 - websockets.client - DEBUG - > Upgrade: websocket
2025-04-17 21:55:43,770 - websockets.client - DEBUG - > Connection: Upgrade
2025-04-17 21:55:43,770 - websockets.client - DEBUG - > Sec-WebSocket-Key: yVyCYx4uvJjLVsqJZtBzZQ==
2025-04-17 21:55:43,770 - websockets.client - DEBUG - > Sec-WebSocket-Version: 13
2025-04-17 21:55:43,770 - websockets.client - DEBUG - > Sec-WebSocket-Extensions: permessage-deflate; client_max_window_bits
2025-04-17 21:55:43,770 - websockets.client - DEBUG - > User-Agent: Python/3.12 websockets/15.0.1
2025-04-17 21:55:43,867 - websockets.client - DEBUG - < HTTP/1.1 101 Switching Protocols
2025-04-17 21:55:43,867 - websockets.client - DEBUG - < Date: Fri, 18 Apr 2025 04:55:42 GMT
2025-04-17 21:55:43,867 - websockets.client - DEBUG - < Upgrade: websocket
2025-04-17 21:55:43,867 - websockets.client - DEBUG - < Connection: Upgrade
2025-04-17 21:55:43,867 - websockets.client - DEBUG - < Sec-WebSocket-Accept: /zRlkwtdRN3noDZlnOU800uP1h0=
2025-04-17 21:55:43,867 - websockets.client - DEBUG - < Sec-WebSocket-Extensions: permessage-deflate; server_max_window_bits=12; client_max_window_bits=12
2025-04-17 21:55:43,867 - websockets.client - DEBUG - < Server: Python/3.10 websockets/15.0.1
2025-04-17 21:55:43,867 - websockets.client - DEBUG - = connection is OPEN
2025-04-17 21:55:43,867 - IseeYou.FelixTrackingClient - INFO - Connection successful! (('::1', 8080, 0, 0))
2025-04-17 21:55:43,867 - IseeYou.FelixTrackingClient - INFO - Launching client tasks (capture/send, receive)...
2025-04-17 21:55:43,867 - IseeYou.FelixTrackingClient - INFO - Monitoring client tasks...
2025-04-17 21:55:43,867 - IseeYou.FelixTrackingClient - INFO - 
=== Starting video capture ===
2025-04-17 21:55:48,216 - IseeYou.FelixTrackingClient - INFO - 
=== Starting to receive detection results ===
2025-04-17 21:55:48,217 - websockets.client - DEBUG - > BINARY ff d8 ff e0 00 10 4a 46 49 46 00 01 01 00 00 01 ... 56 44 38 49 3d 4f ff d9 [72579 bytes]
2025-04-17 21:55:48,342 - websockets.client - DEBUG - > BINARY ff d8 ff e0 00 10 4a 46 49 46 00 01 01 00 00 01 ... a7 4d f3 5d ec 7f ff d9 [72126 bytes]
2025-04-17 21:55:48,466 - websockets.client - DEBUG - > BINARY ff d8 ff e0 00 10 4a 46 49 46 00 01 01 00 00 01 ... 62 9c 1d 24 9b 3f ff d9 [72161 bytes]
2025-04-17 21:55:48,589 - websockets.client - DEBUG - > BINARY ff d8 ff e0 00 10 4a 46 49 46 00 01 01 00 00 01 ... be 50 50 97 2d d9 ff d9 [71841 bytes]
2025-04-17 21:55:48,714 - websockets.client - DEBUG - > BINARY ff d8 ff e0 00 10 4a 46 49 46 00 01 01 00 00 01 ... 64 10 8d 44 9a 47 ff d9 [71851 bytes]
2025-04-17 21:55:48,821 - websockets.client - DEBUG - > BINARY ff d8 ff e0 00 10 4a 46 49 46 00 01 01 00 00 01 ... d3 9c 12 94 d6 87 ff d9 [72237 bytes]
2025-04-17 21:55:48,932 - websockets.client - DEBUG - > BINARY ff d8 ff e0 00 10 4a 46 49 46 00 01 01 00 00 01 ... 56 1c 29 49 7b c7 ff d9 [72039 bytes]
2025-04-17 21:55:48,974 - websockets.client - DEBUG - < TEXT '[{"box": [39, 293, 414, 186], "is_felix": true,...": 0.5011440515518188}]' [82 bytes]
2025-04-17 21:55:48,975 - IseeYou.FelixTrackingClient - DEBUG - [RECEIVER] Frame #1: Received 1 detections (1 Felix)
2025-04-17 21:55:49,055 - websockets.client - DEBUG - > BINARY ff d8 ff e0 00 10 4a 46 49 46 00 01 01 00 00 01 ... 7a 8d 46 5c ba 9f ff d9 [71982 bytes]
2025-04-17 21:55:49,179 - websockets.client - DEBUG - > BINARY ff d8 ff e0 00 10 4a 46 49 46 00 01 01 00 00 01 ... e8 38 41 c2 5a a3 ff d9 [72037 bytes]
2025-04-17 21:55:49,303 - websockets.client - DEBUG - > BINARY ff d8 ff e0 00 10 4a 46 49 46 00 01 01 00 00 01 ... 5b 0d 46 a7 54 7f ff d9 [71831 bytes]
2025-04-17 21:55:49,424 - websockets.client - DEBUG - > BINARY ff d8 ff e0 00 10 4a 46 49 46 00 01 01 00 00 01 ... 70 84 14 6f cc 8f ff d9 [71869 bytes]
2025-04-17 21:55:49,536 - websockets.client - DEBUG - > BINARY ff d8 ff e0 00 10 4a 46 49 46 00 01 01 00 00 01 ... 70 84 14 6f cc 8f ff d9 [71869 bytes]
2025-04-17 21:55:49,579 - websockets.client - DEBUG - < TEXT '[{"box": [46, 295, 407, 184], "is_felix": true,...e": 0.504095733165741}]' [81 bytes]
2025-04-17 21:55:49,580 - IseeYou.FelixTrackingClient - DEBUG - [RECEIVER] Frame #2: Received 1 detections (1 Felix)
2025-04-17 21:55:49,640 - websockets.client - DEBUG - > BINARY ff d8 ff e0 00 10 4a 46 49 46 00 01 01 00 00 01 ... 47 15 ec fd d6 7f ff d9 [71745 bytes]
2025-04-17 21:55:49,751 - websockets.client - DEBUG - > BINARY ff d8 ff e0 00 10 4a 46 49 46 00 01 01 00 00 01 ... 47 08 39 47 54 7f ff d9 [71919 bytes]
2025-04-17 21:55:49,860 - websockets.client - DEBUG - > BINARY ff d8 ff e0 00 10 4a 46 49 46 00 01 01 00 00 01 ... bb 31 c5 37 15 d4 ff d9 [71760 bytes]
2025-04-17 21:55:49,982 - websockets.client - DEBUG - > BINARY ff d8 ff e0 00 10 4a 46 49 46 00 01 01 00 00 01 ... c7 18 c9 c7 5d 8f ff d9 [71630 bytes]
2025-04-17 21:55:50,091 - websockets.client - DEBUG - > BINARY ff d8 ff e0 00 10 4a 46 49 46 00 01 01 00 00 01 ... 44 a8 c7 96 3a a3 ff d9 [71589 bytes]
2025-04-17 21:55:50,201 - websockets.client - DEBUG - > BINARY ff d8 ff e0 00 10 4a 46 49 46 00 01 01 00 00 01 ... a3 62 a3 16 b6 3f ff d9 [71668 bytes]
2025-04-17 21:55:50,276 - websockets.client - DEBUG - < TEXT '[{"box": [46, 295, 406, 184], "is_felix": true,...": 0.5033985376358032}]' [82 bytes]
2025-04-17 21:55:50,276 - IseeYou.FelixTrackingClient - DEBUG - [RECEIVER] Frame #3: Received 1 detections (1 Felix)
2025-04-17 21:55:50,309 - websockets.client - DEBUG - > BINARY ff d8 ff e0 00 10 4a 46 49 46 00 01 01 00 00 01 ... 60 a6 a7 ca f4 3f ff d9 [71680 bytes]
2025-04-17 21:55:50,418 - websockets.client - DEBUG - > BINARY ff d8 ff e0 00 10 4a 46 49 46 00 01 01 00 00 01 ... 98 6a 2e 0a f2 47 ff d9 [71606 bytes]
2025-04-17 21:55:50,527 - websockets.client - DEBUG - > BINARY ff d8 ff e0 00 10 4a 46 49 46 00 01 01 00 00 01 ... 98 6a 2e 0a f2 47 ff d9 [71606 bytes]
2025-04-17 21:55:50,650 - websockets.client - DEBUG - > BINARY ff d8 ff e0 00 10 4a 46 49 46 00 01 01 00 00 01 ... 2a 94 5c 5d da 3f ff d9 [71550 bytes]
2025-04-17 21:55:50,773 - websockets.client - DEBUG - > BINARY ff d8 ff e0 00 10 4a 46 49 46 00 01 01 00 00 01 ... 70 9a 8f 3b 5a 1f ff d9 [71750 bytes]
2025-04-17 21:55:50,883 - websockets.client - DEBUG - > BINARY ff d8 ff e0 00 10 4a 46 49 46 00 01 01 00 00 01 ... b7 07 19 c5 37 63 ff d9 [71694 bytes]
2025-04-17 21:55:50,979 - websockets.client - DEBUG - < TEXT '[{"box": [42, 296, 411, 183], "is_felix": true,...": 0.5063973665237427}]' [82 bytes]
2025-04-17 21:55:50,981 - IseeYou.FelixTrackingClient - DEBUG - [RECEIVER] Frame #4: Received 1 detections (1 Felix)
2025-04-17 21:55:50,982 - websockets.client - DEBUG - > BINARY ff d8 ff e0 00 10 4a 46 49 46 00 01 01 00 00 01 ... 74 e1 c9 2f 79 1f ff d9 [71765 bytes]
2025-04-17 21:55:50,993 - websockets.client - DEBUG - < TEXT '[]' [2 bytes]
2025-04-17 21:55:50,994 - IseeYou.FelixTrackingClient - DEBUG - [RECEIVER] Frame #5: Received 0 detections (0 Felix)
2025-04-17 21:55:51,085 - websockets.client - DEBUG - > BINARY ff d8 ff e0 00 10 4a 46 49 46 00 01 01 00 00 01 ... 54 e3 2e 56 92 d8 ff d9 [71623 bytes]
2025-04-17 21:55:51,195 - websockets.client - DEBUG - > BINARY ff d8 ff e0 00 10 4a 46 49 46 00 01 01 00 00 01 ... 1b 4d 34 0a 33 81 ff d9 [71490 bytes]
2025-04-17 21:55:51,325 - websockets.client - DEBUG - > BINARY ff d8 ff e0 00 10 4a 46 49 46 00 01 01 00 00 01 ... e2 a9 c1 45 de 48 ff d9 [71564 bytes]
2025-04-17 21:55:51,442 - websockets.client - DEBUG - > BINARY ff d8 ff e0 00 10 4a 46 49 46 00 01 01 00 00 01 ... 70 e5 8a 9b ea 7f ff d9 [71370 bytes]
2025-04-17 21:55:51,551 - websockets.client - DEBUG - > BINARY ff d8 ff e0 00 10 4a 46 49 46 00 01 01 00 00 01 ... 70 e5 8a 9b ea 7f ff d9 [71370 bytes]
2025-04-17 21:55:51,660 - websockets.client - DEBUG - > BINARY ff d8 ff e0 00 10 4a 46 49 46 00 01 01 00 00 01 ... a6 c5 45 4a 31 3f ff d9 [71175 bytes]
2025-04-17 21:55:51,682 - websockets.client - DEBUG - < TEXT '[{"box": [44, 296, 415, 183], "is_felix": true,...": 0.5083397030830383}]' [82 bytes]
2025-04-17 21:55:51,683 - IseeYou.FelixTrackingClient - DEBUG - [RECEIVER] Frame #6: Received 1 detections (1 Felix)
2025-04-17 21:55:51,770 - websockets.client - DEBUG - > BINARY ff d8 ff e0 00 10 4a 46 49 46 00 01 01 00 00 01 ... d5 dc 70 8c a1 d0 ff d9 [70830 bytes]
2025-04-17 21:55:51,880 - websockets.client - DEBUG - > BINARY ff d8 ff e0 00 10 4a 46 49 46 00 01 01 00 00 01 ... d0 a4 a5 04 bc cf ff d9 [70570 bytes]
2025-04-17 21:55:52,002 - websockets.client - DEBUG - > BINARY ff d8 ff e0 00 10 4a 46 49 46 00 01 01 00 00 01 ... 47 46 1a d9 ab 9f ff d9 [70251 bytes]
2025-04-17 21:55:52,139 - websockets.client - DEBUG - > BINARY ff d8 ff e0 00 10 4a 46 49 46 00 01 01 00 00 01 ... a2 53 8c ee 9b 3f ff d9 [70239 bytes]
2025-04-17 21:55:52,252 - websockets.client - DEBUG - > BINARY ff d8 ff e0 00 10 4a 46 49 46 00 01 01 00 00 01 ... e8 5d a7 6b a4 7f ff d9 [70779 bytes]
2025-04-17 21:55:52,363 - websockets.client - DEBUG - > BINARY ff d8 ff e0 00 10 4a 46 49 46 00 01 01 00 00 01 ... dd 2f 97 dd 49 23 ff d9 [71066 bytes]
2025-04-17 21:55:52,471 - websockets.client - DEBUG - < TEXT '[{"box": [46, 298, 411, 181], "is_felix": true,...ce": 0.50926673412323}]' [80 bytes]
2025-04-17 21:55:52,474 - IseeYou.FelixTrackingClient - DEBUG - [RECEIVER] Frame #7: Received 1 detections (1 Felix)
2025-04-17 21:55:52,475 - websockets.client - DEBUG - > BINARY ff d8 ff e0 00 10 4a 46 49 46 00 01 01 00 00 01 ... 62 9c 5c 63 74 8f ff d9 [70881 bytes]
2025-04-17 21:55:52,596 - websockets.client - DEBUG - > BINARY ff d8 ff e0 00 10 4a 46 49 46 00 01 01 00 00 01 ... 44 ad 7b 17 4e 2c ff d9 [70687 bytes]
2025-04-17 21:55:52,721 - websockets.client - DEBUG - > BINARY ff d8 ff e0 00 10 4a 46 49 46 00 01 01 00 00 01 ... 46 32 84 9f 37 43 ff d9 [70696 bytes]
2025-04-17 21:55:52,844 - websockets.client - DEBUG - > BINARY ff d8 ff e0 00 10 4a 46 49 46 00 01 01 00 00 01 ... f5 64 54 63 3d 59 ff d9 [70389 bytes]
2025-04-17 21:55:52,952 - websockets.client - DEBUG - > BINARY ff d8 ff e0 00 10 4a 46 49 46 00 01 01 00 00 01 ... f5 64 54 63 3d 59 ff d9 [70389 bytes]
2025-04-17 21:55:53,062 - websockets.client - DEBUG - > BINARY ff d8 ff e0 00 10 4a 46 49 46 00 01 01 00 00 01 ... 59 4a 35 22 b5 47 ff d9 [70610 bytes]
2025-04-17 21:55:53,165 - websockets.client - DEBUG - < TEXT '[{"box": [46, 298, 410, 181], "is_felix": true,...e": 0.509085476398468}]' [81 bytes]
2025-04-17 21:55:53,169 - IseeYou.FelixTrackingClient - DEBUG - [RECEIVER] Frame #8: Received 1 detections (1 Felix)
2025-04-17 21:55:53,170 - websockets.client - DEBUG - > BINARY ff d8 ff e0 00 10 4a 46 49 46 00 01 01 00 00 01 ... c5 c5 37 6d b7 3f ff d9 [70589 bytes]
2025-04-17 21:55:53,280 - websockets.client - DEBUG - > BINARY ff d8 ff e0 00 10 4a 46 49 46 00 01 01 00 00 01 ... 63 ee 97 66 e3 a1 ff d9 [70783 bytes]
2025-04-17 21:55:53,389 - websockets.client - DEBUG - > BINARY ff d8 ff e0 00 10 4a 46 49 46 00 01 01 00 00 01 ... 48 b7 19 a8 a6 d1 ff d9 [70605 bytes]
2025-04-17 21:55:53,497 - websockets.client - DEBUG - > BINARY ff d8 ff e0 00 10 4a 46 49 46 00 01 01 00 00 01 ... db 2e 31 57 b3 3f ff d9 [70610 bytes]
2025-04-17 21:55:53,607 - websockets.client - DEBUG - > BINARY ff d8 ff e0 00 10 4a 46 49 46 00 01 01 00 00 01 ... 95 cb ec dd e4 7f ff d9 [70778 bytes]
2025-04-17 21:55:53,730 - websockets.client - DEBUG - > BINARY ff d8 ff e0 00 10 4a 46 49 46 00 01 01 00 00 01 ... a3 07 14 e5 6d cf ff d9 [70580 bytes]
2025-04-17 21:55:53,838 - websockets.client - DEBUG - > BINARY ff d8 ff e0 00 10 4a 46 49 46 00 01 01 00 00 01 ... 9d 8b a7 15 bb 47 ff d9 [70839 bytes]
2025-04-17 21:55:53,876 - websockets.client - DEBUG - < TEXT '[{"box": [43, 295, 412, 184], "is_felix": true,...": 0.5075277090072632}]' [82 bytes]
2025-04-17 21:55:53,877 - IseeYou.FelixTrackingClient - DEBUG - [RECEIVER] Frame #9: Received 1 detections (1 Felix)
2025-04-17 21:55:53,962 - websockets.client - DEBUG - > BINARY ff d8 ff e0 00 10 4a 46 49 46 00 01 01 00 00 01 ... 22 e2 a7 07 66 7f ff d9 [70804 bytes]
2025-04-17 21:55:54,072 - websockets.client - DEBUG - > BINARY ff d8 ff e0 00 10 4a 46 49 46 00 01 01 00 00 01 ... 22 e2 a7 07 66 7f ff d9 [70804 bytes]
2025-04-17 21:55:54,194 - websockets.client - DEBUG - > BINARY ff d8 ff e0 00 10 4a 46 49 46 00 01 01 00 00 01 ... 4b 94 b8 c7 5b 33 ff d9 [70405 bytes]
2025-04-17 21:55:54,305 - websockets.client - DEBUG - > BINARY ff d8 ff e0 00 10 4a 46 49 46 00 01 01 00 00 01 ... 99 a2 52 71 bd 8f ff d9 [70553 bytes]
2025-04-17 21:55:54,414 - websockets.client - DEBUG - > BINARY ff d8 ff e0 00 10 4a 46 49 46 00 01 01 00 00 01 ... 75 d0 aa 71 57 d4 ff d9 [70599 bytes]
2025-04-17 21:55:54,476 - websockets.client - DEBUG - < TEXT '[{"box": [44, 293, 414, 186], "is_felix": true,...": 0.5071449279785156}]' [82 bytes]
2025-04-17 21:55:54,477 - IseeYou.FelixTrackingClient - DEBUG - [RECEIVER] Frame #10: Received 1 detections (1 Felix)
2025-04-17 21:55:54,522 - websockets.client - DEBUG - > BINARY ff d8 ff e0 00 10 4a 46 49 46 00 01 01 00 00 01 ... 92 65 c6 32 4a e7 ff d9 [70673 bytes]
2025-04-17 21:55:54,654 - websockets.client - DEBUG - > BINARY ff d8 ff e0 00 10 4a 46 49 46 00 01 01 00 00 01 ... d5 91 6a 2d 6c 8f ff d9 [70765 bytes]
2025-04-17 21:55:54,771 - websockets.client - DEBUG - > BINARY ff d8 ff e0 00 10 4a 46 49 46 00 01 01 00 00 01 ... 3d 64 5d 34 b7 b9 ff d9 [70392 bytes]
2025-04-17 21:55:54,882 - websockets.client - DEBUG - > BINARY ff d8 ff e0 00 10 4a 46 49 46 00 01 01 00 00 01 ... b9 1a 72 ab 5e c7 ff d9 [70454 bytes]
2025-04-17 21:55:54,991 - websockets.client - DEBUG - > BINARY ff d8 ff e0 00 10 4a 46 49 46 00 01 01 00 00 01 ... bd cb 51 b5 9f 63 ff d9 [70587 bytes]
2025-04-17 21:55:55,078 - websockets.client - DEBUG - < TEXT '[{"box": [44, 293, 411, 186], "is_felix": true,...": 0.5069006681442261}]' [82 bytes]
2025-04-17 21:55:55,078 - IseeYou.FelixTrackingClient - DEBUG - [RECEIVER] Frame #11: Received 1 detections (1 Felix)
2025-04-17 21:55:55,114 - websockets.client - DEBUG - > BINARY ff d8 ff e0 00 10 4a 46 49 46 00 01 01 00 00 01 ... dd 97 18 4f 97 98 ff d9 [70692 bytes]
2025-04-17 21:55:55,222 - websockets.client - DEBUG - > BINARY ff d8 ff e0 00 10 4a 46 49 46 00 01 01 00 00 01 ... a1 59 97 18 bb d8 ff d9 [70915 bytes]
2025-04-17 21:55:55,346 - websockets.client - DEBUG - > BINARY ff d8 ff e0 00 10 4a 46 49 46 00 01 01 00 00 01 ... a1 59 97 18 bb d8 ff d9 [70915 bytes]
2025-04-17 21:55:55,470 - websockets.client - DEBUG - > BINARY ff d8 ff e0 00 10 4a 46 49 46 00 01 01 00 00 01 ... da 1a 24 d2 bb 3f ff d9 [70429 bytes]
2025-04-17 21:55:55,584 - websockets.client - DEBUG - > BINARY ff d8 ff e0 00 10 4a 46 49 46 00 01 01 00 00 01 ... ba 17 ca e3 ba 3f ff d9 [70184 bytes]
2025-04-17 21:55:55,706 - websockets.client - DEBUG - > BINARY ff d8 ff e0 00 10 4a 46 49 46 00 01 01 00 00 01 ... 5d 22 a3 16 b5 67 ff d9 [70606 bytes]
2025-04-17 21:55:55,776 - websockets.client - DEBUG - < TEXT '[{"box": [44, 293, 411, 186], "is_felix": true,...": 0.5069006681442261}]' [82 bytes]
2025-04-17 21:55:55,776 - IseeYou.FelixTrackingClient - DEBUG - [RECEIVER] Frame #12: Received 1 detections (1 Felix)
2025-04-17 21:55:55,814 - websockets.client - DEBUG - > BINARY ff d8 ff e0 00 10 4a 46 49 46 00 01 01 00 00 01 ... d3 95 23 4f b3 73 ff d9 [70639 bytes]
2025-04-17 21:55:55,939 - websockets.client - DEBUG - > BINARY ff d8 ff e0 00 10 4a 46 49 46 00 01 01 00 00 01 ... 4e d1 45 59 c7 a9 ff d9 [70533 bytes]
2025-04-17 21:55:56,062 - websockets.client - DEBUG - > BINARY ff d8 ff e0 00 10 4a 46 49 46 00 01 01 00 00 01 ... b5 ca 94 79 95 91 ff d9 [70555 bytes]
2025-04-17 21:55:56,173 - websockets.client - DEBUG - > BINARY ff d8 ff e0 00 10 4a 46 49 46 00 01 01 00 00 01 ... 2d 74 54 53 87 a1 ff d9 [69876 bytes]
2025-04-17 21:55:56,281 - websockets.client - DEBUG - > BINARY ff d8 ff e0 00 10 4a 46 49 46 00 01 01 00 00 01 ... 4a e8 73 8b b6 87 ff d9 [70211 bytes]
2025-04-17 21:55:56,383 - websockets.client - DEBUG - < TEXT '[{"box": [46, 297, 410, 182], "is_felix": true,...": 0.5068802237510681}]' [82 bytes]
2025-04-17 21:55:56,387 - IseeYou.FelixTrackingClient - DEBUG - [RECEIVER] Frame #13: Received 1 detections (1 Felix)
2025-04-17 21:55:56,388 - websockets.client - DEBUG - > BINARY ff d8 ff e0 00 10 4a 46 49 46 00 01 01 00 00 01 ... b5 98 e1 16 b6 3f ff d9 [70019 bytes]
2025-04-17 21:55:56,397 - websockets.client - DEBUG - < TEXT '[]' [2 bytes]
2025-04-17 21:55:56,398 - IseeYou.FelixTrackingClient - DEBUG - [RECEIVER] Frame #14: Received 0 detections (0 Felix)
2025-04-17 21:55:56,514 - websockets.client - DEBUG - > BINARY ff d8 ff e0 00 10 4a 46 49 46 00 01 01 00 00 01 ... a5 61 4a 3d 5f 53 ff d9 [70209 bytes]
2025-04-17 21:55:56,623 - websockets.client - DEBUG - > BINARY ff d8 ff e0 00 10 4a 46 49 46 00 01 01 00 00 01 ... a5 61 4a 3d 5f 53 ff d9 [70209 bytes]
2025-04-17 21:55:56,731 - websockets.client - DEBUG - > BINARY ff d8 ff e0 00 10 4a 46 49 46 00 01 01 00 00 01 ... f6 64 cd 34 9a 3f ff d9 [70163 bytes]
2025-04-17 21:55:56,842 - websockets.client - DEBUG - > BINARY ff d8 ff e0 00 10 4a 46 49 46 00 01 01 00 00 01 ... 6b 2d 02 29 b9 1f ff d9 [70215 bytes]
2025-04-17 21:55:56,963 - websockets.client - DEBUG - > BINARY ff d8 ff e0 00 10 4a 46 49 46 00 01 01 00 00 01 ... 46 8d 59 03 8d 8f ff d9 [70039 bytes]
2025-04-17 21:55:56,976 - websockets.client - DEBUG - < TEXT '[{"box": [37, 294, 421, 185], "is_felix": true,...": 0.5087229013442993}]' [82 bytes]
2025-04-17 21:55:56,977 - IseeYou.FelixTrackingClient - DEBUG - [RECEIVER] Frame #15: Received 1 detections (1 Felix)
2025-04-17 21:55:57,104 - websockets.client - DEBUG - > BINARY ff d8 ff e0 00 10 4a 46 49 46 00 01 01 00 00 01 ... 32 4c 14 13 8e c7 ff d9 [69620 bytes]
2025-04-17 21:55:57,228 - websockets.client - DEBUG - > BINARY ff d8 ff e0 00 10 4a 46 49 46 00 01 01 00 00 01 ... 59 ea 38 c7 97 73 ff d9 [70029 bytes]
2025-04-17 21:55:57,351 - websockets.client - DEBUG - > BINARY ff d8 ff e0 00 10 4a 46 49 46 00 01 01 00 00 01 ... f6 42 8c 79 b7 3f ff d9 [70389 bytes]
2025-04-17 21:55:57,461 - websockets.client - DEBUG - > BINARY ff d8 ff e0 00 10 4a 46 49 46 00 01 01 00 00 01 ... 83 83 4d 26 b4 67 ff d9 [70199 bytes]
2025-04-17 21:55:57,584 - websockets.client - DEBUG - > BINARY ff d8 ff e0 00 10 4a 46 49 46 00 01 01 00 00 01 ... 85 52 2e 31 69 1f ff d9 [70213 bytes]
2025-04-17 21:55:57,671 - websockets.client - DEBUG - < TEXT '[{"box": [48, 297, 408, 182], "is_felix": true,...": 0.5069645643234253}]' [82 bytes]
2025-04-17 21:55:57,673 - IseeYou.FelixTrackingClient - DEBUG - [RECEIVER] Frame #16: Received 1 detections (1 Felix)
2025-04-17 21:55:57,706 - websockets.client - DEBUG - > BINARY ff d8 ff e0 00 10 4a 46 49 46 00 01 01 00 00 01 ... 4d 45 5c 14 5b 3f ff d9 [70177 bytes]
2025-04-17 21:55:57,815 - websockets.client - DEBUG - > BINARY ff d8 ff e0 00 10 4a 46 49 46 00 01 01 00 00 01 ... fd 36 12 4d ab 33 ff d9 [70153 bytes]
2025-04-17 21:55:57,924 - websockets.client - DEBUG - > BINARY ff d8 ff e0 00 10 4a 46 49 46 00 01 01 00 00 01 ... 47 c8 12 e5 d5 1f ff d9 [70439 bytes]
2025-04-17 21:55:58,034 - websockets.client - DEBUG - > BINARY ff d8 ff e0 00 10 4a 46 49 46 00 01 01 00 00 01 ... 6a 5e fb d1 0a c7 ff d9 [69918 bytes]
2025-04-17 21:55:58,146 - websockets.client - DEBUG - > BINARY ff d8 ff e0 00 10 4a 46 49 46 00 01 01 00 00 01 ... 52 8c a2 9e 9b 1f ff d9 [69886 bytes]
2025-04-17 21:55:58,253 - websockets.client - DEBUG - > BINARY ff d8 ff e0 00 10 4a 46 49 46 00 01 01 00 00 01 ... d4 96 a3 49 5e ec ff d9 [70066 bytes]
2025-04-17 21:55:58,363 - websockets.client - DEBUG - > BINARY ff d8 ff e0 00 10 4a 46 49 46 00 01 01 00 00 01 ... b3 56 40 93 7a 9f ff d9 [70006 bytes]
2025-04-17 21:55:58,373 - websockets.client - DEBUG - < TEXT '[{"box": [46, 297, 413, 182], "is_felix": true,...": 0.5075603127479553}]' [82 bytes]
2025-04-17 21:55:58,373 - IseeYou.FelixTrackingClient - DEBUG - [RECEIVER] Frame #17: Received 1 detections (1 Felix)
2025-04-17 21:55:58,472 - websockets.client - DEBUG - > BINARY ff d8 ff e0 00 10 4a 46 49 46 00 01 01 00 00 01 ... 68 0e 32 8d ad d4 ff d9 [70310 bytes]
2025-04-17 21:55:58,597 - websockets.client - DEBUG - > BINARY ff d8 ff e0 00 10 4a 46 49 46 00 01 01 00 00 01 ... 4d 3c 81 45 29 b3 ff d9 [70228 bytes]
2025-04-17 21:55:58,717 - websockets.client - DEBUG - > BINARY ff d8 ff e0 00 10 4a 46 49 46 00 01 01 00 00 01 ... de d6 1f 2a 8b b9 ff d9 [69976 bytes]
2025-04-17 21:55:58,825 - websockets.client - DEBUG - > BINARY ff d8 ff e0 00 10 4a 46 49 46 00 01 01 00 00 01 ... d6 a9 1b 82 5e f1 ff d9 [69810 bytes]
2025-04-17 21:55:58,869 - websockets.client - DEBUG - > PING a3 15 d3 4e [binary, 4 bytes]
2025-04-17 21:55:58,869 - websockets.client - DEBUG - % sent keepalive ping
2025-04-17 21:55:58,936 - websockets.client - DEBUG - > BINARY ff d8 ff e0 00 10 4a 46 49 46 00 01 01 00 00 01 ... 2d 0b 50 51 4a 27 ff d9 [69459 bytes]
2025-04-17 21:55:59,048 - websockets.client - DEBUG - > BINARY ff d8 ff e0 00 10 4a 46 49 46 00 01 01 00 00 01 ... a5 1b 25 64 16 6c ff d9 [69710 bytes]
2025-04-17 21:55:59,064 - websockets.client - DEBUG - < TEXT '[{"box": [46, 296, 412, 183], "is_felix": true,...": 0.5060727596282959}]' [82 bytes]
2025-04-17 21:55:59,065 - IseeYou.FelixTrackingClient - DEBUG - [RECEIVER] Frame #18: Received 1 detections (1 Felix)
2025-04-17 21:55:59,157 - websockets.client - DEBUG - > BINARY ff d8 ff e0 00 10 4a 46 49 46 00 01 01 00 00 01 ... 76 96 e0 e1 17 63 ff d9 [69768 bytes]
2025-04-17 21:55:59,268 - websockets.client - DEBUG - > BINARY ff d8 ff e0 00 10 4a 46 49 46 00 01 01 00 00 01 ... 76 96 e0 e1 17 63 ff d9 [69768 bytes]
2025-04-17 21:55:59,376 - websockets.client - DEBUG - > BINARY ff d8 ff e0 00 10 4a 46 49 46 00 01 01 00 00 01 ... 7d 2c 24 b9 35 6c ff d9 [69939 bytes]
2025-04-17 21:55:59,486 - websockets.client - DEBUG - > BINARY ff d8 ff e0 00 10 4a 46 49 46 00 01 01 00 00 01 ... ac dd 87 69 59 b3 ff d9 [69842 bytes]
2025-04-17 21:55:59,596 - websockets.client - DEBUG - > BINARY ff d8 ff e0 00 10 4a 46 49 46 00 01 01 00 00 01 ... 4d 5a c9 82 57 3f ff d9 [69680 bytes]
2025-04-17 21:55:59,599 - IseeYou.FelixTrackingClient - DEBUG - [CAPTURE] Sent frame 100 (69680 bytes)
2025-04-17 21:55:59,681 - websockets.client - DEBUG - < TEXT '[{"box": [47, 294, 414, 185], "is_felix": true,...": 0.5100131630897522}]' [82 bytes]
2025-04-17 21:55:59,686 - IseeYou.FelixTrackingClient - DEBUG - [RECEIVER] Frame #19: Received 1 detections (1 Felix)
2025-04-17 21:55:59,687 - websockets.client - DEBUG - > BINARY ff d8 ff e0 00 10 4a 46 49 46 00 01 01 00 00 01 ... fe 1a 4b 50 8a b1 ff d9 [69734 bytes]
2025-04-17 21:55:59,796 - websockets.client - DEBUG - > BINARY ff d8 ff e0 00 10 4a 46 49 46 00 01 01 00 00 01 ... 55 71 59 f3 6a 7f ff d9 [69941 bytes]
2025-04-17 21:55:59,922 - websockets.client - DEBUG - > BINARY ff d8 ff e0 00 10 4a 46 49 46 00 01 01 00 00 01 ... 56 8a c3 9c 74 b9 ff d9 [69760 bytes]
2025-04-17 21:56:00,043 - websockets.client - DEBUG - > BINARY ff d8 ff e0 00 10 4a 46 49 46 00 01 01 00 00 01 ... e5 6e c0 a2 da b1 ff d9 [69756 bytes]
2025-04-17 21:56:00,153 - websockets.client - DEBUG - > BINARY ff d8 ff e0 00 10 4a 46 49 46 00 01 01 00 00 01 ... cb 74 c1 ad 34 3f ff d9 [70074 bytes]
2025-04-17 21:56:00,262 - websockets.client - DEBUG - > BINARY ff d8 ff e0 00 10 4a 46 49 46 00 01 01 00 00 01 ... 84 da 1f 2b 95 8f ff d9 [69887 bytes]
2025-04-17 21:56:00,374 - websockets.client - DEBUG - < TEXT '[{"box": [38, 296, 422, 183], "is_felix": true,...": 0.5065590143203735}]' [82 bytes]
2025-04-17 21:56:00,376 - IseeYou.FelixTrackingClient - DEBUG - [RECEIVER] Frame #20: Received 1 detections (1 Felix)
2025-04-17 21:56:00,377 - websockets.client - DEBUG - > BINARY ff d8 ff e0 00 10 4a 46 49 46 00 01 01 00 00 01 ... 25 66 ec 09 37 a1 ff d9 [69910 bytes]
2025-04-17 21:56:00,492 - websockets.client - DEBUG - > BINARY ff d8 ff e0 00 10 4a 46 49 46 00 01 01 00 00 01 ... d6 b8 49 3d 24 7f ff d9 [70269 bytes]
2025-04-17 21:56:00,616 - websockets.client - DEBUG - > BINARY ff d8 ff e0 00 10 4a 46 49 46 00 01 01 00 00 01 ... 1c f5 1d 9d ac 8f ff d9 [70034 bytes]
2025-04-17 21:56:00,728 - websockets.client - DEBUG - > BINARY ff d8 ff e0 00 10 4a 46 49 46 00 01 01 00 00 01 ... f3 54 ee 38 ab 44 ff d9 [70286 bytes]
2025-04-17 21:56:00,836 - websockets.client - DEBUG - > BINARY ff d8 ff e0 00 10 4a 46 49 46 00 01 01 00 00 01 ... 44 ae 4f 77 5d cf ff d9 [70227 bytes]
2025-04-17 21:56:00,947 - websockets.client - DEBUG - > BINARY ff d8 ff e0 00 10 4a 46 49 46 00 01 01 00 00 01 ... 44 ae 4f 77 5d cf ff d9 [70227 bytes]
2025-04-17 21:56:01,071 - websockets.client - DEBUG - > BINARY ff d8 ff e0 00 10 4a 46 49 46 00 01 01 00 00 01 ... 8d ae 86 e3 25 b1 ff d9 [70178 bytes]
2025-04-17 21:56:01,078 - websockets.client - DEBUG - < TEXT '[{"box": [38, 296, 422, 183], "is_felix": true,...": 0.5065590143203735}]' [82 bytes]
2025-04-17 21:56:01,078 - IseeYou.FelixTrackingClient - DEBUG - [RECEIVER] Frame #21: Received 1 detections (1 Felix)
2025-04-17 21:56:01,194 - websockets.client - DEBUG - > BINARY ff d8 ff e0 00 10 4a 46 49 46 00 01 01 00 00 01 ... 49 ad 05 28 f7 3f ff d9 [70091 bytes]
2025-04-17 21:56:01,317 - websockets.client - DEBUG - > BINARY ff d8 ff e0 00 10 4a 46 49 46 00 01 01 00 00 01 ... 9b 76 1f 2b ee 7f ff d9 [69980 bytes]
2025-04-17 21:56:01,440 - websockets.client - DEBUG - > BINARY ff d8 ff e0 00 10 4a 46 49 46 00 01 01 00 00 01 ... 76 4c 7c ad 2b b3 ff d9 [69849 bytes]
2025-04-17 21:56:01,550 - websockets.client - DEBUG - > BINARY ff d8 ff e0 00 10 4a 46 49 46 00 01 01 00 00 01 ... 76 4c 7c ad 2b b3 ff d9 [69849 bytes]
2025-04-17 21:56:01,673 - websockets.client - DEBUG - > BINARY ff d8 ff e0 00 10 4a 46 49 46 00 01 01 00 00 01 ... c3 e5 72 49 b7 b1 ff d9 [69814 bytes]
2025-04-17 21:56:01,772 - websockets.client - DEBUG - < TEXT '[{"box": [35, 289, 425, 190], "is_felix": true,...": 0.5052427649497986}]' [82 bytes]
2025-04-17 21:56:01,775 - IseeYou.FelixTrackingClient - DEBUG - [RECEIVER] Frame #22: Received 1 detections (1 Felix)
2025-04-17 21:56:01,776 - websockets.client - DEBUG - > BINARY ff d8 ff e0 00 10 4a 46 49 46 00 01 01 00 00 01 ... 74 62 b3 bd ba 1f ff d9 [69710 bytes]
2025-04-17 21:56:01,890 - websockets.client - DEBUG - > BINARY ff d8 ff e0 00 10 4a 46 49 46 00 01 01 00 00 01 ... c6 4e e0 d3 7d 4f ff d9 [69826 bytes]
2025-04-17 21:56:02,000 - websockets.client - DEBUG - > BINARY ff d8 ff e0 00 10 4a 46 49 46 00 01 01 00 00 01 ... cc ae 13 8b 6a c8 ff d9 [69959 bytes]
2025-04-17 21:56:02,109 - websockets.client - DEBUG - > BINARY ff d8 ff e0 00 10 4a 46 49 46 00 01 01 00 00 01 ... e6 f2 08 c2 da 23 ff d9 [70108 bytes]
2025-04-17 21:56:02,230 - websockets.client - DEBUG - > BINARY ff d8 ff e0 00 10 4a 46 49 46 00 01 01 00 00 01 ... ae 87 cb 24 ac cf ff d9 [70165 bytes]
2025-04-17 21:56:02,342 - websockets.client - DEBUG - > BINARY ff d8 ff e0 00 10 4a 46 49 46 00 01 01 00 00 01 ... a6 da d9 0d 42 cc ff d9 [69909 bytes]
2025-04-17 21:56:02,378 - websockets.client - DEBUG - < TEXT '[{"box": [42, 292, 417, 187], "is_felix": true,...": 0.5085835456848145}]' [82 bytes]
2025-04-17 21:56:02,378 - IseeYou.FelixTrackingClient - DEBUG - [RECEIVER] Frame #23: Received 1 detections (1 Felix)
2025-04-17 21:56:02,485 - websockets.client - DEBUG - > BINARY ff d8 ff e0 00 10 4a 46 49 46 00 01 01 00 00 01 ... 17 08 4a 31 bb 3f ff d9 [69999 bytes]
2025-04-17 21:56:02,606 - websockets.client - DEBUG - > BINARY ff d8 ff e0 00 10 4a 46 49 46 00 01 01 00 00 01 ... 3b 58 39 67 17 73 ff d9 [70098 bytes]
2025-04-17 21:56:02,715 - websockets.client - DEBUG - > BINARY ff d8 ff e0 00 10 4a 46 49 46 00 01 01 00 00 01 ... 98 38 34 ae f6 3f ff d9 [70039 bytes]
2025-04-17 21:56:02,826 - websockets.client - DEBUG - > BINARY ff d8 ff e0 00 10 4a 46 49 46 00 01 01 00 00 01 ... 98 38 34 ae f6 3f ff d9 [70039 bytes]
2025-04-17 21:56:02,950 - websockets.client - DEBUG - > BINARY ff d8 ff e0 00 10 4a 46 49 46 00 01 01 00 00 01 ... 46 ba 0d 42 ea ec ff d9 [69900 bytes]
2025-04-17 21:56:02,982 - websockets.client - DEBUG - < TEXT '[{"box": [51, 297, 407, 182], "is_felix": true,...": 0.5085707902908325}]' [82 bytes]
2025-04-17 21:56:02,982 - IseeYou.FelixTrackingClient - DEBUG - [RECEIVER] Frame #24: Received 1 detections (1 Felix)
2025-04-17 21:56:03,060 - websockets.client - DEBUG - > BINARY ff d8 ff e0 00 10 4a 46 49 46 00 01 01 00 00 01 ... 3d 74 1b 8b 4b 98 ff d9 [70241 bytes]
2025-04-17 21:56:03,170 - websockets.client - DEBUG - > BINARY ff d8 ff e0 00 10 4a 46 49 46 00 01 01 00 00 01 ... 6e 83 71 5c ba 33 ff d9 [70174 bytes]
2025-04-17 21:56:03,279 - websockets.client - DEBUG - > BINARY ff d8 ff e0 00 10 4a 46 49 46 00 01 01 00 00 01 ... 96 91 56 1a 8d 91 ff d9 [70443 bytes]
2025-04-17 21:56:03,401 - websockets.client - DEBUG - > BINARY ff d8 ff e0 00 10 4a 46 49 46 00 01 01 00 00 01 ... cd 02 8b 4e f7 3f ff d9 [70294 bytes]
2025-04-17 21:56:03,510 - websockets.client - DEBUG - > BINARY ff d8 ff e0 00 10 4a 46 49 46 00 01 01 00 00 01 ... ed 32 a1 05 2b 5c ff d9 [70285 bytes]
2025-04-17 21:56:03,576 - websockets.client - DEBUG - < TEXT '[{"box": [49, 297, 409, 182], "is_felix": true,...e": 0.508074164390564}]' [81 bytes]
2025-04-17 21:56:03,577 - IseeYou.FelixTrackingClient - DEBUG - [RECEIVER] Frame #25: Received 1 detections (1 Felix)
2025-04-17 21:56:03,620 - websockets.client - DEBUG - > BINARY ff d8 ff e0 00 10 4a 46 49 46 00 01 01 00 00 01 ... 65 d4 6a 0d da e7 ff d9 [70180 bytes]
2025-04-17 21:56:03,731 - websockets.client - DEBUG - > BINARY ff d8 ff e0 00 10 4a 46 49 46 00 01 01 00 00 01 ... ad 82 50 e7 8e e7 ff d9 [70189 bytes]
2025-04-17 21:56:03,840 - websockets.client - DEBUG - > BINARY ff d8 ff e0 00 10 4a 46 49 46 00 01 01 00 00 01 ... e8 25 4e ea f7 3f ff d9 [70185 bytes]
2025-04-17 21:56:03,963 - websockets.client - DEBUG - > BINARY ff d8 ff e0 00 10 4a 46 49 46 00 01 01 00 00 01 ... e8 25 4e ea f7 3f ff d9 [70185 bytes]
2025-04-17 21:56:04,072 - websockets.client - DEBUG - > BINARY ff d8 ff e0 00 10 4a 46 49 46 00 01 01 00 00 01 ... 7d d1 c6 2f 97 73 ff d9 [70020 bytes]
2025-04-17 21:56:04,180 - websockets.client - DEBUG - < TEXT '[{"box": [51, 293, 409, 186], "is_felix": true,...": 0.5093449354171753}]' [82 bytes]
2025-04-17 21:56:04,181 - IseeYou.FelixTrackingClient - DEBUG - [RECEIVER] Frame #26: Received 1 detections (1 Felix)
2025-04-17 21:56:04,181 - websockets.client - DEBUG - > BINARY ff d8 ff e0 00 10 4a 46 49 46 00 01 01 00 00 01 ... 71 60 e2 e4 ac 8f ff d9 [69768 bytes]
2025-04-17 21:56:04,196 - websockets.client - DEBUG - < TEXT '[]' [2 bytes]
2025-04-17 21:56:04,197 - IseeYou.FelixTrackingClient - DEBUG - [RECEIVER] Frame #27: Received 0 detections (0 Felix)
2025-04-17 21:56:04,291 - websockets.client - DEBUG - > BINARY ff d8 ff e0 00 10 4a 46 49 46 00 01 01 00 00 01 ... d2 b5 c6 a2 de 87 ff d9 [70037 bytes]
2025-04-17 21:56:04,404 - websockets.client - DEBUG - > BINARY ff d8 ff e0 00 10 4a 46 49 46 00 01 01 00 00 01 ... d5 82 14 db d6 c7 ff d9 [69587 bytes]
2025-04-17 21:56:04,512 - websockets.client - DEBUG - > BINARY ff d8 ff e0 00 10 4a 46 49 46 00 01 01 00 00 01 ... 85 30 e4 6d 5d 9f ff d9 [69712 bytes]
2025-04-17 21:56:04,622 - websockets.client - DEBUG - > BINARY ff d8 ff e0 00 10 4a 46 49 46 00 01 01 00 00 01 ... 85 30 e4 6d 5d 9f ff d9 [69712 bytes]
2025-04-17 21:56:04,730 - websockets.client - DEBUG - > BINARY ff d8 ff e0 00 10 4a 46 49 46 00 01 01 00 00 01 ... 66 ee 25 06 92 48 ff d9 [69999 bytes]
2025-04-17 21:56:04,853 - websockets.client - DEBUG - > BINARY ff d8 ff e0 00 10 4a 46 49 46 00 01 01 00 00 01 ... 4c ad 21 46 0f 53 ff d9 [70099 bytes]
2025-04-17 21:56:04,871 - websockets.client - DEBUG - < TEXT '[{"box": [52, 292, 410, 187], "is_felix": true,...": 0.5090551376342773}]' [82 bytes]
2025-04-17 21:56:04,871 - IseeYou.FelixTrackingClient - DEBUG - [RECEIVER] Frame #28: Received 1 detections (1 Felix)
2025-04-17 21:56:04,964 - websockets.client - DEBUG - > BINARY ff d8 ff e0 00 10 4a 46 49 46 00 01 01 00 00 01 ... 07 09 39 72 bd 8f ff d9 [70002 bytes]
2025-04-17 21:56:05,074 - websockets.client - DEBUG - > BINARY ff d8 ff e0 00 10 4a 46 49 46 00 01 01 00 00 01 ... aa c8 6e 17 57 b9 ff d9 [69648 bytes]
2025-04-17 21:56:05,185 - websockets.client - DEBUG - > BINARY ff d8 ff e0 00 10 4a 46 49 46 00 01 01 00 00 01 ... cb 47 51 38 b5 a1 ff d9 [70009 bytes]
2025-04-17 21:56:05,307 - websockets.client - DEBUG - > BINARY ff d8 ff e0 00 10 4a 46 49 46 00 01 01 00 00 01 ... 56 4d 89 46 d1 d4 ff d9 [69882 bytes]
2025-04-17 21:56:05,416 - websockets.client - DEBUG - > BINARY ff d8 ff e0 00 10 4a 46 49 46 00 01 01 00 00 01 ... 2b 2b 20 71 ba d4 ff d9 [70023 bytes]
2025-04-17 21:56:05,475 - websockets.client - DEBUG - < TEXT '[{"box": [50, 291, 586, 188], "is_felix": true,...": 0.5041871070861816}]' [82 bytes]
2025-04-17 21:56:05,475 - IseeYou.FelixTrackingClient - DEBUG - [RECEIVER] Frame #29: Received 1 detections (1 Felix)
2025-04-17 21:56:05,543 - websockets.client - DEBUG - > BINARY ff d8 ff e0 00 10 4a 46 49 46 00 01 01 00 00 01 ... cb a8 4a 2e 2a e7 ff d9 [70000 bytes]
2025-04-17 21:56:05,666 - websockets.client - DEBUG - > BINARY ff d8 ff e0 00 10 4a 46 49 46 00 01 01 00 00 01 ... b7 51 4e 0b 93 63 ff d9 [69813 bytes]
2025-04-17 21:56:05,775 - websockets.client - DEBUG - > BINARY ff d8 ff e0 00 10 4a 46 49 46 00 01 01 00 00 01 ... d2 85 e2 ac 28 c0 ff d9 [69820 bytes]
2025-04-17 21:56:05,885 - websockets.client - DEBUG - > BINARY ff d8 ff e0 00 10 4a 46 49 46 00 01 01 00 00 01 ... 9d 84 e2 d4 af d0 ff d9 [69830 bytes]
2025-04-17 21:56:05,997 - websockets.client - DEBUG - > BINARY ff d8 ff e0 00 10 4a 46 49 46 00 01 01 00 00 01 ... 5b a8 28 cb 67 a9 ff d9 [69935 bytes]
2025-04-17 21:56:06,079 - websockets.client - DEBUG - < TEXT '[{"box": [50, 291, 586, 188], "is_felix": true,...": 0.5041871070861816}]' [82 bytes]
2025-04-17 21:56:06,080 - IseeYou.FelixTrackingClient - DEBUG - [RECEIVER] Frame #30: Received 1 detections (1 Felix)
2025-04-17 21:56:06,106 - websockets.client - DEBUG - > BINARY ff d8 ff e0 00 10 4a 46 49 46 00 01 01 00 00 01 ... ad ca 83 96 56 b9 ff d9 [69919 bytes]
2025-04-17 21:56:06,213 - websockets.client - DEBUG - > BINARY ff d8 ff e0 00 10 4a 46 49 46 00 01 01 00 00 01 ... 5d c5 28 bb a7 d8 ff d9 [70165 bytes]
2025-04-17 21:56:06,324 - websockets.client - DEBUG - > BINARY ff d8 ff e0 00 10 4a 46 49 46 00 01 01 00 00 01 ... 45 ab a0 50 6a c7 ff d9 [70045 bytes]
2025-04-17 21:56:06,434 - websockets.client - DEBUG - > BINARY ff d8 ff e0 00 10 4a 46 49 46 00 01 01 00 00 01 ... c2 9a 71 49 a7 b1 ff d9 [69976 bytes]
2025-04-17 21:56:06,547 - websockets.client - DEBUG - > BINARY ff d8 ff e0 00 10 4a 46 49 46 00 01 01 00 00 01 ... f4 62 50 6b 56 7f ff d9 [69869 bytes]
2025-04-17 21:56:06,669 - websockets.client - DEBUG - > BINARY ff d8 ff e0 00 10 4a 46 49 46 00 01 01 00 00 01 ... 28 a7 61 38 b6 cf ff d9 [69998 bytes]
2025-04-17 21:56:06,775 - websockets.client - DEBUG - < TEXT '[{"box": [43, 280, 593, 199], "is_felix": true,...e": 0.507553219795227}]' [81 bytes]
2025-04-17 21:56:06,779 - IseeYou.FelixTrackingClient - DEBUG - [RECEIVER] Frame #31: Received 1 detections (1 Felix)
2025-04-17 21:56:06,780 - websockets.client - DEBUG - > BINARY ff d8 ff e0 00 10 4a 46 49 46 00 01 01 00 00 01 ... ad 72 54 6e ec 7f ff d9 [69946 bytes]
2025-04-17 21:56:06,888 - websockets.client - DEBUG - > BINARY ff d8 ff e0 00 10 4a 46 49 46 00 01 01 00 00 01 ... ad 72 54 6e ec 7f ff d9 [69946 bytes]
2025-04-17 21:56:07,011 - websockets.client - DEBUG - > BINARY ff d8 ff e0 00 10 4a 46 49 46 00 01 01 00 00 01 ... 16 ae c2 94 7a b3 ff d9 [70164 bytes]
2025-04-17 21:56:07,120 - websockets.client - DEBUG - > BINARY ff d8 ff e0 00 10 4a 46 49 46 00 01 01 00 00 01 ... c8 ee 12 4d 75 3f ff d9 [70114 bytes]
2025-04-17 21:56:07,230 - websockets.client - DEBUG - > BINARY ff d8 ff e0 00 10 4a 46 49 46 00 01 01 00 00 01 ... 49 73 03 8b 6e e8 ff d9 [69962 bytes]
2025-04-17 21:56:07,339 - websockets.client - DEBUG - > BINARY ff d8 ff e0 00 10 4a 46 49 46 00 01 01 00 00 01 ... f5 3f 74 97 4d a3 ff d9 [70060 bytes]
2025-04-17 21:56:07,451 - websockets.client - DEBUG - > BINARY ff d8 ff e0 00 10 4a 46 49 46 00 01 01 00 00 01 ... 97 4c 52 82 b5 8f ff d9 [69993 bytes]
2025-04-17 21:56:07,474 - websockets.client - DEBUG - < TEXT '[{"box": [37, 279, 602, 200], "is_felix": false...": 0.4976900517940521}]' [83 bytes]
2025-04-17 21:56:07,474 - IseeYou.FelixTrackingClient - DEBUG - [RECEIVER] Frame #32: Received 1 detections (0 Felix)
2025-04-17 21:56:07,573 - websockets.client - DEBUG - > BINARY ff d8 ff e0 00 10 4a 46 49 46 00 01 01 00 00 01 ... 33 56 17 2b 8b 3f ff d9 [70171 bytes]
2025-04-17 21:56:07,683 - websockets.client - DEBUG - > BINARY ff d8 ff e0 00 10 4a 46 49 46 00 01 01 00 00 01 ... 6b 0a 2a 76 b3 3f ff d9 [70353 bytes]
2025-04-17 21:56:07,808 - websockets.client - DEBUG - > BINARY ff d8 ff e0 00 10 4a 46 49 46 00 01 01 00 00 01 ... 6e f6 64 d9 bd cf ff d9 [70243 bytes]
2025-04-17 21:56:07,931 - websockets.client - DEBUG - > BINARY ff d8 ff e0 00 10 4a 46 49 46 00 01 01 00 00 01 ... f2 da c8 56 6b 43 ff d9 [69628 bytes]
2025-04-17 21:56:08,054 - websockets.client - DEBUG - > BINARY ff d8 ff e0 00 10 4a 46 49 46 00 01 01 00 00 01 ... be 2d 03 97 99 58 ff d9 [69363 bytes]
2025-04-17 21:56:08,163 - websockets.client - DEBUG - > BINARY ff d8 ff e0 00 10 4a 46 49 46 00 01 01 00 00 01 ... 57 92 27 95 da c7 ff d9 [69634 bytes]
2025-04-17 21:56:08,173 - websockets.client - DEBUG - < TEXT '[{"box": [18, 266, 620, 213], "is_felix": true,...": 0.5084344148635864}]' [82 bytes]
2025-04-17 21:56:08,173 - websockets.client - DEBUG - < PING 95 ec 9d ba [binary, 4 bytes]
2025-04-17 21:56:08,173 - websockets.client - DEBUG - > PONG 95 ec 9d ba [binary, 4 bytes]
2025-04-17 21:56:08,173 - IseeYou.FelixTrackingClient - DEBUG - [RECEIVER] Frame #33: Received 1 detections (1 Felix)
2025-04-17 21:56:08,289 - websockets.client - DEBUG - > BINARY ff d8 ff e0 00 10 4a 46 49 46 00 01 01 00 00 01 ... 57 92 27 95 da c7 ff d9 [69634 bytes]
2025-04-17 21:56:08,414 - websockets.client - DEBUG - > BINARY ff d8 ff e0 00 10 4a 46 49 46 00 01 01 00 00 01 ... b4 05 15 1d 6c 7f ff d9 [69600 bytes]
2025-04-17 21:56:08,536 - websockets.client - DEBUG - > BINARY ff d8 ff e0 00 10 4a 46 49 46 00 01 01 00 00 01 ... 9d d0 b9 1d f6 3f ff d9 [70262 bytes]
2025-04-17 21:56:08,645 - websockets.client - DEBUG - > BINARY ff d8 ff e0 00 10 4a 46 49 46 00 01 01 00 00 01 ... b3 0e 57 c9 e4 7f ff d9 [70281 bytes]
2025-04-17 21:56:08,754 - websockets.client - DEBUG - > BINARY ff d8 ff e0 00 10 4a 46 49 46 00 01 01 00 00 01 ... 96 b8 b9 5f 35 cf ff d9 [70531 bytes]
2025-04-17 21:56:08,863 - websockets.client - DEBUG - > BINARY ff d8 ff e0 00 10 4a 46 49 46 00 01 01 00 00 01 ... 24 2e c5 ca 96 c7 ff d9 [70059 bytes]
2025-04-17 21:56:08,877 - websockets.client - DEBUG - < TEXT '[{"box": [103, 254, 535, 225], "is_felix": true...": 0.5013915300369263}]' [83 bytes]
2025-04-17 21:56:08,878 - IseeYou.FelixTrackingClient - DEBUG - [RECEIVER] Frame #34: Received 1 detections (1 Felix)
2025-04-17 21:56:08,970 - websockets.client - DEBUG - > BINARY ff d8 ff e0 00 10 4a 46 49 46 00 01 01 00 00 01 ... 25 c1 ab d9 6e 7f ff d9 [69827 bytes]
2025-04-17 21:56:09,081 - websockets.client - DEBUG - > BINARY ff d8 ff e0 00 10 4a 46 49 46 00 01 01 00 00 01 ... 69 24 2e 5f 76 c7 ff d9 [69380 bytes]
2025-04-17 21:56:09,189 - websockets.client - DEBUG - > BINARY ff d8 ff e0 00 10 4a 46 49 46 00 01 01 00 00 01 ... 7a 13 6d 09 41 a3 ff d9 [68641 bytes]
2025-04-17 21:56:09,298 - websockets.client - DEBUG - > BINARY ff d8 ff e0 00 10 4a 46 49 46 00 01 01 00 00 01 ... 29 3b b0 70 51 47 ff d9 [68617 bytes]
2025-04-17 21:56:09,408 - websockets.client - DEBUG - > BINARY ff d8 ff e0 00 10 4a 46 49 46 00 01 01 00 00 01 ... 29 3b b0 70 51 47 ff d9 [68617 bytes]
2025-04-17 21:56:09,518 - websockets.client - DEBUG - > BINARY ff d8 ff e0 00 10 4a 46 49 46 00 01 01 00 00 01 ... 2d c5 28 be 4b 9f ff d9 [68911 bytes]
2025-04-17 21:56:09,583 - websockets.client - DEBUG - < TEXT '[{"box": [91, 233, 545, 246], "is_felix": false...: 0.49744895100593567}]' [84 bytes]
2025-04-17 21:56:09,583 - IseeYou.FelixTrackingClient - DEBUG - [RECEIVER] Frame #35: Received 1 detections (0 Felix)
2025-04-17 21:56:09,599 - websockets.client - DEBUG - < TEXT '[]' [2 bytes]
2025-04-17 21:56:09,600 - IseeYou.FelixTrackingClient - DEBUG - [RECEIVER] Frame #36: Received 0 detections (0 Felix)
2025-04-17 21:56:09,641 - websockets.client - DEBUG - > BINARY ff d8 ff e0 00 10 4a 46 49 46 00 01 01 00 00 01 ... d3 62 51 93 95 cf ff d9 [68753 bytes]
2025-04-17 21:56:09,751 - websockets.client - DEBUG - > BINARY ff d8 ff e0 00 10 4a 46 49 46 00 01 01 00 00 01 ... d2 4c 4a 09 ab b3 ff d9 [70289 bytes]
2025-04-17 21:56:09,861 - websockets.client - DEBUG - > BINARY ff d8 ff e0 00 10 4a 46 49 46 00 01 01 00 00 01 ... 57 12 8d de 8f 53 ff d9 [70300 bytes]
2025-04-17 21:56:09,971 - websockets.client - DEBUG - > BINARY ff d8 ff e0 00 10 4a 46 49 46 00 01 01 00 00 01 ... b7 20 51 8a 76 67 ff d9 [69358 bytes]
2025-04-17 21:56:10,083 - websockets.client - DEBUG - > BINARY ff d8 ff e0 00 10 4a 46 49 46 00 01 01 00 00 01 ... bf bd 6b 8b 95 58 ff d9 [69964 bytes]
2025-04-17 21:56:10,193 - websockets.client - DEBUG - > BINARY ff d8 ff e0 00 10 4a 46 49 46 00 01 01 00 00 01 ... 0d c4 e3 26 bc 8f ff d9 [69450 bytes]
2025-04-17 21:56:10,276 - websockets.client - DEBUG - < TEXT '[{"box": [71, 190, 553, 289], "is_felix": false...": 0.4979102611541748}]' [83 bytes]
2025-04-17 21:56:10,280 - IseeYou.FelixTrackingClient - DEBUG - [RECEIVER] Frame #37: Received 1 detections (0 Felix)
2025-04-17 21:56:10,281 - websockets.client - DEBUG - > BINARY ff d8 ff e0 00 10 4a 46 49 46 00 01 01 00 00 01 ... 49 dd 79 0b d9 c4 ff d9 [69974 bytes]
2025-04-17 21:56:10,394 - websockets.client - DEBUG - > BINARY ff d8 ff e0 00 10 4a 46 49 46 00 01 01 00 00 01 ... 4b ad 83 95 dd 1f ff d9 [69605 bytes]
2025-04-17 21:56:10,503 - websockets.client - DEBUG - > BINARY ff d8 ff e0 00 10 4a 46 49 46 00 01 01 00 00 01 ... ab 21 38 5b 44 7f ff d9 [70472 bytes]
2025-04-17 21:56:10,614 - websockets.client - DEBUG - > BINARY ff d8 ff e0 00 10 4a 46 49 46 00 01 01 00 00 01 ... a1 1d 89 70 b2 d4 ff d9 [71102 bytes]
2025-04-17 21:56:10,722 - websockets.client - DEBUG - > BINARY ff d8 ff e0 00 10 4a 46 49 46 00 01 01 00 00 01 ... 77 22 79 1b 93 6c ff d9 [70285 bytes]
2025-04-17 21:56:10,831 - websockets.client - DEBUG - > BINARY ff d8 ff e0 00 10 4a 46 49 46 00 01 01 00 00 01 ... fd db 03 8b 86 a7 ff d9 [71062 bytes]
2025-04-17 21:56:10,940 - websockets.client - DEBUG - > BINARY ff d8 ff e0 00 10 4a 46 49 46 00 01 01 00 00 01 ... a5 76 38 c6 5b 9f ff d9 [70551 bytes]
2025-04-17 21:56:10,944 - IseeYou.FelixTrackingClient - DEBUG - [CAPTURE] Sent frame 200 (70551 bytes)
2025-04-17 21:56:11,049 - websockets.client - DEBUG - > BINARY ff d8 ff e0 00 10 4a 46 49 46 00 01 01 00 00 01 ... 1b 68 d8 b9 56 e8 ff d9 [70657 bytes]
2025-04-17 21:56:11,073 - websockets.client - DEBUG - < TEXT '[{"box": [68, 185, 547, 294], "is_felix": true,...": 0.5000818371772766}]' [82 bytes]
2025-04-17 21:56:11,073 - IseeYou.FelixTrackingClient - DEBUG - [RECEIVER] Frame #38: Received 1 detections (1 Felix)
2025-04-17 21:56:11,159 - websockets.client - DEBUG - > BINARY ff d8 ff e0 00 10 4a 46 49 46 00 01 01 00 00 01 ... 1b 68 d8 b9 56 e8 ff d9 [70657 bytes]
2025-04-17 21:56:11,270 - websockets.client - DEBUG - > BINARY ff d8 ff e0 00 10 4a 46 49 46 00 01 01 00 00 01 ... ae ec 4a 36 ea 7f ff d9 [70684 bytes]
2025-04-17 21:56:11,392 - websockets.client - DEBUG - > BINARY ff d8 ff e0 00 10 4a 46 49 46 00 01 01 00 00 01 ... 0a cc 14 5f 2d 91 ff d9 [71503 bytes]
2025-04-17 21:56:11,501 - websockets.client - DEBUG - > BINARY ff d8 ff e0 00 10 4a 46 49 46 00 01 01 00 00 01 ... 5f 74 52 8b 4a c8 ff d9 [70910 bytes]
2025-04-17 21:56:11,611 - websockets.client - DEBUG - > BINARY ff d8 ff e0 00 10 4a 46 49 46 00 01 01 00 00 01 ... f4 14 63 28 bb b3 ff d9 [70590 bytes]
2025-04-17 21:56:11,718 - websockets.client - DEBUG - > BINARY ff d8 ff e0 00 10 4a 46 49 46 00 01 01 00 00 01 ... ed a5 64 2f 66 7f ff d9 [71087 bytes]
2025-04-17 21:56:11,781 - websockets.client - DEBUG - < TEXT '[{"box": [65, 182, 487, 297], "is_felix": true,...": 0.5022122263908386}]' [82 bytes]
2025-04-17 21:56:11,782 - IseeYou.FelixTrackingClient - DEBUG - [RECEIVER] Frame #39: Received 1 detections (1 Felix)
2025-04-17 21:56:11,827 - websockets.client - DEBUG - > BINARY ff d8 ff e0 00 10 4a 46 49 46 00 01 01 00 00 01 ... b9 2e c2 a9 17 b9 ff d9 [70656 bytes]
2025-04-17 21:56:11,938 - websockets.client - DEBUG - > BINARY ff d8 ff e0 00 10 4a 46 49 46 00 01 01 00 00 01 ... 54 b7 14 a2 d6 a8 ff d9 [71176 bytes]
2025-04-17 21:56:12,379 - websockets.client - DEBUG - < TEXT '[{"box": [72, 187, 481, 292], "is_felix": true,...": 0.5030023455619812}]' [82 bytes]
2025-04-17 21:56:12,379 - IseeYou.FelixTrackingClient - DEBUG - [RECEIVER] Frame #40: Received 1 detections (1 Felix)
2025-04-17 21:56:12,394 - websockets.client - DEBUG - < TEXT '[]' [2 bytes]
2025-04-17 21:56:12,394 - IseeYou.FelixTrackingClient - DEBUG - [RECEIVER] Frame #41: Received 0 detections (0 Felix)
2025-04-17 21:56:12,410 - websockets.client - DEBUG - < TEXT '[]' [2 bytes]
2025-04-17 21:56:12,410 - IseeYou.FelixTrackingClient - DEBUG - [RECEIVER] Frame #42: Received 0 detections (0 Felix)
2025-04-17 21:56:13,084 - websockets.client - DEBUG - < TEXT '[{"box": [81, 199, 457, 280], "is_felix": true,...": 0.5009421110153198}]' [82 bytes]
2025-04-17 21:56:13,084 - IseeYou.FelixTrackingClient - DEBUG - [RECEIVER] Frame #43: Received 1 detections (1 Felix)
2025-04-17 21:56:13,876 - websockets.client - DEBUG - < TEXT '[{"box": [85, 205, 451, 274], "is_felix": false...: 0.49981674551963806}]' [84 bytes]
2025-04-17 21:56:13,877 - IseeYou.FelixTrackingClient - DEBUG - [RECEIVER] Frame #44: Received 1 detections (0 Felix)
2025-04-17 21:56:14,579 - websockets.client - DEBUG - < TEXT '[{"box": [86, 208, 446, 271], "is_felix": false...": 0.4990772008895874}]' [83 bytes]
2025-04-17 21:56:14,579 - IseeYou.FelixTrackingClient - DEBUG - [RECEIVER] Frame #45: Received 1 detections (0 Felix)
2025-04-17 21:56:15,284 - websockets.client - DEBUG - < TEXT '[{"box": [86, 210, 443, 269], "is_felix": false...": 0.4998120963573456}]' [83 bytes]
2025-04-17 21:56:15,285 - IseeYou.FelixTrackingClient - DEBUG - [RECEIVER] Frame #46: Received 1 detections (0 Felix)
2025-04-17 21:56:15,978 - websockets.client - DEBUG - < TEXT '[{"box": [88, 212, 441, 267], "is_felix": false...": 0.4985484480857849}]' [83 bytes]
2025-04-17 21:56:15,980 - IseeYou.FelixTrackingClient - DEBUG - [RECEIVER] Frame #47: Received 1 detections (0 Felix)
2025-04-17 21:56:16,683 - websockets.client - DEBUG - < TEXT '[{"box": [89, 213, 439, 266], "is_felix": true,...": 0.5003993511199951}]' [82 bytes]
2025-04-17 21:56:16,684 - IseeYou.FelixTrackingClient - DEBUG - [RECEIVER] Frame #48: Received 1 detections (1 Felix)
2025-04-17 21:56:16,798 - websockets.client - DEBUG - > BINARY ff d8 ff e0 00 10 4a 46 49 46 00 01 01 00 00 01 ... 69 26 9d c5 28 23 ff d9 [70793 bytes]
2025-04-17 21:56:16,909 - websockets.client - DEBUG - > BINARY ff d8 ff e0 00 10 4a 46 49 46 00 01 01 00 00 01 ... 5a e2 94 66 fd 0f ff d9 [70630 bytes]
2025-04-17 21:56:17,031 - websockets.client - DEBUG - > BINARY ff d8 ff e0 00 10 4a 46 49 46 00 01 01 00 00 01 ... 50 4f 94 95 06 cf ff d9 [70126 bytes]
2025-04-17 21:56:17,141 - websockets.client - DEBUG - > BINARY ff d8 ff e0 00 10 4a 46 49 46 00 01 01 00 00 01 ... 49 31 38 de 57 3f ff d9 [69805 bytes]
2025-04-17 21:56:17,250 - websockets.client - DEBUG - > BINARY ff d8 ff e0 00 10 4a 46 49 46 00 01 01 00 00 01 ... ad 18 a3 0b ab 9f ff d9 [70081 bytes]
2025-04-17 21:56:17,360 - websockets.client - DEBUG - > BINARY ff d8 ff e0 00 10 4a 46 49 46 00 01 01 00 00 01 ... 2b b1 72 c9 4f 53 ff d9 [69961 bytes]
2025-04-17 21:56:17,376 - websockets.client - DEBUG - < TEXT '[{"box": [88, 211, 442, 268], "is_felix": true,...": 0.5005156397819519}]' [82 bytes]
2025-04-17 21:56:17,377 - IseeYou.FelixTrackingClient - DEBUG - [RECEIVER] Frame #49: Received 1 detections (1 Felix)
2025-04-17 21:56:17,469 - websockets.client - DEBUG - > BINARY ff d8 ff e0 00 10 4a 46 49 46 00 01 01 00 00 01 ... da c2 50 b3 bb 3f ff d9 [69775 bytes]
2025-04-17 21:56:17,577 - websockets.client - DEBUG - > BINARY ff d8 ff e0 00 10 4a 46 49 46 00 01 01 00 00 01 ... da c2 50 b3 bb 3f ff d9 [69775 bytes]
2025-04-17 21:56:17,689 - websockets.client - DEBUG - > BINARY ff d8 ff e0 00 10 4a 46 49 46 00 01 01 00 00 01 ... 49 a8 2b 0a 31 47 ff d9 [70162 bytes]
2025-04-17 21:56:17,810 - websockets.client - DEBUG - > BINARY ff d8 ff e0 00 10 4a 46 49 46 00 01 01 00 00 01 ... d8 53 a7 7d 56 e7 ff d9 [70068 bytes]
2025-04-17 21:56:17,920 - websockets.client - DEBUG - > BINARY ff d8 ff e0 00 10 4a 46 49 46 00 01 01 00 00 01 ... a4 77 b8 de 9b 9f ff d9 [69119 bytes]
2025-04-17 21:56:18,028 - websockets.client - DEBUG - > BINARY ff d8 ff e0 00 10 4a 46 49 46 00 01 01 00 00 01 ... a2 ec cc dc 2c cf ff d9 [69989 bytes]
2025-04-17 21:56:18,080 - websockets.client - DEBUG - < TEXT '[{"box": [88, 210, 444, 269], "is_felix": false...": 0.4996359348297119}]' [83 bytes]
2025-04-17 21:56:18,082 - IseeYou.FelixTrackingClient - DEBUG - [RECEIVER] Frame #50: Received 1 detections (0 Felix)
2025-04-17 21:56:18,152 - websockets.client - DEBUG - > BINARY ff d8 ff e0 00 10 4a 46 49 46 00 01 01 00 00 01 ... 6c c9 69 c3 76 7f ff d9 [68707 bytes]
2025-04-17 21:56:18,260 - websockets.client - DEBUG - > BINARY ff d8 ff e0 00 10 4a 46 49 46 00 01 01 00 00 01 ... 79 ac 1c ad 6f b9 ff d9 [69344 bytes]
2025-04-17 21:56:18,370 - websockets.client - DEBUG - > BINARY ff d8 ff e0 00 10 4a 46 49 46 00 01 01 00 00 01 ... 6c 52 83 8d 9a d8 ff d9 [68646 bytes]
2025-04-17 21:56:18,482 - websockets.client - DEBUG - > BINARY ff d8 ff e0 00 10 4a 46 49 46 00 01 01 00 00 01 ... 42 65 1d 2c b7 3f ff d9 [70283 bytes]
2025-04-17 21:56:18,605 - websockets.client - DEBUG - > BINARY ff d8 ff e0 00 10 4a 46 49 46 00 01 01 00 00 01 ... 1f 0a 21 ab 47 43 ff d9 [70090 bytes]
2025-04-17 21:56:18,715 - websockets.client - DEBUG - > BINARY ff d8 ff e0 00 10 4a 46 49 46 00 01 01 00 00 01 ... b6 86 50 4d 4b 53 ff d9 [70349 bytes]
2025-04-17 21:56:18,778 - websockets.client - DEBUG - < TEXT '[{"box": [88, 211, 447, 268], "is_felix": false...: 0.49926653504371643}]' [84 bytes]
2025-04-17 21:56:18,779 - IseeYou.FelixTrackingClient - DEBUG - [RECEIVER] Frame #51: Received 1 detections (0 Felix)
2025-04-17 21:56:18,825 - websockets.client - DEBUG - > BINARY ff d8 ff e0 00 10 4a 46 49 46 00 01 01 00 00 01 ... b6 86 50 4d 4b 53 ff d9 [70349 bytes]
2025-04-17 21:56:18,950 - websockets.client - DEBUG - > BINARY ff d8 ff e0 00 10 4a 46 49 46 00 01 01 00 00 01 ... 72 d0 51 4a cd 33 ff d9 [70105 bytes]
2025-04-17 21:56:19,059 - websockets.client - DEBUG - > BINARY ff d8 ff e0 00 10 4a 46 49 46 00 01 01 00 00 01 ... a9 48 8b 2e 7d 0f ff d9 [70557 bytes]
2025-04-17 21:56:19,169 - websockets.client - DEBUG - > BINARY ff d8 ff e0 00 10 4a 46 49 46 00 01 01 00 00 01 ... 9e c4 36 dc 34 3f ff d9 [70913 bytes]
2025-04-17 21:56:19,295 - websockets.client - DEBUG - > BINARY ff d8 ff e0 00 10 4a 46 49 46 00 01 01 00 00 01 ... 86 84 a4 d3 b2 3f ff d9 [70301 bytes]
2025-04-17 21:56:19,382 - websockets.client - DEBUG - < TEXT '[{"box": [88, 211, 447, 268], "is_felix": false...: 0.49926653504371643}]' [84 bytes]
2025-04-17 21:56:19,383 - IseeYou.FelixTrackingClient - DEBUG - [RECEIVER] Frame #52: Received 1 detections (0 Felix)
2025-04-17 21:56:19,397 - websockets.client - DEBUG - < TEXT '[]' [2 bytes]
2025-04-17 21:56:19,400 - IseeYou.FelixTrackingClient - DEBUG - [RECEIVER] Frame #53: Received 0 detections (0 Felix)
2025-04-17 21:56:19,401 - websockets.client - DEBUG - > BINARY ff d8 ff e0 00 10 4a 46 49 46 00 01 01 00 00 01 ... 8a 31 71 95 ac 7f ff d9 [70651 bytes]
2025-04-17 21:56:19,510 - websockets.client - DEBUG - > BINARY ff d8 ff e0 00 10 4a 46 49 46 00 01 01 00 00 01 ... 49 21 42 32 4a ec ff d9 [70849 bytes]
2025-04-17 21:56:19,622 - websockets.client - DEBUG - > BINARY ff d8 ff e0 00 10 4a 46 49 46 00 01 01 00 00 01 ... 93 e8 c9 9d da 3f ff d9 [70623 bytes]
2025-04-17 21:56:20,173 - websockets.client - DEBUG - < TEXT '[{"box": [88, 211, 428, 268], "is_felix": true,...": 0.5018735527992249}]' [82 bytes]
2025-04-17 21:56:20,173 - IseeYou.FelixTrackingClient - DEBUG - [RECEIVER] Frame #54: Received 1 detections (1 Felix)
2025-04-17 21:56:20,783 - websockets.client - DEBUG - < TEXT '[{"box": [87, 210, 427, 269], "is_felix": true,...": 0.5004609227180481}]' [82 bytes]
2025-04-17 21:56:20,783 - IseeYou.FelixTrackingClient - DEBUG - [RECEIVER] Frame #55: Received 1 detections (1 Felix)
2025-04-17 21:56:21,482 - websockets.client - DEBUG - < TEXT '[{"box": [86, 212, 425, 267], "is_felix": true,...": 0.5019655227661133}]' [82 bytes]
2025-04-17 21:56:21,482 - IseeYou.FelixTrackingClient - DEBUG - [RECEIVER] Frame #56: Received 1 detections (1 Felix)
2025-04-17 21:56:22,178 - websockets.client - DEBUG - < TEXT '[{"box": [89, 213, 419, 266], "is_felix": false...: 0.49893784523010254}]' [84 bytes]
2025-04-17 21:56:22,179 - IseeYou.FelixTrackingClient - DEBUG - [RECEIVER] Frame #57: Received 1 detections (0 Felix)
2025-04-17 21:56:22,863 - websockets.client - DEBUG - < TEXT '[{"box": [89, 211, 417, 268], "is_felix": true,...": 0.5009078979492188}]' [82 bytes]
2025-04-17 21:56:22,864 - IseeYou.FelixTrackingClient - DEBUG - [RECEIVER] Frame #58: Received 1 detections (1 Felix)
2025-04-17 21:56:23,481 - websockets.client - DEBUG - < TEXT '[{"box": [89, 213, 418, 266], "is_felix": true,...": 0.5006977319717407}]' [82 bytes]
2025-04-17 21:56:23,481 - IseeYou.FelixTrackingClient - DEBUG - [RECEIVER] Frame #59: Received 1 detections (1 Felix)
2025-04-17 21:56:24,176 - websockets.client - DEBUG - < TEXT '[{"box": [90, 211, 415, 268], "is_felix": true,...": 0.5012131333351135}]' [82 bytes]
2025-04-17 21:56:24,177 - IseeYou.FelixTrackingClient - DEBUG - [RECEIVER] Frame #60: Received 1 detections (1 Felix)
2025-04-17 21:56:24,780 - websockets.client - DEBUG - < TEXT '[{"box": [89, 212, 417, 267], "is_felix": true,...e": 0.500078558921814}]' [81 bytes]
2025-04-17 21:56:24,781 - IseeYou.FelixTrackingClient - DEBUG - [RECEIVER] Frame #61: Received 1 detections (1 Felix)
2025-04-17 21:56:25,463 - websockets.client - DEBUG - < TEXT '[{"box": [92, 212, 414, 267], "is_felix": false...: 0.49942541122436523}]' [84 bytes]
2025-04-17 21:56:25,463 - IseeYou.FelixTrackingClient - DEBUG - [RECEIVER] Frame #62: Received 1 detections (0 Felix)
2025-04-17 21:56:26,078 - websockets.client - DEBUG - < TEXT '[{"box": [92, 212, 414, 267], "is_felix": false...: 0.49942541122436523}]' [84 bytes]
2025-04-17 21:56:26,079 - IseeYou.FelixTrackingClient - DEBUG - [RECEIVER] Frame #63: Received 1 detections (0 Felix)
2025-04-17 21:56:26,777 - websockets.client - DEBUG - < TEXT '[{"box": [89, 215, 417, 264], "is_felix": true,...": 0.5027413368225098}]' [82 bytes]
2025-04-17 21:56:26,778 - IseeYou.FelixTrackingClient - DEBUG - [RECEIVER] Frame #64: Received 1 detections (1 Felix)
2025-04-17 21:56:27,475 - websockets.client - DEBUG - < TEXT '[{"box": [92, 214, 414, 265], "is_felix": true,...": 0.5005119442939758}]' [82 bytes]
2025-04-17 21:56:27,476 - IseeYou.FelixTrackingClient - DEBUG - [RECEIVER] Frame #65: Received 1 detections (1 Felix)
2025-04-17 21:56:28,179 - websockets.client - DEBUG - < TEXT '[{"box": [92, 214, 415, 265], "is_felix": false...": 0.4995069205760956}]' [83 bytes]
2025-04-17 21:56:28,179 - IseeYou.FelixTrackingClient - DEBUG - [RECEIVER] Frame #66: Received 1 detections (0 Felix)
2025-04-17 21:56:28,779 - websockets.client - DEBUG - < TEXT '[{"box": [91, 216, 416, 263], "is_felix": true,...": 0.5006737112998962}]' [82 bytes]
2025-04-17 21:56:28,779 - IseeYou.FelixTrackingClient - DEBUG - [RECEIVER] Frame #67: Received 1 detections (1 Felix)
2025-04-17 21:56:29,477 - websockets.client - DEBUG - < TEXT '[{"box": [89, 216, 415, 263], "is_felix": true,...": 0.5007689595222473}]' [82 bytes]
2025-04-17 21:56:29,478 - IseeYou.FelixTrackingClient - DEBUG - [RECEIVER] Frame #68: Received 1 detections (1 Felix)
2025-04-17 21:56:30,270 - websockets.client - DEBUG - < TEXT '[{"box": [91, 217, 415, 262], "is_felix": false...: 0.49989500641822815}]' [84 bytes]
2025-04-17 21:56:30,272 - IseeYou.FelixTrackingClient - DEBUG - [RECEIVER] Frame #69: Received 1 detections (0 Felix)
2025-04-17 21:56:30,285 - websockets.client - DEBUG - < TEXT '[]' [2 bytes]
2025-04-17 21:56:30,285 - IseeYou.FelixTrackingClient - DEBUG - [RECEIVER] Frame #70: Received 0 detections (0 Felix)
2025-04-17 21:56:30,963 - websockets.client - DEBUG - < TEXT '[{"box": [89, 216, 414, 263], "is_felix": true,...": 0.5004899501800537}]' [82 bytes]
2025-04-17 21:56:30,964 - IseeYou.FelixTrackingClient - DEBUG - [RECEIVER] Frame #71: Received 1 detections (1 Felix)
2025-04-17 21:56:30,978 - websockets.client - DEBUG - < TEXT '[]' [2 bytes]
2025-04-17 21:56:30,978 - IseeYou.FelixTrackingClient - DEBUG - [RECEIVER] Frame #72: Received 0 detections (0 Felix)
2025-04-17 21:56:31,584 - websockets.client - DEBUG - < TEXT '[{"box": [89, 213, 417, 266], "is_felix": true,...": 0.5009821057319641}]' [82 bytes]
2025-04-17 21:56:31,584 - IseeYou.FelixTrackingClient - DEBUG - [RECEIVER] Frame #73: Received 1 detections (1 Felix)
2025-04-17 21:56:32,370 - websockets.client - DEBUG - < TEXT '[{"box": [89, 213, 417, 266], "is_felix": true,...": 0.5009821057319641}]' [82 bytes]
2025-04-17 21:56:32,370 - websockets.client - DEBUG - < CLOSE 1011 (internal error) keepalive ping timeout [24 bytes]
2025-04-17 21:56:32,370 - websockets.client - DEBUG - > CLOSE 1011 (internal error) keepalive ping timeout [24 bytes]
2025-04-17 21:56:32,370 - websockets.client - DEBUG - = connection is CLOSING
2025-04-17 21:56:32,370 - websockets.client - DEBUG - < EOF
2025-04-17 21:56:32,370 - websockets.client - DEBUG - > EOF
2025-04-17 21:56:32,371 - websockets.client - DEBUG - = connection is CLOSED
2025-04-17 21:56:32,371 - websockets.client - DEBUG - x half-closing TCP connection
2025-04-17 21:56:32,371 - IseeYou.FelixTrackingClient - DEBUG - [RECEIVER] Frame #74: Received 1 detections (1 Felix)
2025-04-17 21:56:32,371 - IseeYou.FelixTrackingClient - WARNING - [RECEIVER] Connection closed with error: received 1011 (internal error) keepalive ping timeout; then sent 1011 (internal error) keepalive ping timeout
2025-04-17 21:56:32,371 - IseeYou.FelixTrackingClient - INFO - Monitor detected task completion or failure.
2025-04-17 21:56:32,371 - IseeYou.FelixTrackingClient - INFO - Task 'ReceiveTask' completed normally.
2025-04-17 21:56:32,371 - IseeYou.FelixTrackingClient - WARNING - Task 'ReceiveTask' finished normally, likely due to connection closure. Will attempt reconnect.
2025-04-17 21:56:32,371 - IseeYou.FelixTrackingClient - INFO - Reconnect condition met. Proceeding to cleanup and retry.
2025-04-17 21:56:32,371 - IseeYou.FelixTrackingClient - INFO - Performing cleanup...
2025-04-17 21:56:32,371 - IseeYou.FelixTrackingClient - DEBUG - Cancelling 1 active tasks...
2025-04-17 21:56:32,371 - IseeYou.FelixTrackingClient - INFO - Capture and send task cancelled.
2025-04-17 21:56:32,667 - IseeYou.FelixTrackingClient - INFO - Camera released.
2025-04-17 21:56:32,667 - IseeYou.FelixTrackingClient - INFO - Waiting 5.0 seconds before retry #1...
2025-04-17 21:56:37,674 - IseeYou.FelixTrackingClient - INFO - Connection attempt 1/5 to ws://localhost:8080...
2025-04-17 21:56:37,674 - IseeYou.FelixTrackingClient - DEBUG - Attempting websocket.connect with 20.0s timeout...
2025-04-17 21:56:37,676 - websockets.client - DEBUG - = connection is CONNECTING
2025-04-17 21:56:37,676 - websockets.client - DEBUG - > GET / HTTP/1.1
2025-04-17 21:56:37,676 - websockets.client - DEBUG - > Host: localhost:8080
2025-04-17 21:56:37,676 - websockets.client - DEBUG - > Upgrade: websocket
2025-04-17 21:56:37,676 - websockets.client - DEBUG - > Connection: Upgrade
2025-04-17 21:56:37,676 - websockets.client - DEBUG - > Sec-WebSocket-Key: KoZHkOfhtuyqSLqp8yAlCg==
2025-04-17 21:56:37,676 - websockets.client - DEBUG - > Sec-WebSocket-Version: 13
2025-04-17 21:56:37,677 - websockets.client - DEBUG - > Sec-WebSocket-Extensions: permessage-deflate; client_max_window_bits
2025-04-17 21:56:37,677 - websockets.client - DEBUG - > User-Agent: Python/3.12 websockets/15.0.1
2025-04-17 21:56:37,777 - websockets.client - DEBUG - < HTTP/1.1 101 Switching Protocols
2025-04-17 21:56:37,777 - websockets.client - DEBUG - < Date: Fri, 18 Apr 2025 04:56:36 GMT
2025-04-17 21:56:37,777 - websockets.client - DEBUG - < Upgrade: websocket
2025-04-17 21:56:37,777 - websockets.client - DEBUG - < Connection: Upgrade
2025-04-17 21:56:37,777 - websockets.client - DEBUG - < Sec-WebSocket-Accept: vFoLLuQDC923TSl44T/533u9rpE=
2025-04-17 21:56:37,777 - websockets.client - DEBUG - < Sec-WebSocket-Extensions: permessage-deflate; server_max_window_bits=12; client_max_window_bits=12
2025-04-17 21:56:37,777 - websockets.client - DEBUG - < Server: Python/3.10 websockets/15.0.1
2025-04-17 21:56:37,777 - websockets.client - DEBUG - = connection is OPEN
2025-04-17 21:56:37,777 - IseeYou.FelixTrackingClient - INFO - Connection successful! (('::1', 8080, 0, 0))
2025-04-17 21:56:37,777 - IseeYou.FelixTrackingClient - INFO - Launching client tasks (capture/send, receive)...
2025-04-17 21:56:37,777 - IseeYou.FelixTrackingClient - INFO - Monitoring client tasks...
2025-04-17 21:56:37,777 - IseeYou.FelixTrackingClient - INFO - 
=== Starting video capture ===
2025-04-17 21:56:42,353 - IseeYou.FelixTrackingClient - INFO - 
=== Starting to receive detection results ===
2025-04-17 21:56:42,354 - websockets.client - DEBUG - > BINARY ff d8 ff e0 00 10 4a 46 49 46 00 01 01 00 00 01 ... 16 f7 07 06 95 cf ff d9 [71867 bytes]
2025-04-17 21:56:42,472 - websockets.client - DEBUG - > BINARY ff d8 ff e0 00 10 4a 46 49 46 00 01 01 00 00 01 ... 2e a6 2a 33 4a c7 ff d9 [72025 bytes]
2025-04-17 21:56:42,590 - websockets.client - DEBUG - > BINARY ff d8 ff e0 00 10 4a 46 49 46 00 01 01 00 00 01 ... ba 28 45 c6 f6 3f ff d9 [71708 bytes]
2025-04-17 21:56:42,705 - websockets.client - DEBUG - > BINARY ff d8 ff e0 00 10 4a 46 49 46 00 01 01 00 00 01 ... a2 79 65 cb 66 7f ff d9 [71214 bytes]
2025-04-17 21:56:42,813 - websockets.client - DEBUG - > BINARY ff d8 ff e0 00 10 4a 46 49 46 00 01 01 00 00 01 ... 4a d7 12 52 93 d8 ff d9 [70830 bytes]
2025-04-17 21:56:42,922 - websockets.client - DEBUG - > BINARY ff d8 ff e0 00 10 4a 46 49 46 00 01 01 00 00 01 ... 73 b9 6e 2d 34 d1 ff d9 [71016 bytes]
2025-04-17 21:56:43,030 - websockets.client - DEBUG - > BINARY ff d8 ff e0 00 10 4a 46 49 46 00 01 01 00 00 01 ... 31 83 50 72 ea 8f ff d9 [71105 bytes]
2025-04-17 21:56:43,140 - websockets.client - DEBUG - > BINARY ff d8 ff e0 00 10 4a 46 49 46 00 01 01 00 00 01 ... 31 83 50 72 ea 8f ff d9 [71105 bytes]
2025-04-17 21:56:43,179 - websockets.client - DEBUG - < TEXT '[{"box": [73, 97, 463, 382], "is_felix": true, ...": 0.5024412870407104}]' [81 bytes]
2025-04-17 21:56:43,179 - IseeYou.FelixTrackingClient - DEBUG - [RECEIVER] Frame #1: Received 1 detections (1 Felix)
2025-04-17 21:56:43,263 - websockets.client - DEBUG - > BINARY ff d8 ff e0 00 10 4a 46 49 46 00 01 01 00 00 01 ... ac 90 d5 35 1d cf ff d9 [70832 bytes]
2025-04-17 21:56:43,373 - websockets.client - DEBUG - > BINARY ff d8 ff e0 00 10 4a 46 49 46 00 01 01 00 00 01 ... c2 e4 69 3e 6e 87 ff d9 [70204 bytes]
2025-04-17 21:56:43,483 - websockets.client - DEBUG - > BINARY ff d8 ff e0 00 10 4a 46 49 46 00 01 01 00 00 01 ... 0a 9c 24 d3 6d 9f ff d9 [70683 bytes]
2025-04-17 21:56:43,592 - websockets.client - DEBUG - > BINARY ff d8 ff e0 00 10 4a 46 49 46 00 01 01 00 00 01 ... e2 76 88 a3 19 dc ff d9 [70314 bytes]
2025-04-17 21:56:43,701 - websockets.client - DEBUG - > BINARY ff d8 ff e0 00 10 4a 46 49 46 00 01 01 00 00 01 ... 3b 6e 29 c3 de 68 ff d9 [69857 bytes]
2025-04-17 21:56:43,810 - websockets.client - DEBUG - > BINARY ff d8 ff e0 00 10 4a 46 49 46 00 01 01 00 00 01 ... 64 90 53 83 51 d4 ff d9 [70074 bytes]
2025-04-17 21:56:43,878 - websockets.client - DEBUG - < TEXT '[{"box": [73, 98, 462, 381], "is_felix": true, ...": 0.5015850067138672}]' [81 bytes]
2025-04-17 21:56:43,879 - IseeYou.FelixTrackingClient - DEBUG - [RECEIVER] Frame #2: Received 1 detections (1 Felix)
2025-04-17 21:56:43,936 - websockets.client - DEBUG - > BINARY ff d8 ff e0 00 10 4a 46 49 46 00 01 01 00 00 01 ... dc 85 4e 54 da d0 ff d9 [70429 bytes]
2025-04-17 21:56:44,045 - websockets.client - DEBUG - > BINARY ff d8 ff e0 00 10 4a 46 49 46 00 01 01 00 00 01 ... 42 8d 24 a7 ae c7 ff d9 [70500 bytes]
2025-04-17 21:56:44,155 - websockets.client - DEBUG - > BINARY ff d8 ff e0 00 10 4a 46 49 46 00 01 01 00 00 01 ... 60 94 53 57 e8 7f ff d9 [70481 bytes]
2025-04-17 21:56:44,262 - websockets.client - DEBUG - > BINARY ff d8 ff e0 00 10 4a 46 49 46 00 01 01 00 00 01 ... 60 94 53 57 e8 7f ff d9 [70481 bytes]
2025-04-17 21:56:44,372 - websockets.client - DEBUG - > BINARY ff d8 ff e0 00 10 4a 46 49 46 00 01 01 00 00 01 ... 49 a2 52 b4 9b 3f ff d9 [70367 bytes]
2025-04-17 21:56:44,483 - websockets.client - DEBUG - > BINARY ff d8 ff e0 00 10 4a 46 49 46 00 01 01 00 00 01 ... 4a c5 2b b6 ae 7f ff d9 [70629 bytes]
2025-04-17 21:56:44,591 - websockets.client - DEBUG - > BINARY ff d8 ff e0 00 10 4a 46 49 46 00 01 01 00 00 01 ... b0 d4 5a 9d a3 b1 ff d9 [70341 bytes]
2025-04-17 21:56:44,594 - websockets.client - DEBUG - < TEXT '[{"box": [73, 97, 463, 382], "is_felix": true, ...": 0.5034723281860352}]' [81 bytes]
2025-04-17 21:56:44,594 - IseeYou.FelixTrackingClient - DEBUG - [RECEIVER] Frame #3: Received 1 detections (1 Felix)
2025-04-17 21:56:44,701 - websockets.client - DEBUG - > BINARY ff d8 ff e0 00 10 4a 46 49 46 00 01 01 00 00 01 ... 65 b0 bd e5 3d 0f ff d9 [70499 bytes]
2025-04-17 21:56:44,810 - websockets.client - DEBUG - > BINARY ff d8 ff e0 00 10 4a 46 49 46 00 01 01 00 00 01 ... af 94 98 a4 9d cf ff d9 [70369 bytes]
2025-04-17 21:56:44,917 - websockets.client - DEBUG - > BINARY ff d8 ff e0 00 10 4a 46 49 46 00 01 01 00 00 01 ... f6 21 dd 74 f5 3f ff d9 [70773 bytes]
2025-04-17 21:56:45,026 - websockets.client - DEBUG - > BINARY ff d8 ff e0 00 10 4a 46 49 46 00 01 01 00 00 01 ... 6f de d1 93 66 7f ff d9 [71297 bytes]
2025-04-17 21:56:45,134 - websockets.client - DEBUG - > BINARY ff d8 ff e0 00 10 4a 46 49 46 00 01 01 00 00 01 ... 6f de d1 93 66 7f ff d9 [71297 bytes]
2025-04-17 21:56:45,244 - websockets.client - DEBUG - > BINARY ff d8 ff e0 00 10 4a 46 49 46 00 01 01 00 00 01 ... 97 3c 87 14 d6 e7 ff d9 [71052 bytes]
2025-04-17 21:56:45,353 - websockets.client - DEBUG - > BINARY ff d8 ff e0 00 10 4a 46 49 46 00 01 01 00 00 01 ... 42 65 07 0b 76 3f ff d9 [71574 bytes]
2025-04-17 21:56:45,383 - websockets.client - DEBUG - < TEXT '[{"box": [74, 95, 565, 384], "is_felix": true, ...": 0.5019166469573975}]' [81 bytes]
2025-04-17 21:56:45,383 - IseeYou.FelixTrackingClient - DEBUG - [RECEIVER] Frame #4: Received 1 detections (1 Felix)
2025-04-17 21:56:45,477 - websockets.client - DEBUG - > BINARY ff d8 ff e0 00 10 4a 46 49 46 00 01 01 00 00 01 ... a8 f2 27 61 db 43 ff d9 [71243 bytes]
2025-04-17 21:56:45,585 - websockets.client - DEBUG - > BINARY ff d8 ff e0 00 10 4a 46 49 46 00 01 01 00 00 01 ... 91 32 8b 57 69 9f ff d9 [71569 bytes]
2025-04-17 21:56:45,694 - websockets.client - DEBUG - > BINARY ff d8 ff e0 00 10 4a 46 49 46 00 01 01 00 00 01 ... 1e 5b e8 12 83 67 ff d9 [71216 bytes]
2025-04-17 21:56:45,803 - websockets.client - DEBUG - > BINARY ff d8 ff e0 00 10 4a 46 49 46 00 01 01 00 00 01 ... f4 f9 6c 3e 47 13 ff d9 [71403 bytes]
2025-04-17 21:56:45,912 - websockets.client - DEBUG - > BINARY ff d8 ff e0 00 10 4a 46 49 46 00 01 01 00 00 01 ... 36 b8 a5 17 7b a3 ff d9 [71597 bytes]
2025-04-17 21:56:46,021 - websockets.client - DEBUG - > BINARY ff d8 ff e0 00 10 4a 46 49 46 00 01 01 00 00 01 ... 36 b8 a5 17 7b a3 ff d9 [71597 bytes]
2025-04-17 21:56:46,131 - websockets.client - DEBUG - > BINARY ff d8 ff e0 00 10 4a 46 49 46 00 01 01 00 00 01 ... 3c b4 61 6b 74 3f ff d9 [71893 bytes]
2025-04-17 21:56:46,165 - websockets.client - DEBUG - < TEXT '[{"box": [74, 96, 545, 383], "is_felix": true, ...e": 0.500030517578125}]' [80 bytes]
2025-04-17 21:56:46,165 - IseeYou.FelixTrackingClient - DEBUG - [RECEIVER] Frame #5: Received 1 detections (1 Felix)
2025-04-17 21:56:46,240 - websockets.client - DEBUG - > BINARY ff d8 ff e0 00 10 4a 46 49 46 00 01 01 00 00 01 ... 49 94 79 63 66 7f ff d9 [71633 bytes]
2025-04-17 21:56:46,349 - websockets.client - DEBUG - > BINARY ff d8 ff e0 00 10 4a 46 49 46 00 01 01 00 00 01 ... e9 a2 6a 47 4b 9f ff d9 [71773 bytes]
2025-04-17 21:56:46,460 - websockets.client - DEBUG - > BINARY ff d8 ff e0 00 10 4a 46 49 46 00 01 01 00 00 01 ... da cd 3d c1 2e c7 ff d9 [71586 bytes]
2025-04-17 21:56:46,570 - websockets.client - DEBUG - > BINARY ff d8 ff e0 00 10 4a 46 49 46 00 01 01 00 00 01 ... 48 22 aa eb 2e c7 ff d9 [71793 bytes]
2025-04-17 21:56:46,676 - websockets.client - DEBUG - > BINARY ff d8 ff e0 00 10 4a 46 49 46 00 01 01 00 00 01 ... 49 2e e2 71 6b cc ff d9 [71783 bytes]
2025-04-17 21:56:46,786 - websockets.client - DEBUG - > BINARY ff d8 ff e0 00 10 4a 46 49 46 00 01 01 00 00 01 ... e1 28 25 2b 35 a1 ff d9 [71865 bytes]
2025-04-17 21:56:46,896 - websockets.client - DEBUG - > BINARY ff d8 ff e0 00 10 4a 46 49 46 00 01 01 00 00 01 ... 05 28 ce 0a f6 3f ff d9 [72105 bytes]
2025-04-17 21:56:47,005 - websockets.client - DEBUG - > BINARY ff d8 ff e0 00 10 4a 46 49 46 00 01 01 00 00 01 ... 05 28 ce 0a f6 3f ff d9 [72105 bytes]
2025-04-17 21:56:47,115 - websockets.client - DEBUG - > BINARY ff d8 ff e0 00 10 4a 46 49 46 00 01 01 00 00 01 ... 4d 2d 04 94 9b b9 ff d9 [72050 bytes]
2025-04-17 21:56:47,225 - websockets.client - DEBUG - > BINARY ff d8 ff e0 00 10 4a 46 49 46 00 01 01 00 00 01 ... 94 4a 35 39 79 8f ff d9 [72241 bytes]
2025-04-17 21:56:47,332 - websockets.client - DEBUG - > BINARY ff d8 ff e0 00 10 4a 46 49 46 00 01 01 00 00 01 ... eb b0 a3 19 59 b3 ff d9 [72166 bytes]
2025-04-17 21:56:47,378 - websockets.client - DEBUG - < TEXT '[{"box": [75, 97, 557, 382], "is_felix": true, ...e": 0.503631055355072}]' [80 bytes]
2025-04-17 21:56:47,378 - IseeYou.FelixTrackingClient - DEBUG - [RECEIVER] Frame #6: Received 1 detections (1 Felix)
2025-04-17 21:56:47,440 - websockets.client - DEBUG - > BINARY ff d8 ff e0 00 10 4a 46 49 46 00 01 01 00 00 01 ... 35 64 c7 28 2e 87 ff d9 [71810 bytes]
2025-04-17 21:56:47,551 - websockets.client - DEBUG - > BINARY ff d8 ff e0 00 10 4a 46 49 46 00 01 01 00 00 01 ... 8b dc 5c be f5 cf ff d9 [72047 bytes]
2025-04-17 21:56:47,659 - websockets.client - DEBUG - > BINARY ff d8 ff e0 00 10 4a 46 49 46 00 01 01 00 00 01 ... 7b 0a 10 52 4b 98 ff d9 [72223 bytes]
2025-04-17 21:56:47,767 - websockets.client - DEBUG - > BINARY ff d8 ff e0 00 10 4a 46 49 46 00 01 01 00 00 01 ... 47 b9 2d 26 ec cf ff d9 [71843 bytes]
2025-04-17 21:56:47,877 - websockets.client - DEBUG - > BINARY ff d8 ff e0 00 10 4a 46 49 46 00 01 01 00 00 01 ... 47 b9 2d 26 ec cf ff d9 [71843 bytes]
2025-04-17 21:56:47,985 - websockets.client - DEBUG - > BINARY ff d8 ff e0 00 10 4a 46 49 46 00 01 01 00 00 01 ... 1b 32 5c 5c 26 7f ff d9 [72034 bytes]
2025-04-17 21:56:48,080 - websockets.client - DEBUG - < TEXT '[{"box": [78, 94, 464, 385], "is_felix": true, ...": 0.5015273094177246}]' [81 bytes]
2025-04-17 21:56:48,082 - IseeYou.FelixTrackingClient - DEBUG - [RECEIVER] Frame #7: Received 1 detections (1 Felix)
2025-04-17 21:56:48,083 - websockets.client - DEBUG - > BINARY ff d8 ff e0 00 10 4a 46 49 46 00 01 01 00 00 01 ... 57 dc 2c f9 6e 7f ff d9 [72013 bytes]
2025-04-17 21:56:48,204 - websockets.client - DEBUG - > BINARY ff d8 ff e0 00 10 4a 46 49 46 00 01 01 00 00 01 ... d8 55 17 bd 64 cf ff d9 [71836 bytes]
2025-04-17 21:56:48,313 - websockets.client - DEBUG - > BINARY ff d8 ff e0 00 10 4a 46 49 46 00 01 01 00 00 01 ... 1b 5f 71 4a 3d 4f ff d9 [72065 bytes]
2025-04-17 21:56:48,421 - websockets.client - DEBUG - > BINARY ff d8 ff e0 00 10 4a 46 49 46 00 01 01 00 00 01 ... 8e fb 0b 95 3e 87 ff d9 [71866 bytes]
2025-04-17 21:56:48,531 - websockets.client - DEBUG - > BINARY ff d8 ff e0 00 10 4a 46 49 46 00 01 01 00 00 01 ... 25 a2 13 87 3e 88 ff d9 [71997 bytes]
2025-04-17 21:56:48,641 - websockets.client - DEBUG - > BINARY ff d8 ff e0 00 10 4a 46 49 46 00 01 01 00 00 01 ... 9c 65 08 2b 75 3f ff d9 [72006 bytes]
2025-04-17 21:56:48,750 - websockets.client - DEBUG - > BINARY ff d8 ff e0 00 10 4a 46 49 46 00 01 01 00 00 01 ... 9c 65 08 2b 75 3f ff d9 [72006 bytes]
2025-04-17 21:56:48,788 - websockets.client - DEBUG - < TEXT '[{"box": [78, 94, 464, 385], "is_felix": true, ...": 0.5015273094177246}]' [81 bytes]
2025-04-17 21:56:48,788 - IseeYou.FelixTrackingClient - DEBUG - [RECEIVER] Frame #8: Received 1 detections (1 Felix)
2025-04-17 21:56:48,873 - websockets.client - DEBUG - > BINARY ff d8 ff e0 00 10 4a 46 49 46 00 01 01 00 00 01 ... a9 ec d8 94 25 d8 ff d9 [72119 bytes]
2025-04-17 21:56:48,984 - websockets.client - DEBUG - > BINARY ff d8 ff e0 00 10 4a 46 49 46 00 01 01 00 00 01 ... d4 85 16 e5 76 7f ff d9 [72032 bytes]
2025-04-17 21:56:49,092 - websockets.client - DEBUG - > BINARY ff d8 ff e0 00 10 4a 46 49 46 00 01 01 00 00 01 ... a4 ca 32 b5 ec 7f ff d9 [72061 bytes]
2025-04-17 21:56:49,202 - websockets.client - DEBUG - > BINARY ff d8 ff e0 00 10 4a 46 49 46 00 01 01 00 00 01 ... d1 30 8b 4a ed 1f ff d9 [72124 bytes]
2025-04-17 21:56:49,312 - websockets.client - DEBUG - > BINARY ff d8 ff e0 00 10 4a 46 49 46 00 01 01 00 00 01 ... 44 b8 ca 2f 4d cf ff d9 [72114 bytes]
2025-04-17 21:56:49,421 - websockets.client - DEBUG - > BINARY ff d8 ff e0 00 10 4a 46 49 46 00 01 01 00 00 01 ... d3 7c b1 12 56 dc ff d9 [71888 bytes]
2025-04-17 21:56:49,530 - websockets.client - DEBUG - > BINARY ff d8 ff e0 00 10 4a 46 49 46 00 01 01 00 00 01 ... fd c5 38 ca d7 3f ff d9 [72021 bytes]
2025-04-17 21:56:49,574 - websockets.client - DEBUG - < TEXT '[{"box": [78, 89, 459, 390], "is_felix": true, ...": 0.5021182894706726}]' [81 bytes]
2025-04-17 21:56:49,574 - IseeYou.FelixTrackingClient - DEBUG - [RECEIVER] Frame #9: Received 1 detections (1 Felix)
2025-04-17 21:56:49,640 - websockets.client - DEBUG - > BINARY ff d8 ff e0 00 10 4a 46 49 46 00 01 01 00 00 01 ... b4 f9 50 94 52 b9 ff d9 [72098 bytes]
2025-04-17 21:56:49,749 - websockets.client - DEBUG - > BINARY ff d8 ff e0 00 10 4a 46 49 46 00 01 01 00 00 01 ... b4 f9 50 94 52 b9 ff d9 [72098 bytes]
2025-04-17 21:56:49,857 - websockets.client - DEBUG - > BINARY ff d8 ff e0 00 10 4a 46 49 46 00 01 01 00 00 01 ... d3 44 a8 b7 1b d8 ff d9 [71752 bytes]
2025-04-17 21:56:49,970 - websockets.client - DEBUG - > BINARY ff d8 ff e0 00 10 4a 46 49 46 00 01 01 00 00 01 ... 3d 19 32 8b 8e e8 ff d9 [71775 bytes]
2025-04-17 21:56:50,092 - websockets.client - DEBUG - > BINARY ff d8 ff e0 00 10 4a 46 49 46 00 01 01 00 00 01 ... f4 44 c6 29 3b a3 ff d9 [71944 bytes]
2025-04-17 21:56:50,204 - websockets.client - DEBUG - > BINARY ff d8 ff e0 00 10 4a 46 49 46 00 01 01 00 00 01 ... c5 5c 52 49 fb ac ff d9 [71988 bytes]
2025-04-17 21:56:50,284 - websockets.client - DEBUG - < TEXT '[{"box": [70, 73, 472, 406], "is_felix": true, ...": 0.5086495280265808}]' [81 bytes]
2025-04-17 21:56:50,285 - IseeYou.FelixTrackingClient - DEBUG - [RECEIVER] Frame #10: Received 1 detections (1 Felix)
2025-04-17 21:56:50,326 - websockets.client - DEBUG - > BINARY ff d8 ff e0 00 10 4a 46 49 46 00 01 01 00 00 01 ... ab 68 28 ab 7a 1f ff d9 [72143 bytes]
2025-04-17 21:56:50,434 - websockets.client - DEBUG - > BINARY ff d8 ff e0 00 10 4a 46 49 46 00 01 01 00 00 01 ... df 52 54 6d 2d 4f ff d9 [72001 bytes]
2025-04-17 21:56:50,545 - websockets.client - DEBUG - > BINARY ff d8 ff e0 00 10 4a 46 49 46 00 01 01 00 00 01 ... 92 62 71 4d 5d 9f ff d9 [71832 bytes]
2025-04-17 21:56:50,653 - websockets.client - DEBUG - > BINARY ff d8 ff e0 00 10 4a 46 49 46 00 01 01 00 00 01 ... ab 7e e2 b4 a7 a9 ff d9 [72039 bytes]
2025-04-17 21:56:50,762 - websockets.client - DEBUG - > BINARY ff d8 ff e0 00 10 4a 46 49 46 00 01 01 00 00 01 ... ab 7e e2 b4 a7 a9 ff d9 [72039 bytes]
2025-04-17 21:56:50,871 - websockets.client - DEBUG - > BINARY ff d8 ff e0 00 10 4a 46 49 46 00 01 01 00 00 01 ... 9b ba ea 4a 4a 27 ff d9 [72024 bytes]
2025-04-17 21:56:50,982 - websockets.client - DEBUG - < TEXT '[{"box": [58, 59, 483, 420], "is_felix": false,...": 0.4981612265110016}]' [82 bytes]
2025-04-17 21:56:50,982 - IseeYou.FelixTrackingClient - DEBUG - [RECEIVER] Frame #11: Received 1 detections (0 Felix)
2025-04-17 21:56:50,983 - websockets.client - DEBUG - > BINARY ff d8 ff e0 00 10 4a 46 49 46 00 01 01 00 00 01 ... 55 a7 41 38 f2 9f ff d9 [72164 bytes]
2025-04-17 21:56:51,093 - websockets.client - DEBUG - > BINARY ff d8 ff e0 00 10 4a 46 49 46 00 01 01 00 00 01 ... 0b 96 51 8e 8b 43 ff d9 [72243 bytes]
2025-04-17 21:56:51,202 - websockets.client - DEBUG - > BINARY ff d8 ff e0 00 10 4a 46 49 46 00 01 01 00 00 01 ... dc 54 62 11 4f 98 ff d9 [71977 bytes]
2025-04-17 21:56:51,310 - websockets.client - DEBUG - > BINARY ff d8 ff e0 00 10 4a 46 49 46 00 01 01 00 00 01 ... 68 54 a2 e1 e6 7f ff d9 [71989 bytes]
2025-04-17 21:56:51,421 - websockets.client - DEBUG - > BINARY ff d8 ff e0 00 10 4a 46 49 46 00 01 01 00 00 01 ... 02 70 52 57 b5 8f ff d9 [71919 bytes]
2025-04-17 21:56:51,544 - websockets.client - DEBUG - > BINARY ff d8 ff e0 00 10 4a 46 49 46 00 01 01 00 00 01 ... 5d ee 4b 4d bb 1f ff d9 [71584 bytes]
2025-04-17 21:56:51,668 - websockets.client - DEBUG - > BINARY ff d8 ff e0 00 10 4a 46 49 46 00 01 01 00 00 01 ... c9 68 42 8f 2b 3f ff d9 [71489 bytes]
2025-04-17 21:56:51,778 - websockets.client - DEBUG - < TEXT '[{"box": [50, 59, 485, 420], "is_felix": false,...": 0.4997115731239319}]' [82 bytes]
2025-04-17 21:56:51,779 - IseeYou.FelixTrackingClient - DEBUG - [RECEIVER] Frame #12: Received 1 detections (0 Felix)
2025-04-17 21:56:51,779 - websockets.client - DEBUG - > BINARY ff d8 ff e0 00 10 4a 46 49 46 00 01 01 00 00 01 ... 72 63 15 cd cd 63 ff d9 [71886 bytes]
2025-04-17 21:56:51,888 - websockets.client - DEBUG - > BINARY ff d8 ff e0 00 10 4a 46 49 46 00 01 01 00 00 01 ... 72 63 15 cd cd 63 ff d9 [71886 bytes]
2025-04-17 21:56:51,999 - websockets.client - DEBUG - > BINARY ff d8 ff e0 00 10 4a 46 49 46 00 01 01 00 00 01 ... a3 3d 82 11 6f 73 ff d9 [71888 bytes]
2025-04-17 21:56:52,109 - websockets.client - DEBUG - > BINARY ff d8 ff e0 00 10 4a 46 49 46 00 01 01 00 00 01 ... b6 17 24 97 bd b9 ff d9 [72009 bytes]
2025-04-17 21:56:52,219 - websockets.client - DEBUG - > BINARY ff d8 ff e0 00 10 4a 46 49 46 00 01 01 00 00 01 ... 19 12 a2 e0 b9 8f ff d9 [72112 bytes]
2025-04-17 21:56:52,343 - websockets.client - DEBUG - > BINARY ff d8 ff e0 00 10 4a 46 49 46 00 01 01 00 00 01 ... 51 83 bf 33 f9 9f ff d9 [72081 bytes]
2025-04-17 21:56:52,452 - websockets.client - DEBUG - > BINARY ff d8 ff e0 00 10 4a 46 49 46 00 01 01 00 00 01 ... 26 28 c3 dd bb 3f ff d9 [72205 bytes]
2025-04-17 21:56:52,480 - websockets.client - DEBUG - < TEXT '[{"box": [47, 60, 478, 419], "is_felix": false,...e": 0.498538076877594}]' [81 bytes]
2025-04-17 21:56:52,480 - IseeYou.FelixTrackingClient - DEBUG - [RECEIVER] Frame #13: Received 1 detections (0 Felix)
2025-04-17 21:56:52,560 - websockets.client - DEBUG - > BINARY ff d8 ff e0 00 10 4a 46 49 46 00 01 01 00 00 01 ... b4 6e 4c 69 de c7 ff d9 [72375 bytes]
2025-04-17 21:56:52,670 - websockets.client - DEBUG - > BINARY ff d8 ff e0 00 10 4a 46 49 46 00 01 01 00 00 01 ... 51 84 a4 d4 17 53 ff d9 [72136 bytes]
2025-04-17 21:56:52,780 - websockets.client - DEBUG - > PING de 83 ea 34 [binary, 4 bytes]
2025-04-17 21:56:52,781 - websockets.client - DEBUG - % sent keepalive ping
2025-04-17 21:56:52,782 - websockets.client - DEBUG - > BINARY ff d8 ff e0 00 10 4a 46 49 46 00 01 01 00 00 01 ... c5 07 b3 7c b7 3f ff d9 [72141 bytes]
2025-04-17 21:56:52,889 - websockets.client - DEBUG - > BINARY ff d8 ff e0 00 10 4a 46 49 46 00 01 01 00 00 01 ... 3a 52 e7 d5 68 7f ff d9 [72069 bytes]
2025-04-17 21:56:53,000 - websockets.client - DEBUG - > BINARY ff d8 ff e0 00 10 4a 46 49 46 00 01 01 00 00 01 ... 3a 52 e7 d5 68 7f ff d9 [72069 bytes]
2025-04-17 21:56:53,125 - websockets.client - DEBUG - > BINARY ff d8 ff e0 00 10 4a 46 49 46 00 01 01 00 00 01 ... 20 54 dc 15 fa 1f ff d9 [72159 bytes]
2025-04-17 21:56:53,183 - websockets.client - DEBUG - < TEXT '[{"box": [46, 63, 477, 416], "is_felix": false,...": 0.4978034794330597}]' [82 bytes]
2025-04-17 21:56:53,184 - IseeYou.FelixTrackingClient - DEBUG - [RECEIVER] Frame #14: Received 1 detections (0 Felix)
2025-04-17 21:56:53,231 - websockets.client - DEBUG - > BINARY ff d8 ff e0 00 10 4a 46 49 46 00 01 01 00 00 01 ... 51 7a 8a 9d 3d 0f ff d9 [72157 bytes]
2025-04-17 21:56:53,340 - websockets.client - DEBUG - > BINARY ff d8 ff e0 00 10 4a 46 49 46 00 01 01 00 00 01 ... 71 a4 e3 1d 56 ac ff d9 [72070 bytes]
2025-04-17 21:56:53,344 - IseeYou.FelixTrackingClient - DEBUG - [CAPTURE] Sent frame 100 (72070 bytes)
2025-04-17 21:56:53,448 - websockets.client - DEBUG - > BINARY ff d8 ff e0 00 10 4a 46 49 46 00 01 01 00 00 01 ... e3 f6 6d 43 96 47 ff d9 [72213 bytes]
2025-04-17 21:56:53,571 - websockets.client - DEBUG - > BINARY ff d8 ff e0 00 10 4a 46 49 46 00 01 01 00 00 01 ... e8 57 24 ac f9 cf ff d9 [72189 bytes]
2025-04-17 21:56:53,683 - websockets.client - DEBUG - > BINARY ff d8 ff e0 00 10 4a 46 49 46 00 01 01 00 00 01 ... 4c 3d 94 af 66 8f ff d9 [72230 bytes]
2025-04-17 21:56:53,805 - websockets.client - DEBUG - > BINARY ff d8 ff e0 00 10 4a 46 49 46 00 01 01 00 00 01 ... 95 d0 e3 4e ce cc ff d9 [72043 bytes]
2025-04-17 21:56:53,915 - websockets.client - DEBUG - > BINARY ff d8 ff e0 00 10 4a 46 49 46 00 01 01 00 00 01 ... e5 07 4a a5 ae 91 ff d9 [72354 bytes]
2025-04-17 21:56:53,975 - websockets.client - DEBUG - < TEXT '[{"box": [55, 68, 464, 411], "is_felix": true, ...": 0.5008205771446228}]' [81 bytes]
2025-04-17 21:56:53,977 - IseeYou.FelixTrackingClient - DEBUG - [RECEIVER] Frame #15: Received 1 detections (1 Felix)
2025-04-17 21:56:54,039 - websockets.client - DEBUG - > BINARY ff d8 ff e0 00 10 4a 46 49 46 00 01 01 00 00 01 ... e8 c2 34 95 9b 48 ff d9 [72562 bytes]
2025-04-17 21:56:54,162 - websockets.client - DEBUG - > BINARY ff d8 ff e0 00 10 4a 46 49 46 00 01 01 00 00 01 ... e8 c2 34 95 9b 48 ff d9 [72562 bytes]
2025-04-17 21:56:54,272 - websockets.client - DEBUG - > BINARY ff d8 ff e0 00 10 4a 46 49 46 00 01 01 00 00 01 ... b6 1c 21 52 11 3f ff d9 [72227 bytes]
2025-04-17 21:56:54,381 - websockets.client - DEBUG - > BINARY ff d8 ff e0 00 10 4a 46 49 46 00 01 01 00 00 01 ... e1 4e d6 92 e9 b9 ff d9 [72500 bytes]
2025-04-17 21:56:54,493 - websockets.client - DEBUG - > BINARY ff d8 ff e0 00 10 4a 46 49 46 00 01 01 00 00 01 ... a2 95 34 92 6f a1 ff d9 [72367 bytes]
2025-04-17 21:56:54,604 - websockets.client - DEBUG - > BINARY ff d8 ff e0 00 10 4a 46 49 46 00 01 01 00 00 01 ... 60 a7 49 4a 51 b9 ff d9 [72101 bytes]
2025-04-17 21:56:54,682 - websockets.client - DEBUG - < TEXT '[{"box": [64, 88, 449, 391], "is_felix": false,...: 0.49991872906684875}]' [83 bytes]
2025-04-17 21:56:54,683 - IseeYou.FelixTrackingClient - DEBUG - [RECEIVER] Frame #16: Received 1 detections (0 Felix)
2025-04-17 21:56:54,711 - websockets.client - DEBUG - > BINARY ff d8 ff e0 00 10 4a 46 49 46 00 01 01 00 00 01 ... 95 8d d3 6a d7 3f ff d9 [72417 bytes]
2025-04-17 21:56:54,835 - websockets.client - DEBUG - > BINARY ff d8 ff e0 00 10 4a 46 49 46 00 01 01 00 00 01 ... 69 5c 21 49 b4 d1 ff d9 [72113 bytes]
2025-04-17 21:56:54,943 - websockets.client - DEBUG - > BINARY ff d8 ff e0 00 10 4a 46 49 46 00 01 01 00 00 01 ... 85 35 52 9d e4 7f ff d9 [72358 bytes]
2025-04-17 21:56:55,037 - websockets.client - DEBUG - > BINARY ff d8 ff e0 00 10 4a 46 49 46 00 01 01 00 00 01 ... db b8 3a 72 84 91 ff d9 [72397 bytes]
2025-04-17 21:56:55,149 - websockets.client - DEBUG - > BINARY ff d8 ff e0 00 10 4a 46 49 46 00 01 01 00 00 01 ... 14 e9 49 c7 54 7f ff d9 [72454 bytes]
2025-04-17 21:56:55,259 - websockets.client - DEBUG - > BINARY ff d8 ff e0 00 10 4a 46 49 46 00 01 01 00 00 01 ... 08 52 b4 5c a4 8f ff d9 [72344 bytes]
2025-04-17 21:56:55,384 - websockets.client - DEBUG - > BINARY ff d8 ff e0 00 10 4a 46 49 46 00 01 01 00 00 01 ... 81 52 92 76 6a c7 ff d9 [72579 bytes]
2025-04-17 21:56:55,479 - websockets.client - DEBUG - < TEXT '[{"box": [71, 107, 439, 372], "is_felix": false...": 0.4997529089450836}]' [83 bytes]
2025-04-17 21:56:55,483 - IseeYou.FelixTrackingClient - DEBUG - [RECEIVER] Frame #17: Received 1 detections (0 Felix)
2025-04-17 21:56:55,484 - websockets.client - DEBUG - > BINARY ff d8 ff e0 00 10 4a 46 49 46 00 01 01 00 00 01 ... 64 0a 9c 9a 4f a9 ff d9 [72329 bytes]
2025-04-17 21:56:55,600 - websockets.client - DEBUG - > BINARY ff d8 ff e0 00 10 4a 46 49 46 00 01 01 00 00 01 ... 93 50 e4 6d 36 cf ff d9 [72179 bytes]
2025-04-17 21:56:55,708 - websockets.client - DEBUG - > BINARY ff d8 ff e0 00 10 4a 46 49 46 00 01 01 00 00 01 ... ab 50 84 1d 9b 3f ff d9 [71734 bytes]
2025-04-17 21:56:55,819 - websockets.client - DEBUG - > BINARY ff d8 ff e0 00 10 4a 46 49 46 00 01 01 00 00 01 ... 02 34 da 56 ea 7f ff d9 [71818 bytes]
2025-04-17 21:56:55,929 - websockets.client - DEBUG - > BINARY ff d8 ff e0 00 10 4a 46 49 46 00 01 01 00 00 01 ... d8 3d 9b e4 f3 3f ff d9 [71659 bytes]
2025-04-17 21:56:56,054 - websockets.client - DEBUG - > BINARY ff d8 ff e0 00 10 4a 46 49 46 00 01 01 00 00 01 ... 56 35 4e 52 4d d8 ff d9 [70904 bytes]
2025-04-17 21:56:56,175 - websockets.client - DEBUG - > BINARY ff d8 ff e0 00 10 4a 46 49 46 00 01 01 00 00 01 ... c0 e9 b9 ab ad cf ff d9 [70712 bytes]
2025-04-17 21:56:56,276 - websockets.client - DEBUG - < TEXT '[{"box": [71, 107, 439, 372], "is_felix": false...": 0.4997529089450836}]' [83 bytes]
2025-04-17 21:56:56,279 - IseeYou.FelixTrackingClient - DEBUG - [RECEIVER] Frame #18: Received 1 detections (0 Felix)
2025-04-17 21:56:56,281 - websockets.client - DEBUG - > BINARY ff d8 ff e0 00 10 4a 46 49 46 00 01 01 00 00 01 ... ec d8 46 15 2e 91 ff d9 [70339 bytes]
2025-04-17 21:56:56,394 - websockets.client - DEBUG - > BINARY ff d8 ff e0 00 10 4a 46 49 46 00 01 01 00 00 01 ... f7 50 4a 96 97 b1 ff d9 [70404 bytes]
2025-04-17 21:56:56,501 - websockets.client - DEBUG - > BINARY ff d8 ff e0 00 10 4a 46 49 46 00 01 01 00 00 01 ... 40 85 39 5e f2 3f ff d9 [69419 bytes]
2025-04-17 21:56:56,611 - websockets.client - DEBUG - > BINARY ff d8 ff e0 00 10 4a 46 49 46 00 01 01 00 00 01 ... 9d 29 39 2b 2d cf ff d9 [67750 bytes]
2025-04-17 21:56:56,721 - websockets.client - DEBUG - > BINARY ff d8 ff e0 00 10 4a 46 49 46 00 01 01 00 00 01 ... 9d 29 39 2b 2d cf ff d9 [67750 bytes]
2025-04-17 21:56:56,832 - websockets.client - DEBUG - > BINARY ff d8 ff e0 00 10 4a 46 49 46 00 01 01 00 00 01 ... 05 4e 52 95 de c7 ff d9 [64285 bytes]
2025-04-17 21:56:56,943 - websockets.client - DEBUG - > BINARY ff d8 ff e0 00 10 4a 46 49 46 00 01 01 00 00 01 ... 7a 04 29 f3 3b 1f ff d9 [64346 bytes]
2025-04-17 21:56:56,981 - websockets.client - DEBUG - < TEXT '[{"box": [73, 118, 437, 361], "is_felix": true,...e": 0.513431966304779}]' [81 bytes]
2025-04-17 21:56:56,981 - IseeYou.FelixTrackingClient - DEBUG - [RECEIVER] Frame #19: Received 1 detections (1 Felix)
2025-04-17 21:56:57,049 - websockets.client - DEBUG - > BINARY ff d8 ff e0 00 10 4a 46 49 46 00 01 01 00 00 01 ... 0a 54 94 9d a4 7f ff d9 [64354 bytes]
2025-04-17 21:56:57,161 - websockets.client - DEBUG - > BINARY ff d8 ff e0 00 10 4a 46 49 46 00 01 01 00 00 01 ... 46 4c 29 e9 76 7f ff d9 [64669 bytes]
2025-04-17 21:56:57,271 - websockets.client - DEBUG - > BINARY ff d8 ff e0 00 10 4a 46 49 46 00 01 01 00 00 01 ... ce 5e e0 a9 52 68 ff d9 [65155 bytes]
2025-04-17 21:56:57,381 - websockets.client - DEBUG - > BINARY ff d8 ff e0 00 10 4a 46 49 46 00 01 01 00 00 01 ... e8 11 83 8a 4b b9 ff d9 [66407 bytes]
2025-04-17 21:56:57,491 - websockets.client - DEBUG - > BINARY ff d8 ff e0 00 10 4a 46 49 46 00 01 01 00 00 01 ... 5e cb 96 16 6b 53 ff d9 [67027 bytes]
2025-04-17 21:56:57,600 - websockets.client - DEBUG - > BINARY ff d8 ff e0 00 10 4a 46 49 46 00 01 01 00 00 01 ... fa 05 1a 72 f8 99 ff d9 [67766 bytes]
2025-04-17 21:56:57,708 - websockets.client - DEBUG - > BINARY ff d8 ff e0 00 10 4a 46 49 46 00 01 01 00 00 01 ... 00 95 39 ca 4b cc ff d9 [68639 bytes]
2025-04-17 21:56:57,776 - websockets.client - DEBUG - < TEXT '[{"box": [73, 119, 439, 360], "is_felix": false...e": 0.499918133020401}]' [82 bytes]
2025-04-17 21:56:57,777 - IseeYou.FelixTrackingClient - DEBUG - [RECEIVER] Frame #20: Received 1 detections (0 Felix)
2025-04-17 21:56:57,818 - websockets.client - DEBUG - > BINARY ff d8 ff e0 00 10 4a 46 49 46 00 01 01 00 00 01 ... 00 95 39 ca 4b cc ff d9 [68639 bytes]
2025-04-17 21:56:57,928 - websockets.client - DEBUG - > BINARY ff d8 ff e0 00 10 4a 46 49 46 00 01 01 00 00 01 ... ec e5 16 9a 5f 79 ff d9 [69373 bytes]
2025-04-17 21:56:58,050 - websockets.client - DEBUG - > BINARY ff d8 ff e0 00 10 4a 46 49 46 00 01 01 00 00 01 ... 0a 34 e4 b4 92 3f ff d9 [69938 bytes]
2025-04-17 21:56:58,173 - websockets.client - DEBUG - > BINARY ff d8 ff e0 00 10 4a 46 49 46 00 01 01 00 00 01 ... ed 00 74 92 8f 31 ff d9 [69700 bytes]
2025-04-17 21:56:58,284 - websockets.client - DEBUG - > BINARY ff d8 ff e0 00 10 4a 46 49 46 00 01 01 00 00 01 ... bb 70 50 71 56 6c ff d9 [69629 bytes]
2025-04-17 21:56:58,408 - websockets.client - DEBUG - > BINARY ff d8 ff e0 00 10 4a 46 49 46 00 01 01 00 00 01 ... 71 46 9c ae db 3f ff d9 [69110 bytes]
2025-04-17 21:56:58,480 - websockets.client - DEBUG - < TEXT '[{"box": [73, 121, 441, 358], "is_felix": true,...": 0.5185788869857788}]' [82 bytes]
2025-04-17 21:56:58,480 - IseeYou.FelixTrackingClient - DEBUG - [RECEIVER] Frame #21: Received 1 detections (1 Felix)
2025-04-17 21:56:58,513 - websockets.client - DEBUG - > BINARY ff d8 ff e0 00 10 4a 46 49 46 00 01 01 00 00 01 ... 60 8d 39 5b 99 9f ff d9 [68904 bytes]
2025-04-17 21:56:58,625 - websockets.client - DEBUG - > BINARY ff d8 ff e0 00 10 4a 46 49 46 00 01 01 00 00 01 ... 49 07 24 d4 b4 3f ff d9 [68981 bytes]
2025-04-17 21:56:58,735 - websockets.client - DEBUG - > BINARY ff d8 ff e0 00 10 4a 46 49 46 00 01 01 00 00 01 ... 66 14 e9 b8 b4 cf ff d9 [68640 bytes]
2025-04-17 21:56:58,868 - websockets.client - DEBUG - > BINARY ff d8 ff e0 00 10 4a 46 49 46 00 01 01 00 00 01 ... 84 e1 52 2a d2 3f ff d9 [68745 bytes]
2025-04-17 21:56:58,983 - websockets.client - DEBUG - > BINARY ff d8 ff e0 00 10 4a 46 49 46 00 01 01 00 00 01 ... 02 a7 c9 75 25 a9 ff d9 [68591 bytes]
2025-04-17 21:56:59,093 - websockets.client - DEBUG - > BINARY ff d8 ff e0 00 10 4a 46 49 46 00 01 01 00 00 01 ... 02 a7 c9 75 25 a9 ff d9 [68591 bytes]
2025-04-17 21:56:59,191 - websockets.client - DEBUG - < TEXT '[{"box": [69, 109, 448, 370], "is_felix": true,...": 0.5139175057411194}]' [82 bytes]
2025-04-17 21:56:59,195 - IseeYou.FelixTrackingClient - DEBUG - [RECEIVER] Frame #22: Received 1 detections (1 Felix)
2025-04-17 21:56:59,196 - websockets.client - DEBUG - > BINARY ff d8 ff e0 00 10 4a 46 49 46 00 01 01 00 00 01 ... a3 08 53 93 69 9f ff d9 [68534 bytes]
2025-04-17 21:56:59,308 - websockets.client - DEBUG - > BINARY ff d8 ff e0 00 10 4a 46 49 46 00 01 01 00 00 01 ... 8a 34 f9 dd 9a 3f ff d9 [68853 bytes]
2025-04-17 21:56:59,416 - websockets.client - DEBUG - > BINARY ff d8 ff e0 00 10 4a 46 49 46 00 01 01 00 00 01 ... 5e a0 a1 69 68 7f ff d9 [68906 bytes]
2025-04-17 21:56:59,525 - websockets.client - DEBUG - > BINARY ff d8 ff e0 00 10 4a 46 49 46 00 01 01 00 00 01 ... 5e bb 03 85 ae 7f ff d9 [68938 bytes]
2025-04-17 21:56:59,635 - websockets.client - DEBUG - > BINARY ff d8 ff e0 00 10 4a 46 49 46 00 01 01 00 00 01 ... 08 c2 4a 9f bc 7f ff d9 [69119 bytes]
2025-04-17 21:56:59,747 - websockets.client - DEBUG - > BINARY ff d8 ff e0 00 10 4a 46 49 46 00 01 01 00 00 01 ... 80 2a 55 25 1d 11 ff d9 [69233 bytes]
2025-04-17 21:56:59,854 - websockets.client - DEBUG - > BINARY ff d8 ff e0 00 10 4a 46 49 46 00 01 01 00 00 01 ... 1c 69 47 95 39 44 ff d9 [69388 bytes]
2025-04-17 21:56:59,880 - websockets.client - DEBUG - < TEXT '[{"box": [65, 105, 450, 374], "is_felix": true,...": 0.5128668546676636}]' [82 bytes]
2025-04-17 21:56:59,880 - IseeYou.FelixTrackingClient - DEBUG - [RECEIVER] Frame #23: Received 1 detections (1 Felix)
2025-04-17 21:56:59,976 - websockets.client - DEBUG - > BINARY ff d8 ff e0 00 10 4a 46 49 46 00 01 01 00 00 01 ... ee 0e 94 9a b2 47 ff d9 [69515 bytes]
2025-04-17 21:57:00,085 - websockets.client - DEBUG - > BINARY ff d8 ff e0 00 10 4a 46 49 46 00 01 01 00 00 01 ... 07 b3 8c 7d e7 b1 ff d9 [69307 bytes]
2025-04-17 21:57:00,194 - websockets.client - DEBUG - > BINARY ff d8 ff e0 00 10 4a 46 49 46 00 01 01 00 00 01 ... 40 e1 26 92 7d 4f ff d9 [69215 bytes]
2025-04-17 21:57:00,302 - websockets.client - DEBUG - > BINARY ff d8 ff e0 00 10 4a 46 49 46 00 01 01 00 00 01 ... 2a 7c 9e f5 b7 3f ff d9 [67938 bytes]
2025-04-17 21:57:00,395 - websockets.client - DEBUG - > BINARY ff d8 ff e0 00 10 4a 46 49 46 00 01 01 00 00 01 ... aa 45 c6 76 5b 1f ff d9 [67703 bytes]
2025-04-17 21:57:00,504 - websockets.client - DEBUG - > BINARY ff d8 ff e0 00 10 4a 46 49 46 00 01 01 00 00 01 ... 74 e9 5b 5b 6a 7f ff d9 [68551 bytes]
2025-04-17 21:57:00,615 - websockets.client - DEBUG - > BINARY ff d8 ff e0 00 10 4a 46 49 46 00 01 01 00 00 01 ... e1 1a 72 b7 33 3f ff d9 [69861 bytes]
2025-04-17 21:57:00,673 - websockets.client - DEBUG - < TEXT '[{"box": [60, 92, 461, 387], "is_felix": true, ...": 0.5126087665557861}]' [81 bytes]
2025-04-17 21:57:00,673 - IseeYou.FelixTrackingClient - DEBUG - [RECEIVER] Frame #24: Received 1 detections (1 Felix)
2025-04-17 21:57:00,722 - websockets.client - DEBUG - > BINARY ff d8 ff e0 00 10 4a 46 49 46 00 01 01 00 00 01 ... 87 4e 9d a9 ea 8f ff d9 [70479 bytes]
2025-04-17 21:57:00,832 - websockets.client - DEBUG - > BINARY ff d8 ff e0 00 10 4a 46 49 46 00 01 01 00 00 01 ... c8 ae 5e 65 74 7f ff d9 [70463 bytes]
2025-04-17 21:57:00,941 - websockets.client - DEBUG - > BINARY ff d8 ff e0 00 10 4a 46 49 46 00 01 01 00 00 01 ... 20 54 fd f4 e4 7f ff d9 [70761 bytes]
2025-04-17 21:57:01,050 - websockets.client - DEBUG - > BINARY ff d8 ff e0 00 10 4a 46 49 46 00 01 01 00 00 01 ... d8 e7 4d a5 a2 3f ff d9 [71000 bytes]
2025-04-17 21:57:01,161 - websockets.client - DEBUG - > BINARY ff d8 ff e0 00 10 4a 46 49 46 00 01 01 00 00 01 ... e1 51 83 7a a4 7f ff d9 [71635 bytes]
2025-04-17 21:57:01,285 - websockets.client - DEBUG - > BINARY ff d8 ff e0 00 10 4a 46 49 46 00 01 01 00 00 01 ... 07 b3 94 2e da 3f ff d9 [72482 bytes]
2025-04-17 21:57:01,385 - websockets.client - DEBUG - < TEXT '[{"box": [59, 77, 468, 402], "is_felix": true, ...": 0.5144678950309753}]' [81 bytes]
2025-04-17 21:57:01,388 - IseeYou.FelixTrackingClient - DEBUG - [RECEIVER] Frame #25: Received 1 detections (1 Felix)
2025-04-17 21:57:01,389 - websockets.client - DEBUG - > BINARY ff d8 ff e0 00 10 4a 46 49 46 00 01 01 00 00 01 ... 54 3f 67 66 a5 23 ff d9 [72179 bytes]
2025-04-17 21:57:01,501 - websockets.client - DEBUG - > BINARY ff d8 ff e0 00 10 4a 46 49 46 00 01 01 00 00 01 ... 74 52 a5 24 f5 47 ff d9 [72129 bytes]
2025-04-17 21:57:01,609 - websockets.client - DEBUG - > BINARY ff d8 ff e0 00 10 4a 46 49 46 00 01 01 00 00 01 ... 21 d1 a7 29 53 3f ff d9 [72131 bytes]
2025-04-17 21:57:01,720 - websockets.client - DEBUG - > BINARY ff d8 ff e0 00 10 4a 46 49 46 00 01 01 00 00 01 ... b0 53 a4 ef 76 8f ff d9 [72097 bytes]
2025-04-17 21:57:01,831 - websockets.client - DEBUG - > BINARY ff d8 ff e0 00 10 4a 46 49 46 00 01 01 00 00 01 ... b0 53 a4 ef 76 8f ff d9 [72097 bytes]
2025-04-17 21:57:01,939 - websockets.client - DEBUG - > BINARY ff d8 ff e0 00 10 4a 46 49 46 00 01 01 00 00 01 ... e1 0a 53 4a cd 1f ff d9 [72581 bytes]
2025-04-17 21:57:02,063 - websockets.client - DEBUG - > BINARY ff d8 ff e0 00 10 4a 46 49 46 00 01 01 00 00 01 ... e8 35 4e d6 e6 3f ff d9 [72753 bytes]
2025-04-17 21:57:02,172 - websockets.client - DEBUG - > BINARY ff d8 ff e0 00 10 4a 46 49 46 00 01 01 00 00 01 ... a4 35 49 29 5d 9f ff d9 [72774 bytes]
2025-04-17 21:57:02,179 - websockets.client - DEBUG - < TEXT '[{"box": [59, 77, 468, 402], "is_felix": true, ...": 0.5144678950309753}]' [81 bytes]
2025-04-17 21:57:02,179 - IseeYou.FelixTrackingClient - DEBUG - [RECEIVER] Frame #26: Received 1 detections (1 Felix)
2025-04-17 21:57:02,296 - websockets.client - DEBUG - > BINARY ff d8 ff e0 00 10 4a 46 49 46 00 01 01 00 00 01 ... ea 37 4e 50 9e a7 ff d9 [72078 bytes]
2025-04-17 21:57:02,406 - websockets.client - DEBUG - > BINARY ff d8 ff e0 00 10 4a 46 49 46 00 01 01 00 00 01 ... c3 85 36 af 74 7f ff d9 [71805 bytes]
2025-04-17 21:57:02,514 - websockets.client - DEBUG - > BINARY ff d8 ff e0 00 10 4a 46 49 46 00 01 01 00 00 01 ... 6e 3a 50 96 b1 91 ff d9 [72118 bytes]
2025-04-17 21:57:02,624 - websockets.client - DEBUG - > BINARY ff d8 ff e0 00 10 4a 46 49 46 00 01 01 00 00 01 ... 2b 68 38 d3 70 dc ff d9 [72065 bytes]
2025-04-17 21:57:02,734 - websockets.client - DEBUG - > BINARY ff d8 ff e0 00 10 4a 46 49 46 00 01 01 00 00 01 ... 8f d9 73 2b 35 a9 ff d9 [72070 bytes]
2025-04-17 21:57:02,843 - websockets.client - DEBUG - > BINARY ff d8 ff e0 00 10 4a 46 49 46 00 01 01 00 00 01 ... 1c 29 72 a4 ed b9 ff d9 [72340 bytes]
2025-04-17 21:57:02,884 - websockets.client - DEBUG - < TEXT '[{"box": [59, 67, 479, 412], "is_felix": true, ...": 0.5024468302726746}]' [81 bytes]
2025-04-17 21:57:02,885 - IseeYou.FelixTrackingClient - DEBUG - [RECEIVER] Frame #27: Received 1 detections (1 Felix)
2025-04-17 21:57:02,952 - websockets.client - DEBUG - > BINARY ff d8 ff e0 00 10 4a 46 49 46 00 01 01 00 00 01 ... 1c 29 72 a4 ed b9 ff d9 [72340 bytes]
2025-04-17 21:57:03,061 - websockets.client - DEBUG - > BINARY ff d8 ff e0 00 10 4a 46 49 46 00 01 01 00 00 01 ... 30 f6 72 72 56 3f ff d9 [72439 bytes]
2025-04-17 21:57:03,170 - websockets.client - DEBUG - > BINARY ff d8 ff e0 00 10 4a 46 49 46 00 01 01 00 00 01 ... 21 c2 94 a4 9b 48 ff d9 [72425 bytes]
2025-04-17 21:57:03,280 - websockets.client - DEBUG - > BINARY ff d8 ff e0 00 10 4a 46 49 46 00 01 01 00 00 01 ... c2 8a 95 17 a5 99 ff d9 [72325 bytes]
2025-04-17 21:57:03,390 - websockets.client - DEBUG - > BINARY ff d8 ff e0 00 10 4a 46 49 46 00 01 01 00 00 01 ... 38 d2 f7 6e b7 3f ff d9 [72676 bytes]
2025-04-17 21:57:03,512 - websockets.client - DEBUG - > BINARY ff d8 ff e0 00 10 4a 46 49 46 00 01 01 00 00 01 ... d8 71 a7 65 64 7f ff d9 [72341 bytes]
2025-04-17 21:57:03,581 - websockets.client - DEBUG - < TEXT '[{"box": [59, 62, 558, 417], "is_felix": true, ...": 0.5068840980529785}]' [81 bytes]
2025-04-17 21:57:03,582 - IseeYou.FelixTrackingClient - DEBUG - [RECEIVER] Frame #28: Received 1 detections (1 Felix)
2025-04-17 21:57:03,636 - websockets.client - DEBUG - > BINARY ff d8 ff e0 00 10 4a 46 49 46 00 01 01 00 00 01 ... 5a 15 1a 6a 31 d4 ff d9 [71643 bytes]
2025-04-17 21:57:03,746 - websockets.client - DEBUG - > BINARY ff d8 ff e0 00 10 4a 46 49 46 00 01 01 00 00 01 ... 8c 2d 75 2d 1b d8 ff d9 [70986 bytes]
2025-04-17 21:57:03,855 - websockets.client - DEBUG - > BINARY ff d8 ff e0 00 10 4a 46 49 46 00 01 01 00 00 01 ... 2d 14 a9 c9 da e8 ff d9 [70667 bytes]
2025-04-17 21:57:03,965 - websockets.client - DEBUG - > BINARY ff d8 ff e0 00 10 4a 46 49 46 00 01 01 00 00 01 ... 2d 14 a9 c9 da e8 ff d9 [70667 bytes]
2025-04-17 21:57:04,077 - websockets.client - DEBUG - > BINARY ff d8 ff e0 00 10 4a 46 49 46 00 01 01 00 00 01 ... 5e ce 51 4a 4f 53 ff d9 [70696 bytes]
2025-04-17 21:57:04,185 - websockets.client - DEBUG - > BINARY ff d8 ff e0 00 10 4a 46 49 46 00 01 01 00 00 01 ... 44 42 9d 59 3d 11 ff d9 [70887 bytes]
2025-04-17 21:57:04,295 - websockets.client - DEBUG - > BINARY ff d8 ff e0 00 10 4a 46 49 46 00 01 01 00 00 01 ... a8 94 2a 45 3f 33 ff d9 [70023 bytes]
2025-04-17 21:57:04,380 - websockets.client - DEBUG - < TEXT '[{"box": [61, 59, 478, 420], "is_felix": true, ...": 0.5097957849502563}]' [81 bytes]
2025-04-17 21:57:04,381 - IseeYou.FelixTrackingClient - DEBUG - [RECEIVER] Frame #29: Received 1 detections (1 Felix)
2025-04-17 21:57:04,418 - websockets.client - DEBUG - > BINARY ff d8 ff e0 00 10 4a 46 49 46 00 01 01 00 00 01 ... 94 a3 4e 2e 4a c7 ff d9 [70230 bytes]
2025-04-17 21:57:04,529 - websockets.client - DEBUG - > BINARY ff d8 ff e0 00 10 4a 46 49 46 00 01 01 00 00 01 ... 75 49 1a 41 de 47 ff d9 [71104 bytes]
2025-04-17 21:57:04,532 - IseeYou.FelixTrackingClient - DEBUG - [CAPTURE] Sent frame 200 (71104 bytes)
2025-04-17 21:57:04,637 - websockets.client - DEBUG - > BINARY ff d8 ff e0 00 10 4a 46 49 46 00 01 01 00 00 01 ... 7c fa 03 d1 5d 9f ff d9 [70966 bytes]
2025-04-17 21:57:04,746 - websockets.client - DEBUG - > BINARY ff d8 ff e0 00 10 4a 46 49 46 00 01 01 00 00 01 ... 7b b7 14 54 b7 48 ff d9 [71115 bytes]
2025-04-17 21:57:04,855 - websockets.client - DEBUG - > BINARY ff d8 ff e0 00 10 4a 46 49 46 00 01 01 00 00 01 ... 3c a5 c7 dd 77 b1 ff d9 [71110 bytes]
2025-04-17 21:57:04,965 - websockets.client - DEBUG - > BINARY ff d8 ff e0 00 10 4a 46 49 46 00 01 01 00 00 01 ... 3c a5 c7 dd 77 b1 ff d9 [71110 bytes]
2025-04-17 21:57:05,074 - websockets.client - DEBUG - > BINARY ff d8 ff e0 00 10 4a 46 49 46 00 01 01 00 00 01 ... 17 4e 31 4f de 3f ff d9 [71199 bytes]
2025-04-17 21:57:05,088 - websockets.client - DEBUG - < TEXT '[{"box": [61, 61, 477, 418], "is_felix": true, ...": 0.5093917846679688}]' [81 bytes]
2025-04-17 21:57:05,088 - websockets.client - DEBUG - < PING b1 f1 d0 99 [binary, 4 bytes]
2025-04-17 21:57:05,088 - websockets.client - DEBUG - > PONG b1 f1 d0 99 [binary, 4 bytes]
2025-04-17 21:57:05,089 - IseeYou.FelixTrackingClient - DEBUG - [RECEIVER] Frame #30: Received 1 detections (1 Felix)
2025-04-17 21:57:05,183 - websockets.client - DEBUG - > BINARY ff d8 ff e0 00 10 4a 46 49 46 00 01 01 00 00 01 ... 8a 2a 0a 52 77 67 ff d9 [71560 bytes]
2025-04-17 21:57:05,293 - websockets.client - DEBUG - > BINARY ff d8 ff e0 00 10 4a 46 49 46 00 01 01 00 00 01 ... 2d 07 cb 27 6b 9f ff d9 [71296 bytes]
2025-04-17 21:57:05,403 - websockets.client - DEBUG - > BINARY ff d8 ff e0 00 10 4a 46 49 46 00 01 01 00 00 01 ... da 1c 61 08 fa 9f ff d9 [71352 bytes]
2025-04-17 21:57:05,510 - websockets.client - DEBUG - > BINARY ff d8 ff e0 00 10 4a 46 49 46 00 01 01 00 00 01 ... b6 1c 62 9a bb 3f ff d9 [71447 bytes]
2025-04-17 21:57:05,622 - websockets.client - DEBUG - > BINARY ff d8 ff e0 00 10 4a 46 49 46 00 01 01 00 00 01 ... 15 4e 0d 7b d2 3f ff d9 [71194 bytes]
2025-04-17 21:57:05,734 - websockets.client - DEBUG - > BINARY ff d8 ff e0 00 10 4a 46 49 46 00 01 01 00 00 01 ... 26 ca 8a 72 96 a7 ff d9 [71166 bytes]
2025-04-17 21:57:05,877 - websockets.client - DEBUG - < TEXT '[{"box": [62, 65, 479, 414], "is_felix": false,...": 0.4978463351726532}]' [82 bytes]
2025-04-17 21:57:05,878 - IseeYou.FelixTrackingClient - DEBUG - [RECEIVER] Frame #31: Received 1 detections (0 Felix)
2025-04-17 21:57:06,581 - websockets.client - DEBUG - < TEXT '[{"box": [63, 71, 474, 408], "is_felix": true, ...e": 0.504145622253418}]' [80 bytes]
2025-04-17 21:57:06,581 - IseeYou.FelixTrackingClient - DEBUG - [RECEIVER] Frame #32: Received 1 detections (1 Felix)
2025-04-17 21:57:07,280 - websockets.client - DEBUG - < TEXT '[{"box": [64, 73, 469, 406], "is_felix": true, ...": 0.5090848803520203}]' [81 bytes]
2025-04-17 21:57:07,281 - IseeYou.FelixTrackingClient - DEBUG - [RECEIVER] Frame #33: Received 1 detections (1 Felix)
2025-04-17 21:57:07,984 - websockets.client - DEBUG - < TEXT '[{"box": [64, 73, 469, 406], "is_felix": true, ...": 0.5090848803520203}]' [81 bytes]
2025-04-17 21:57:07,985 - IseeYou.FelixTrackingClient - DEBUG - [RECEIVER] Frame #34: Received 1 detections (1 Felix)
2025-04-17 21:57:08,681 - websockets.client - DEBUG - < TEXT '[{"box": [65, 72, 460, 407], "is_felix": true, ...e": 0.500332236289978}]' [80 bytes]
2025-04-17 21:57:08,681 - IseeYou.FelixTrackingClient - DEBUG - [RECEIVER] Frame #35: Received 1 detections (1 Felix)
2025-04-17 21:57:09,384 - websockets.client - DEBUG - < TEXT '[{"box": [63, 73, 457, 406], "is_felix": true, ...": 0.5110563635826111}]' [81 bytes]
2025-04-17 21:57:09,384 - IseeYou.FelixTrackingClient - DEBUG - [RECEIVER] Frame #36: Received 1 detections (1 Felix)
2025-04-17 21:57:10,082 - websockets.client - DEBUG - < TEXT '[{"box": [65, 76, 464, 403], "is_felix": true, ...": 0.5000484585762024}]' [81 bytes]
2025-04-17 21:57:10,083 - IseeYou.FelixTrackingClient - DEBUG - [RECEIVER] Frame #37: Received 1 detections (1 Felix)
2025-04-17 21:57:10,874 - websockets.client - DEBUG - < TEXT '[{"box": [69, 80, 468, 399], "is_felix": true, ...": 0.5028485655784607}]' [81 bytes]
2025-04-17 21:57:10,875 - IseeYou.FelixTrackingClient - DEBUG - [RECEIVER] Frame #38: Received 1 detections (1 Felix)
2025-04-17 21:57:11,574 - websockets.client - DEBUG - < TEXT '[{"box": [69, 77, 465, 402], "is_felix": true, ...": 0.5009275674819946}]' [81 bytes]
2025-04-17 21:57:11,575 - IseeYou.FelixTrackingClient - DEBUG - [RECEIVER] Frame #39: Received 1 detections (1 Felix)
2025-04-17 21:57:12,377 - websockets.client - DEBUG - < TEXT '[{"box": [69, 80, 496, 399], "is_felix": true, ...": 0.5005152821540833}]' [81 bytes]
2025-04-17 21:57:12,378 - IseeYou.FelixTrackingClient - DEBUG - [RECEIVER] Frame #40: Received 1 detections (1 Felix)
2025-04-17 21:57:13,183 - websockets.client - DEBUG - < TEXT '[{"box": [71, 81, 466, 398], "is_felix": false,...: 0.49987566471099854}]' [83 bytes]
2025-04-17 21:57:13,184 - IseeYou.FelixTrackingClient - DEBUG - [RECEIVER] Frame #41: Received 1 detections (0 Felix)
2025-04-17 21:57:13,982 - websockets.client - DEBUG - < TEXT '[{"box": [71, 84, 468, 395], "is_felix": true, ...": 0.5005698204040527}]' [81 bytes]
2025-04-17 21:57:13,983 - IseeYou.FelixTrackingClient - DEBUG - [RECEIVER] Frame #42: Received 1 detections (1 Felix)
2025-04-17 21:57:14,782 - websockets.client - DEBUG - < TEXT '[{"box": [71, 84, 468, 395], "is_felix": true, ...": 0.5005698204040527}]' [81 bytes]
2025-04-17 21:57:14,783 - IseeYou.FelixTrackingClient - DEBUG - [RECEIVER] Frame #43: Received 1 detections (1 Felix)
2025-04-17 21:57:15,483 - websockets.client - DEBUG - < TEXT '[{"box": [71, 84, 468, 395], "is_felix": false,...": 0.4989151358604431}]' [82 bytes]
2025-04-17 21:57:15,483 - IseeYou.FelixTrackingClient - DEBUG - [RECEIVER] Frame #44: Received 1 detections (0 Felix)
2025-04-17 21:57:16,183 - websockets.client - DEBUG - < TEXT '[{"box": [72, 80, 468, 399], "is_felix": true, ...": 0.5113834738731384}]' [81 bytes]
2025-04-17 21:57:16,183 - IseeYou.FelixTrackingClient - DEBUG - [RECEIVER] Frame #45: Received 1 detections (1 Felix)
2025-04-17 21:57:16,977 - websockets.client - DEBUG - < TEXT '[{"box": [71, 84, 467, 395], "is_felix": true, ...": 0.5108076930046082}]' [81 bytes]
2025-04-17 21:57:16,977 - IseeYou.FelixTrackingClient - DEBUG - [RECEIVER] Frame #46: Received 1 detections (1 Felix)
2025-04-17 21:57:17,776 - websockets.client - DEBUG - < TEXT '[{"box": [72, 84, 468, 395], "is_felix": true, ...": 0.5003699064254761}]' [81 bytes]
2025-04-17 21:57:17,776 - IseeYou.FelixTrackingClient - DEBUG - [RECEIVER] Frame #47: Received 1 detections (1 Felix)
2025-04-17 21:57:18,569 - websockets.client - DEBUG - < TEXT '[{"box": [72, 83, 467, 396], "is_felix": true, ...": 0.5109027028083801}]' [81 bytes]
2025-04-17 21:57:18,570 - IseeYou.FelixTrackingClient - DEBUG - [RECEIVER] Frame #48: Received 1 detections (1 Felix)
2025-04-17 21:57:18,681 - websockets.client - DEBUG - > BINARY ff d8 ff e0 00 10 4a 46 49 46 00 01 01 00 00 01 ... 2d 82 31 e5 9e a8 ff d9 [70386 bytes]
2025-04-17 21:57:18,789 - websockets.client - DEBUG - > BINARY ff d8 ff e0 00 10 4a 46 49 46 00 01 01 00 00 01 ... 2d 82 31 e5 9e a8 ff d9 [70386 bytes]
2025-04-17 21:57:18,900 - websockets.client - DEBUG - > BINARY ff d8 ff e0 00 10 4a 46 49 46 00 01 01 00 00 01 ... ff 00 00 71 b4 4f ff d9 [70408 bytes]
2025-04-17 21:57:19,011 - websockets.client - DEBUG - > BINARY ff d8 ff e0 00 10 4a 46 49 46 00 01 01 00 00 01 ... 89 6c 3e 59 43 a1 ff d9 [70323 bytes]
2025-04-17 21:57:19,136 - websockets.client - DEBUG - > BINARY ff d8 ff e0 00 10 4a 46 49 46 00 01 01 00 00 01 ... a1 b8 a8 3b f4 3f ff d9 [70322 bytes]
2025-04-17 21:57:19,247 - websockets.client - DEBUG - > BINARY ff d8 ff e0 00 10 4a 46 49 46 00 01 01 00 00 01 ... 92 d1 0d 45 5a ec ff d9 [70354 bytes]
2025-04-17 21:57:19,282 - websockets.client - DEBUG - < TEXT '[{"box": [72, 83, 465, 396], "is_felix": true, ...": 0.5060783624649048}]' [81 bytes]
2025-04-17 21:57:19,282 - IseeYou.FelixTrackingClient - DEBUG - [RECEIVER] Frame #49: Received 1 detections (1 Felix)
2025-04-17 21:57:19,370 - websockets.client - DEBUG - > BINARY ff d8 ff e0 00 10 4a 46 49 46 00 01 01 00 00 01 ... 96 8c 70 8b 76 d0 ff d9 [70154 bytes]
2025-04-17 21:57:19,480 - websockets.client - DEBUG - > BINARY ff d8 ff e0 00 10 4a 46 49 46 00 01 01 00 00 01 ... 63 50 51 b5 fa 9f ff d9 [70382 bytes]
2025-04-17 21:57:19,590 - websockets.client - DEBUG - > BINARY ff d8 ff e0 00 10 4a 46 49 46 00 01 01 00 00 01 ... a8 39 1c 63 aa 3f ff d9 [70480 bytes]
2025-04-17 21:57:19,715 - websockets.client - DEBUG - > BINARY ff d8 ff e0 00 10 4a 46 49 46 00 01 01 00 00 01 ... 75 43 51 e4 8e a8 ff d9 [70940 bytes]
2025-04-17 21:57:19,825 - websockets.client - DEBUG - > BINARY ff d8 ff e0 00 10 4a 46 49 46 00 01 01 00 00 01 ... d0 4a 3c ba ee 8f ff d9 [70735 bytes]
2025-04-17 21:57:19,937 - websockets.client - DEBUG - > BINARY ff d8 ff e0 00 10 4a 46 49 46 00 01 01 00 00 01 ... 71 47 da 46 f6 3f ff d9 [70599 bytes]
2025-04-17 21:57:19,986 - websockets.client - DEBUG - < TEXT '[{"box": [71, 83, 468, 396], "is_felix": true, ...": 0.5011155009269714}]' [81 bytes]
2025-04-17 21:57:19,987 - IseeYou.FelixTrackingClient - DEBUG - [RECEIVER] Frame #50: Received 1 detections (1 Felix)
2025-04-17 21:57:20,047 - websockets.client - DEBUG - > BINARY ff d8 ff e0 00 10 4a 46 49 46 00 01 01 00 00 01 ... 71 47 da 46 f6 3f ff d9 [70599 bytes]
2025-04-17 21:57:20,155 - websockets.client - DEBUG - > BINARY ff d8 ff e0 00 10 4a 46 49 46 00 01 01 00 00 01 ... 2d a0 4a 3c bb 23 ff d9 [70817 bytes]
2025-04-17 21:57:20,264 - websockets.client - DEBUG - > BINARY ff d8 ff e0 00 10 4a 46 49 46 00 01 01 00 00 01 ... 51 fb 48 95 cd b9 ff d9 [71018 bytes]
2025-04-17 21:57:20,376 - websockets.client - DEBUG - > BINARY ff d8 ff e0 00 10 4a 46 49 46 00 01 01 00 00 01 ... 04 94 52 8b d1 9f ff d9 [70991 bytes]
2025-04-17 21:57:20,498 - websockets.client - DEBUG - > BINARY ff d8 ff e0 00 10 4a 46 49 46 00 01 01 00 00 01 ... 76 25 29 ce 77 68 ff d9 [70844 bytes]
2025-04-17 21:57:20,609 - websockets.client - DEBUG - > BINARY ff d8 ff e0 00 10 4a 46 49 46 00 01 01 00 00 01 ... b0 49 0a d2 e5 b1 ff d9 [70825 bytes]
2025-04-17 21:57:20,731 - websockets.client - DEBUG - > BINARY ff d8 ff e0 00 10 4a 46 49 46 00 01 01 00 00 01 ... 26 da 44 ad 35 91 ff d9 [71007 bytes]
2025-04-17 21:57:20,778 - websockets.client - DEBUG - < TEXT '[{"box": [71, 83, 468, 396], "is_felix": true, ...": 0.5011155009269714}]' [81 bytes]
2025-04-17 21:57:20,778 - IseeYou.FelixTrackingClient - DEBUG - [RECEIVER] Frame #51: Received 1 detections (1 Felix)
2025-04-17 21:57:20,840 - websockets.client - DEBUG - > BINARY ff d8 ff e0 00 10 4a 46 49 46 00 01 01 00 00 01 ... 22 82 8f 26 bf 33 ff d9 [70905 bytes]
2025-04-17 21:57:20,949 - websockets.client - DEBUG - > BINARY ff d8 ff e0 00 10 4a 46 49 46 00 01 01 00 00 01 ... c5 72 90 ee b7 47 ff d9 [70956 bytes]
2025-04-17 21:57:21,072 - websockets.client - DEBUG - > BINARY ff d8 ff e0 00 10 4a 46 49 46 00 01 01 00 00 01 ... d8 8b c5 b4 e4 7f ff d9 [70679 bytes]
2025-04-17 21:57:21,481 - websockets.client - DEBUG - < TEXT '[{"box": [71, 87, 466, 392], "is_felix": true, ...": 0.5017774105072021}]' [81 bytes]
2025-04-17 21:57:21,481 - IseeYou.FelixTrackingClient - DEBUG - [RECEIVER] Frame #52: Received 1 detections (1 Felix)
2025-04-17 21:57:22,179 - websockets.client - DEBUG - < TEXT '[{"box": [71, 83, 465, 396], "is_felix": false,...: 0.49815863370895386}]' [83 bytes]
2025-04-17 21:57:22,179 - IseeYou.FelixTrackingClient - DEBUG - [RECEIVER] Frame #53: Received 1 detections (0 Felix)
2025-04-17 21:57:22,888 - websockets.client - DEBUG - < TEXT '[{"box": [71, 84, 467, 395], "is_felix": true, ...": 0.5088316202163696}]' [81 bytes]
2025-04-17 21:57:22,888 - IseeYou.FelixTrackingClient - DEBUG - [RECEIVER] Frame #54: Received 1 detections (1 Felix)
2025-04-17 21:57:23,581 - websockets.client - DEBUG - < TEXT '[{"box": [70, 82, 469, 397], "is_felix": true, ...": 0.5091837644577026}]' [81 bytes]
2025-04-17 21:57:23,582 - IseeYou.FelixTrackingClient - DEBUG - [RECEIVER] Frame #55: Received 1 detections (1 Felix)
2025-04-17 21:57:24,289 - websockets.client - DEBUG - < TEXT '[{"box": [70, 79, 469, 400], "is_felix": true, ...": 0.5023419857025146}]' [81 bytes]
2025-04-17 21:57:24,290 - IseeYou.FelixTrackingClient - DEBUG - [RECEIVER] Frame #56: Received 1 detections (1 Felix)
2025-04-17 21:57:25,080 - websockets.client - DEBUG - < TEXT '[{"box": [69, 79, 467, 400], "is_felix": true, ...": 0.5028111934661865}]' [81 bytes]
2025-04-17 21:57:25,080 - IseeYou.FelixTrackingClient - DEBUG - [RECEIVER] Frame #57: Received 1 detections (1 Felix)
2025-04-17 21:57:25,784 - websockets.client - DEBUG - < TEXT '[{"box": [69, 79, 466, 400], "is_felix": true, ...": 0.5048961043357849}]' [81 bytes]
2025-04-17 21:57:25,784 - IseeYou.FelixTrackingClient - DEBUG - [RECEIVER] Frame #58: Received 1 detections (1 Felix)
2025-04-17 21:57:26,483 - websockets.client - DEBUG - < TEXT '[{"box": [69, 79, 466, 400], "is_felix": true, ...": 0.5048961043357849}]' [81 bytes]
2025-04-17 21:57:26,484 - IseeYou.FelixTrackingClient - DEBUG - [RECEIVER] Frame #59: Received 1 detections (1 Felix)
2025-04-17 21:57:27,184 - websockets.client - DEBUG - < TEXT '[{"box": [69, 78, 465, 401], "is_felix": true, ...e": 0.503454327583313}]' [80 bytes]
2025-04-17 21:57:27,184 - IseeYou.FelixTrackingClient - DEBUG - [RECEIVER] Frame #60: Received 1 detections (1 Felix)
2025-04-17 21:57:27,883 - websockets.client - DEBUG - < TEXT '[{"box": [69, 80, 466, 399], "is_felix": true, ...": 0.5052750706672668}]' [81 bytes]
2025-04-17 21:57:27,885 - IseeYou.FelixTrackingClient - DEBUG - [RECEIVER] Frame #61: Received 1 detections (1 Felix)
2025-04-17 21:57:28,583 - websockets.client - DEBUG - < TEXT '[{"box": [68, 81, 468, 398], "is_felix": false,...": 0.4999026954174042}]' [82 bytes]
2025-04-17 21:57:28,583 - IseeYou.FelixTrackingClient - DEBUG - [RECEIVER] Frame #62: Received 1 detections (0 Felix)
2025-04-17 21:57:29,384 - websockets.client - DEBUG - < TEXT '[{"box": [69, 79, 462, 400], "is_felix": true, ...": 0.5067345499992371}]' [81 bytes]
2025-04-17 21:57:29,385 - IseeYou.FelixTrackingClient - DEBUG - [RECEIVER] Frame #63: Received 1 detections (1 Felix)
2025-04-17 21:57:30,087 - websockets.client - DEBUG - < TEXT '[{"box": [68, 79, 465, 400], "is_felix": true, ...": 0.5047702789306641}]' [81 bytes]
2025-04-17 21:57:30,088 - IseeYou.FelixTrackingClient - DEBUG - [RECEIVER] Frame #64: Received 1 detections (1 Felix)
2025-04-17 21:57:30,881 - websockets.client - DEBUG - < TEXT '[{"box": [70, 79, 463, 400], "is_felix": true, ...e": 0.503375232219696}]' [80 bytes]
2025-04-17 21:57:30,882 - IseeYou.FelixTrackingClient - DEBUG - [RECEIVER] Frame #65: Received 1 detections (1 Felix)
2025-04-17 21:57:31,668 - websockets.client - DEBUG - < TEXT '[{"box": [69, 81, 468, 398], "is_felix": true, ...": 0.5015079975128174}]' [81 bytes]
2025-04-17 21:57:31,669 - IseeYou.FelixTrackingClient - DEBUG - [RECEIVER] Frame #66: Received 1 detections (1 Felix)
2025-04-17 21:57:32,385 - websockets.client - DEBUG - < TEXT '[{"box": [69, 79, 466, 400], "is_felix": true, ...": 0.5019460320472717}]' [81 bytes]
2025-04-17 21:57:32,386 - websockets.client - DEBUG - < CLOSE 1011 (internal error) keepalive ping timeout [24 bytes]
2025-04-17 21:57:32,386 - websockets.client - DEBUG - > CLOSE 1011 (internal error) keepalive ping timeout [24 bytes]
2025-04-17 21:57:32,386 - websockets.client - DEBUG - = connection is CLOSING
2025-04-17 21:57:32,386 - websockets.client - DEBUG - < EOF
2025-04-17 21:57:32,386 - websockets.client - DEBUG - > EOF
2025-04-17 21:57:32,386 - websockets.client - DEBUG - = connection is CLOSED
2025-04-17 21:57:32,386 - websockets.client - DEBUG - x half-closing TCP connection
2025-04-17 21:57:32,386 - IseeYou.FelixTrackingClient - DEBUG - [RECEIVER] Frame #67: Received 1 detections (1 Felix)
2025-04-17 21:57:32,387 - IseeYou.FelixTrackingClient - WARNING - [RECEIVER] Connection closed with error: received 1011 (internal error) keepalive ping timeout; then sent 1011 (internal error) keepalive ping timeout
2025-04-17 21:57:32,387 - IseeYou.FelixTrackingClient - INFO - Monitor detected task completion or failure.
2025-04-17 21:57:32,387 - IseeYou.FelixTrackingClient - INFO - Task 'ReceiveTask' completed normally.
2025-04-17 21:57:32,387 - IseeYou.FelixTrackingClient - WARNING - Task 'ReceiveTask' finished normally, likely due to connection closure. Will attempt reconnect.
2025-04-17 21:57:32,387 - IseeYou.FelixTrackingClient - INFO - Reconnect condition met. Proceeding to cleanup and retry.
2025-04-17 21:57:32,387 - IseeYou.FelixTrackingClient - INFO - Performing cleanup...
2025-04-17 21:57:32,387 - IseeYou.FelixTrackingClient - DEBUG - Cancelling 1 active tasks...
2025-04-17 21:57:32,387 - IseeYou.FelixTrackingClient - INFO - Capture and send task cancelled.
2025-04-17 21:57:32,674 - IseeYou.FelixTrackingClient - INFO - Camera released.
2025-04-17 21:57:32,674 - IseeYou.FelixTrackingClient - INFO - Waiting 5.0 seconds before retry #1...
2025-04-17 21:57:37,689 - IseeYou.FelixTrackingClient - INFO - Connection attempt 1/5 to ws://localhost:8080...
2025-04-17 21:57:37,689 - IseeYou.FelixTrackingClient - DEBUG - Attempting websocket.connect with 20.0s timeout...
2025-04-17 21:57:37,691 - websockets.client - DEBUG - = connection is CONNECTING
2025-04-17 21:57:37,691 - websockets.client - DEBUG - > GET / HTTP/1.1
2025-04-17 21:57:37,691 - websockets.client - DEBUG - > Host: localhost:8080
2025-04-17 21:57:37,691 - websockets.client - DEBUG - > Upgrade: websocket
2025-04-17 21:57:37,691 - websockets.client - DEBUG - > Connection: Upgrade
2025-04-17 21:57:37,691 - websockets.client - DEBUG - > Sec-WebSocket-Key: EbV2MeFkpcCAo2PmdVEMAw==
2025-04-17 21:57:37,691 - websockets.client - DEBUG - > Sec-WebSocket-Version: 13
2025-04-17 21:57:37,691 - websockets.client - DEBUG - > Sec-WebSocket-Extensions: permessage-deflate; client_max_window_bits
2025-04-17 21:57:37,691 - websockets.client - DEBUG - > User-Agent: Python/3.12 websockets/15.0.1
2025-04-17 21:57:37,789 - websockets.client - DEBUG - < HTTP/1.1 101 Switching Protocols
2025-04-17 21:57:37,789 - websockets.client - DEBUG - < Date: Fri, 18 Apr 2025 04:57:36 GMT
2025-04-17 21:57:37,790 - websockets.client - DEBUG - < Upgrade: websocket
2025-04-17 21:57:37,790 - websockets.client - DEBUG - < Connection: Upgrade
2025-04-17 21:57:37,790 - websockets.client - DEBUG - < Sec-WebSocket-Accept: +xpqLC8b65k9GBv4W9tI3PXRLzA=
2025-04-17 21:57:37,790 - websockets.client - DEBUG - < Sec-WebSocket-Extensions: permessage-deflate; server_max_window_bits=12; client_max_window_bits=12
2025-04-17 21:57:37,790 - websockets.client - DEBUG - < Server: Python/3.10 websockets/15.0.1
2025-04-17 21:57:37,790 - websockets.client - DEBUG - = connection is OPEN
2025-04-17 21:57:37,790 - IseeYou.FelixTrackingClient - INFO - Connection successful! (('::1', 8080, 0, 0))
2025-04-17 21:57:37,790 - IseeYou.FelixTrackingClient - INFO - Launching client tasks (capture/send, receive)...
2025-04-17 21:57:37,790 - IseeYou.FelixTrackingClient - INFO - Monitoring client tasks...
2025-04-17 21:57:37,790 - IseeYou.FelixTrackingClient - INFO - 
=== Starting video capture ===
2025-04-17 21:57:42,462 - IseeYou.FelixTrackingClient - INFO - 
=== Starting to receive detection results ===
2025-04-17 21:57:42,463 - websockets.client - DEBUG - > BINARY ff d8 ff e0 00 10 4a 46 49 46 00 01 01 00 00 01 ... 32 8d 29 c1 c5 b3 ff d9 [71513 bytes]
2025-04-17 21:57:42,579 - websockets.client - DEBUG - > BINARY ff d8 ff e0 00 10 4a 46 49 46 00 01 01 00 00 01 ... 91 4a 33 69 39 1f ff d9 [71585 bytes]
2025-04-17 21:57:42,701 - websockets.client - DEBUG - > BINARY ff d8 ff e0 00 10 4a 46 49 46 00 01 01 00 00 01 ... 96 c4 ca 1e f3 68 ff d9 [71397 bytes]
2025-04-17 21:57:42,811 - websockets.client - DEBUG - > BINARY ff d8 ff e0 00 10 4a 46 49 46 00 01 01 00 00 01 ... ec 91 33 5b 69 63 ff d9 [70993 bytes]
2025-04-17 21:57:42,922 - websockets.client - DEBUG - > BINARY ff d8 ff e0 00 10 4a 46 49 46 00 01 01 00 00 01 ... c4 72 ca 12 56 d0 ff d9 [71055 bytes]
2025-04-17 21:57:43,048 - websockets.client - DEBUG - > BINARY ff d8 ff e0 00 10 4a 46 49 46 00 01 01 00 00 01 ... c6 51 a7 29 ad 51 ff d9 [71177 bytes]
2025-04-17 21:57:43,168 - websockets.client - DEBUG - > BINARY ff d8 ff e0 00 10 4a 46 49 46 00 01 01 00 00 01 ... 31 54 ea 27 cc 7f ff d9 [71679 bytes]
2025-04-17 21:57:43,277 - websockets.client - DEBUG - < TEXT '[{"box": [90, 93, 465, 386], "is_felix": true, ...": 0.5086953043937683}]' [81 bytes]
2025-04-17 21:57:43,278 - IseeYou.FelixTrackingClient - DEBUG - [RECEIVER] Frame #1: Received 1 detections (1 Felix)
2025-04-17 21:57:43,279 - websockets.client - DEBUG - > BINARY ff d8 ff e0 00 10 4a 46 49 46 00 01 01 00 00 01 ... 29 c6 d1 e6 93 3f ff d9 [71777 bytes]
2025-04-17 21:57:43,401 - websockets.client - DEBUG - > BINARY ff d8 ff e0 00 10 4a 46 49 46 00 01 01 00 00 01 ... a1 9c 94 d4 6c 7f ff d9 [71849 bytes]
2025-04-17 21:57:43,513 - websockets.client - DEBUG - > BINARY ff d8 ff e0 00 10 4a 46 49 46 00 01 01 00 00 01 ... a1 9c 94 d4 6c 7f ff d9 [71849 bytes]
2025-04-17 21:57:43,623 - websockets.client - DEBUG - > BINARY ff d8 ff e0 00 10 4a 46 49 46 00 01 01 00 00 01 ... cc 1d 39 5b 54 7f ff d9 [71925 bytes]
2025-04-17 21:57:43,732 - websockets.client - DEBUG - > BINARY ff d8 ff e0 00 10 4a 46 49 46 00 01 01 00 00 01 ... 59 9c ce 13 72 d0 ff d9 [72021 bytes]
2025-04-17 21:57:43,842 - websockets.client - DEBUG - > BINARY ff d8 ff e0 00 10 4a 46 49 46 00 01 01 00 00 01 ... 8b ee 73 f2 b4 d1 ff d9 [71816 bytes]
2025-04-17 21:57:43,952 - websockets.client - DEBUG - > BINARY ff d8 ff e0 00 10 4a 46 49 46 00 01 01 00 00 01 ... 3b 99 42 2d 3b 9f ff d9 [71802 bytes]
2025-04-17 21:57:43,983 - websockets.client - DEBUG - < TEXT '[{"box": [90, 94, 465, 385], "is_felix": true, ...": 0.5088042616844177}]' [81 bytes]
2025-04-17 21:57:43,983 - IseeYou.FelixTrackingClient - DEBUG - [RECEIVER] Frame #2: Received 1 detections (1 Felix)
2025-04-17 21:57:44,061 - websockets.client - DEBUG - > BINARY ff d8 ff e0 00 10 4a 46 49 46 00 01 01 00 00 01 ... c1 4a 12 53 ec 7f ff d9 [72057 bytes]
2025-04-17 21:57:44,183 - websockets.client - DEBUG - > BINARY ff d8 ff e0 00 10 4a 46 49 46 00 01 01 00 00 01 ... 39 9a 8b 6a cd 1f ff d9 [71753 bytes]
2025-04-17 21:57:44,293 - websockets.client - DEBUG - > BINARY ff d8 ff e0 00 10 4a 46 49 46 00 01 01 00 00 01 ... 6c ec 42 e6 52 3f ff d9 [71969 bytes]
2025-04-17 21:57:44,402 - websockets.client - DEBUG - > BINARY ff d8 ff e0 00 10 4a 46 49 46 00 01 01 00 00 01 ... e6 96 c4 c7 97 a9 ff d9 [71593 bytes]
2025-04-17 21:57:44,510 - websockets.client - DEBUG - > BINARY ff d8 ff e0 00 10 4a 46 49 46 00 01 01 00 00 01 ... e6 96 c4 c7 97 a9 ff d9 [71593 bytes]
2025-04-17 21:57:44,635 - websockets.client - DEBUG - > BINARY ff d8 ff e0 00 10 4a 46 49 46 00 01 01 00 00 01 ... aa 4a c8 51 b7 53 ff d9 [71619 bytes]
2025-04-17 21:57:44,691 - websockets.client - DEBUG - < TEXT '[{"box": [90, 93, 465, 386], "is_felix": true, ...": 0.5079672932624817}]' [81 bytes]
2025-04-17 21:57:44,691 - IseeYou.FelixTrackingClient - DEBUG - [RECEIVER] Frame #3: Received 1 detections (1 Felix)
2025-04-17 21:57:44,758 - websockets.client - DEBUG - > BINARY ff d8 ff e0 00 10 4a 46 49 46 00 01 01 00 00 01 ... cc a4 bb 13 6e e7 ff d9 [71362 bytes]
2025-04-17 21:57:44,881 - websockets.client - DEBUG - > BINARY ff d8 ff e0 00 10 4a 46 49 46 00 01 01 00 00 01 ... d7 a0 a2 ad 6d 0f ff d9 [71543 bytes]
2025-04-17 21:57:44,991 - websockets.client - DEBUG - > BINARY ff d8 ff e0 00 10 4a 46 49 46 00 01 01 00 00 01 ... 2b a0 70 69 5d 9f ff d9 [71210 bytes]
2025-04-17 21:57:45,105 - websockets.client - DEBUG - > BINARY ff d8 ff e0 00 10 4a 46 49 46 00 01 01 00 00 01 ... 66 ed d8 9e 5e e7 ff d9 [71343 bytes]
2025-04-17 21:57:45,228 - websockets.client - DEBUG - > BINARY ff d8 ff e0 00 10 4a 46 49 46 00 01 01 00 00 01 ... ba 25 14 93 53 3f ff d9 [70993 bytes]
2025-04-17 21:57:45,335 - websockets.client - DEBUG - > BINARY ff d8 ff e0 00 10 4a 46 49 46 00 01 01 00 00 01 ... 9f 61 46 2e 2a e7 ff d9 [71375 bytes]
2025-04-17 21:57:45,446 - websockets.client - DEBUG - > BINARY ff d8 ff e0 00 10 4a 46 49 46 00 01 01 00 00 01 ... 2e 5e 66 9b ea 7f ff d9 [71589 bytes]
2025-04-17 21:57:45,556 - websockets.client - DEBUG - > BINARY ff d8 ff e0 00 10 4a 46 49 46 00 01 01 00 00 01 ... ab 13 67 15 76 7f ff d9 [71338 bytes]
2025-04-17 21:57:45,581 - websockets.client - DEBUG - < TEXT '[{"box": [90, 95, 465, 384], "is_felix": true, ...": 0.5096378326416016}]' [81 bytes]
2025-04-17 21:57:45,583 - IseeYou.FelixTrackingClient - DEBUG - [RECEIVER] Frame #4: Received 1 detections (1 Felix)
2025-04-17 21:57:45,678 - websockets.client - DEBUG - > BINARY ff d8 ff e0 00 10 4a 46 49 46 00 01 01 00 00 01 ... 64 c1 59 a7 6d 8f ff d9 [71235 bytes]
2025-04-17 21:57:45,788 - websockets.client - DEBUG - > BINARY ff d8 ff e0 00 10 4a 46 49 46 00 01 01 00 00 01 ... 64 c1 59 a7 6d 8f ff d9 [71235 bytes]
2025-04-17 21:57:45,904 - websockets.client - DEBUG - > BINARY ff d8 ff e0 00 10 4a 46 49 46 00 01 01 00 00 01 ... 51 26 9c 5c 96 a7 ff d9 [71200 bytes]
2025-04-17 21:57:46,025 - websockets.client - DEBUG - > BINARY ff d8 ff e0 00 10 4a 46 49 46 00 01 01 00 00 01 ... b5 c4 a2 e3 7b 9f ff d9 [70947 bytes]
2025-04-17 21:57:46,135 - websockets.client - DEBUG - > BINARY ff d8 ff e0 00 10 4a 46 49 46 00 01 01 00 00 01 ... 89 e5 7c b1 7b 1f ff d9 [71325 bytes]
2025-04-17 21:57:46,244 - websockets.client - DEBUG - > BINARY ff d8 ff e0 00 10 4a 46 49 46 00 01 01 00 00 01 ... 4d d8 85 1f 76 e8 ff d9 [71181 bytes]
2025-04-17 21:57:46,351 - websockets.client - DEBUG - > BINARY ff d8 ff e0 00 10 4a 46 49 46 00 01 01 00 00 01 ... 57 6d 28 8d 2b 1f ff d9 [71174 bytes]
2025-04-17 21:57:46,388 - websockets.client - DEBUG - < TEXT '[{"box": [90, 93, 463, 386], "is_felix": true, ...": 0.5095509886741638}]' [81 bytes]
2025-04-17 21:57:46,388 - IseeYou.FelixTrackingClient - DEBUG - [RECEIVER] Frame #5: Received 1 detections (1 Felix)
2025-04-17 21:57:46,475 - websockets.client - DEBUG - > BINARY ff d8 ff e0 00 10 4a 46 49 46 00 01 01 00 00 01 ... d8 53 bc 5a 6f a1 ff d9 [71488 bytes]
2025-04-17 21:57:46,585 - websockets.client - DEBUG - > BINARY ff d8 ff e0 00 10 4a 46 49 46 00 01 01 00 00 01 ... 72 c4 23 a4 ae 7f ff d9 [71222 bytes]
2025-04-17 21:57:46,708 - websockets.client - DEBUG - > BINARY ff d8 ff e0 00 10 4a 46 49 46 00 01 01 00 00 01 ... 18 a9 12 92 4a c7 ff d9 [71502 bytes]
2025-04-17 21:57:46,816 - websockets.client - DEBUG - > BINARY ff d8 ff e0 00 10 4a 46 49 46 00 01 01 00 00 01 ... 8a 52 df 72 b6 3f ff d9 [71308 bytes]
2025-04-17 21:57:46,924 - websockets.client - DEBUG - > BINARY ff d8 ff e0 00 10 4a 46 49 46 00 01 01 00 00 01 ... 8a 52 df 72 b6 3f ff d9 [71308 bytes]
2025-04-17 21:57:47,033 - websockets.client - DEBUG - > BINARY ff d8 ff e0 00 10 4a 46 49 46 00 01 01 00 00 01 ... ee d5 90 d2 b3 3f ff d9 [71132 bytes]
2025-04-17 21:57:47,134 - websockets.client - DEBUG - < TEXT '[{"box": [89, 90, 461, 389], "is_felix": true, ...": 0.5059323906898499}]' [81 bytes]
2025-04-17 21:57:47,137 - IseeYou.FelixTrackingClient - DEBUG - [RECEIVER] Frame #6: Received 1 detections (1 Felix)
2025-04-17 21:57:47,138 - websockets.client - DEBUG - > BINARY ff d8 ff e0 00 10 4a 46 49 46 00 01 01 00 00 01 ... a2 8b 8b 94 1d d1 ff d9 [71163 bytes]
2025-04-17 21:57:47,253 - websockets.client - DEBUG - > BINARY ff d8 ff e0 00 10 4a 46 49 46 00 01 01 00 00 01 ... 4b 4e 5d 0a b3 47 ff d9 [71185 bytes]
2025-04-17 21:57:47,361 - websockets.client - DEBUG - > BINARY ff d8 ff e0 00 10 4a 46 49 46 00 01 01 00 00 01 ... b1 d5 8d 28 a4 7f ff d9 [71310 bytes]
2025-04-17 21:57:47,471 - websockets.client - DEBUG - > BINARY ff d8 ff e0 00 10 4a 46 49 46 00 01 01 00 00 01 ... 29 22 97 32 95 cf ff d9 [71055 bytes]
2025-04-17 21:57:47,582 - websockets.client - DEBUG - > BINARY ff d8 ff e0 00 10 4a 46 49 46 00 01 01 00 00 01 ... 2b 68 0a 37 56 67 ff d9 [70923 bytes]
2025-04-17 21:57:47,691 - websockets.client - DEBUG - > BINARY ff d8 ff e0 00 10 4a 46 49 46 00 01 01 00 00 01 ... 52 f9 58 e3 a3 d8 ff d9 [71034 bytes]
2025-04-17 21:57:47,793 - websockets.client - DEBUG - < TEXT '[{"box": [86, 88, 460, 391], "is_felix": true, ...e": 0.500408947467804}]' [80 bytes]
2025-04-17 21:57:47,796 - IseeYou.FelixTrackingClient - DEBUG - [RECEIVER] Frame #7: Received 1 detections (1 Felix)
2025-04-17 21:57:47,797 - websockets.client - DEBUG - > BINARY ff d8 ff e0 00 10 4a 46 49 46 00 01 01 00 00 01 ... 97 ba b6 43 6b b1 ff d9 [71027 bytes]
2025-04-17 21:57:47,910 - websockets.client - DEBUG - > BINARY ff d8 ff e0 00 10 4a 46 49 46 00 01 01 00 00 01 ... 97 ba b6 43 6b b1 ff d9 [71027 bytes]
2025-04-17 21:57:48,020 - websockets.client - DEBUG - > BINARY ff d8 ff e0 00 10 4a 46 49 46 00 01 01 00 00 01 ... d1 56 08 a4 d6 a7 ff d9 [70941 bytes]
2025-04-17 21:57:48,130 - websockets.client - DEBUG - > BINARY ff d8 ff e0 00 10 4a 46 49 46 00 01 01 00 00 01 ... 3e 54 c2 29 24 7f ff d9 [70755 bytes]
2025-04-17 21:57:48,241 - websockets.client - DEBUG - > BINARY ff d8 ff e0 00 10 4a 46 49 46 00 01 01 00 00 01 ... da 52 0e 5d 6e 7f ff d9 [70118 bytes]
2025-04-17 21:57:48,362 - websockets.client - DEBUG - > BINARY ff d8 ff e0 00 10 4a 46 49 46 00 01 01 00 00 01 ... 98 9a 51 87 2a 3f ff d9 [69331 bytes]
2025-04-17 21:57:48,484 - websockets.client - DEBUG - > BINARY ff d8 ff e0 00 10 4a 46 49 46 00 01 01 00 00 01 ... 5a 8a 11 e5 8d cf ff d9 [68577 bytes]
2025-04-17 21:57:48,487 - websockets.client - DEBUG - < TEXT '[{"box": [86, 87, 463, 392], "is_felix": true, ...": 0.5006782412528992}]' [81 bytes]
2025-04-17 21:57:48,488 - IseeYou.FelixTrackingClient - DEBUG - [RECEIVER] Frame #8: Received 1 detections (1 Felix)
2025-04-17 21:57:48,602 - websockets.client - DEBUG - > BINARY ff d8 ff e0 00 10 4a 46 49 46 00 01 01 00 00 01 ... b7 31 31 82 ec 7f ff d9 [68428 bytes]
2025-04-17 21:57:48,720 - websockets.client - DEBUG - > BINARY ff d8 ff e0 00 10 4a 46 49 46 00 01 01 00 00 01 ... c8 20 a5 18 bb 9f ff d9 [68030 bytes]
2025-04-17 21:57:48,842 - websockets.client - DEBUG - > BINARY ff d8 ff e0 00 10 4a 46 49 46 00 01 01 00 00 01 ... 2b 53 d0 4b 95 23 ff d9 [68005 bytes]
2025-04-17 21:57:48,951 - websockets.client - DEBUG - > BINARY ff d8 ff e0 00 10 4a 46 49 46 00 01 01 00 00 01 ... 92 db 0e 2d 6d 23 ff d9 [68177 bytes]
2025-04-17 21:57:49,060 - websockets.client - DEBUG - > BINARY ff d8 ff e0 00 10 4a 46 49 46 00 01 01 00 00 01 ... 5c 39 a4 95 fa 1f ff d9 [68601 bytes]
2025-04-17 21:57:49,171 - websockets.client - DEBUG - > BINARY ff d8 ff e0 00 10 4a 46 49 46 00 01 01 00 00 01 ... 5c 39 a4 95 fa 1f ff d9 [68601 bytes]
2025-04-17 21:57:49,188 - websockets.client - DEBUG - < TEXT '[{"box": [88, 88, 460, 391], "is_felix": true, ...": 0.5074062347412109}]' [81 bytes]
2025-04-17 21:57:49,188 - IseeYou.FelixTrackingClient - DEBUG - [RECEIVER] Frame #9: Received 1 detections (1 Felix)
2025-04-17 21:57:49,279 - websockets.client - DEBUG - > BINARY ff d8 ff e0 00 10 4a 46 49 46 00 01 01 00 00 01 ... 47 a0 e6 9b b6 87 ff d9 [68589 bytes]
2025-04-17 21:57:49,389 - websockets.client - DEBUG - > BINARY ff d8 ff e0 00 10 4a 46 49 46 00 01 01 00 00 01 ... c3 70 4a d7 6f 73 ff d9 [68808 bytes]
2025-04-17 21:57:49,512 - websockets.client - DEBUG - > BINARY ff d8 ff e0 00 10 4a 46 49 46 00 01 01 00 00 01 ... dd 95 c2 ce 32 47 ff d9 [68849 bytes]
2025-04-17 21:57:49,622 - websockets.client - DEBUG - > BINARY ff d8 ff e0 00 10 4a 46 49 46 00 01 01 00 00 01 ... 37 66 09 b8 ec 7f ff d9 [68650 bytes]
2025-04-17 21:57:49,729 - websockets.client - DEBUG - > BINARY ff d8 ff e0 00 10 4a 46 49 46 00 01 01 00 00 01 ... a9 a0 e0 e6 f4 3f ff d9 [68669 bytes]
2025-04-17 21:57:49,841 - websockets.client - DEBUG - > BINARY ff d8 ff e0 00 10 4a 46 49 46 00 01 01 00 00 01 ... 12 5b 02 e6 7b 23 ff d9 [68216 bytes]
2025-04-17 21:57:49,884 - websockets.client - DEBUG - < TEXT '[{"box": [88, 88, 460, 391], "is_felix": true, ...": 0.5074062347412109}]' [81 bytes]
2025-04-17 21:57:49,884 - IseeYou.FelixTrackingClient - DEBUG - [RECEIVER] Frame #10: Received 1 detections (1 Felix)
2025-04-17 21:57:49,948 - websockets.client - DEBUG - > BINARY ff d8 ff e0 00 10 4a 46 49 46 00 01 01 00 00 01 ... 53 f2 2a 0d 5b 53 ff d9 [68164 bytes]
2025-04-17 21:57:50,070 - websockets.client - DEBUG - > BINARY ff d8 ff e0 00 10 4a 46 49 46 00 01 01 00 00 01 ... b2 48 20 e2 a2 d1 ff d9 [68000 bytes]
2025-04-17 21:57:50,179 - websockets.client - DEBUG - > BINARY ff d8 ff e0 00 10 4a 46 49 46 00 01 01 00 00 01 ... b2 48 20 e2 a2 d1 ff d9 [68000 bytes]
2025-04-17 21:57:50,289 - websockets.client - DEBUG - > BINARY ff d8 ff e0 00 10 4a 46 49 46 00 01 01 00 00 01 ... da 90 e9 df 99 dc ff d9 [67785 bytes]
2025-04-17 21:57:50,411 - websockets.client - DEBUG - > BINARY ff d8 ff e0 00 10 4a 46 49 46 00 01 01 00 00 01 ... 15 9f b4 6d f4 3f ff d9 [68009 bytes]
2025-04-17 21:57:50,519 - websockets.client - DEBUG - > BINARY ff d8 ff e0 00 10 4a 46 49 46 00 01 01 00 00 01 ... 93 52 5e f2 05 a1 ff d9 [68584 bytes]
2025-04-17 21:57:50,589 - websockets.client - DEBUG - < TEXT '[{"box": [88, 89, 459, 390], "is_felix": true, ...": 0.5032405853271484}]' [81 bytes]
2025-04-17 21:57:50,590 - IseeYou.FelixTrackingClient - DEBUG - [RECEIVER] Frame #11: Received 1 detections (1 Felix)
2025-04-17 21:57:50,629 - websockets.client - DEBUG - > BINARY ff d8 ff e0 00 10 4a 46 49 46 00 01 01 00 00 01 ... 14 ac 87 cb ef 9f ff d9 [69050 bytes]
2025-04-17 21:57:50,737 - websockets.client - DEBUG - > BINARY ff d8 ff e0 00 10 4a 46 49 46 00 01 01 00 00 01 ... 2b 6c 38 ae 6d 4f ff d9 [69121 bytes]
2025-04-17 21:57:50,845 - websockets.client - DEBUG - > BINARY ff d8 ff e0 00 10 4a 46 49 46 00 01 01 00 00 01 ... c8 7c b7 bd fa 9f ff d9 [69083 bytes]
2025-04-17 21:57:50,955 - websockets.client - DEBUG - > BINARY ff d8 ff e0 00 10 4a 46 49 46 00 01 01 00 00 01 ... 4e a5 f9 2c 38 a3 ff d9 [68983 bytes]
2025-04-17 21:57:51,078 - websockets.client - DEBUG - > BINARY ff d8 ff e0 00 10 4a 46 49 46 00 01 01 00 00 01 ... 4b b0 e2 92 96 87 ff d9 [69058 bytes]
2025-04-17 21:57:51,187 - websockets.client - DEBUG - > BINARY ff d8 ff e0 00 10 4a 46 49 46 00 01 01 00 00 01 ... 4b b0 e2 92 96 87 ff d9 [69058 bytes]
2025-04-17 21:57:51,280 - websockets.client - DEBUG - < TEXT '[{"box": [87, 91, 455, 388], "is_felix": false,...": 0.4988161623477936}]' [82 bytes]
2025-04-17 21:57:51,284 - IseeYou.FelixTrackingClient - DEBUG - [RECEIVER] Frame #12: Received 1 detections (0 Felix)
2025-04-17 21:57:51,285 - websockets.client - DEBUG - > BINARY ff d8 ff e0 00 10 4a 46 49 46 00 01 01 00 00 01 ... 50 69 21 c6 2f a9 ff d9 [69787 bytes]
2025-04-17 21:57:51,404 - websockets.client - DEBUG - > BINARY ff d8 ff e0 00 10 4a 46 49 46 00 01 01 00 00 01 ... 19 4a c3 49 25 73 ff d9 [69907 bytes]
2025-04-17 21:57:51,516 - websockets.client - DEBUG - > BINARY ff d8 ff e0 00 10 4a 46 49 46 00 01 01 00 00 01 ... b1 d0 a4 9a 57 3f ff d9 [70267 bytes]
2025-04-17 21:57:51,638 - websockets.client - DEBUG - > BINARY ff d8 ff e0 00 10 4a 46 49 46 00 01 01 00 00 01 ... 5e 2f 42 b9 62 7f ff d9 [70311 bytes]
2025-04-17 21:57:51,747 - websockets.client - DEBUG - > BINARY ff d8 ff e0 00 10 4a 46 49 46 00 01 01 00 00 01 ... 74 d2 0f 7a d7 3f ff d9 [70397 bytes]
2025-04-17 21:57:51,857 - websockets.client - DEBUG - > BINARY ff d8 ff e0 00 10 4a 46 49 46 00 01 01 00 00 01 ... 9a b2 1c 55 ae d9 ff d9 [70233 bytes]
2025-04-17 21:57:51,968 - websockets.client - DEBUG - > BINARY ff d8 ff e0 00 10 4a 46 49 46 00 01 01 00 00 01 ... 89 5b 72 54 5b d8 ff d9 [70432 bytes]
2025-04-17 21:57:52,082 - websockets.client - DEBUG - < TEXT '[{"box": [86, 92, 456, 387], "is_felix": true, ...": 0.5054326057434082}]' [81 bytes]
2025-04-17 21:57:52,086 - IseeYou.FelixTrackingClient - DEBUG - [RECEIVER] Frame #13: Received 1 detections (1 Felix)
2025-04-17 21:57:52,087 - websockets.client - DEBUG - > BINARY ff d8 ff e0 00 10 4a 46 49 46 00 01 01 00 00 01 ... 5d ae 38 eb 2d 4f ff d9 [70070 bytes]
2025-04-17 21:57:52,199 - websockets.client - DEBUG - > BINARY ff d8 ff e0 00 10 4a 46 49 46 00 01 01 00 00 01 ... 40 97 35 b9 9a d0 ff d9 [70271 bytes]
2025-04-17 21:57:52,306 - websockets.client - DEBUG - > BINARY ff d8 ff e0 00 10 4a 46 49 46 00 01 01 00 00 01 ... 40 97 35 b9 9a d0 ff d9 [70271 bytes]
2025-04-17 21:57:52,414 - websockets.client - DEBUG - > BINARY ff d8 ff e0 00 10 4a 46 49 46 00 01 01 00 00 01 ... c5 b8 b0 5c ad 5c ff d9 [69987 bytes]
2025-04-17 21:57:52,526 - websockets.client - DEBUG - > BINARY ff d8 ff e0 00 10 4a 46 49 46 00 01 01 00 00 01 ... a2 92 42 86 bb 9f ff d9 [70174 bytes]
2025-04-17 21:57:52,650 - websockets.client - DEBUG - > BINARY ff d8 ff e0 00 10 4a 46 49 46 00 01 01 00 00 01 ... 95 85 69 49 eb b1 ff d9 [70058 bytes]
2025-04-17 21:57:52,773 - websockets.client - DEBUG - > BINARY ff d8 ff e0 00 10 4a 46 49 46 00 01 01 00 00 01 ... d2 12 4a 50 d7 73 ff d9 [69938 bytes]
2025-04-17 21:57:52,776 - websockets.client - DEBUG - > PING db 4f bb 12 [binary, 4 bytes]
2025-04-17 21:57:52,776 - websockets.client - DEBUG - % sent keepalive ping
2025-04-17 21:57:52,782 - websockets.client - DEBUG - < TEXT '[{"box": [85, 95, 458, 384], "is_felix": false,...": 0.4972914159297943}]' [82 bytes]
2025-04-17 21:57:52,782 - IseeYou.FelixTrackingClient - DEBUG - [RECEIVER] Frame #14: Received 1 detections (0 Felix)
2025-04-17 21:57:52,899 - websockets.client - DEBUG - > BINARY ff d8 ff e0 00 10 4a 46 49 46 00 01 01 00 00 01 ... ca 25 ae 78 e8 8f ff d9 [69676 bytes]
2025-04-17 21:57:53,006 - websockets.client - DEBUG - > BINARY ff d8 ff e0 00 10 4a 46 49 46 00 01 01 00 00 01 ... 8a 16 8d ad bb 3f ff d9 [69519 bytes]
2025-04-17 21:57:53,117 - websockets.client - DEBUG - > BINARY ff d8 ff e0 00 10 4a 46 49 46 00 01 01 00 00 01 ... 62 bb 13 67 cd 73 ff d9 [69023 bytes]
2025-04-17 21:57:53,239 - websockets.client - DEBUG - > BINARY ff d8 ff e0 00 10 4a 46 49 46 00 01 01 00 00 01 ... d8 98 26 a7 76 7f ff d9 [68879 bytes]
2025-04-17 21:57:53,348 - websockets.client - DEBUG - > BINARY ff d8 ff e0 00 10 4a 46 49 46 00 01 01 00 00 01 ... 6d 66 26 a4 b7 3f ff d9 [68901 bytes]
2025-04-17 21:57:53,460 - websockets.client - DEBUG - > BINARY ff d8 ff e0 00 10 4a 46 49 46 00 01 01 00 00 01 ... 6d 66 26 a4 b7 3f ff d9 [68901 bytes]
2025-04-17 21:57:53,482 - websockets.client - DEBUG - < TEXT '[{"box": [85, 95, 452, 384], "is_felix": true, ...": 0.5006219148635864}]' [81 bytes]
2025-04-17 21:57:53,483 - IseeYou.FelixTrackingClient - DEBUG - [RECEIVER] Frame #15: Received 1 detections (1 Felix)
2025-04-17 21:57:53,584 - websockets.client - DEBUG - > BINARY ff d8 ff e0 00 10 4a 46 49 46 00 01 01 00 00 01 ... b9 29 38 34 de ec ff d9 [69522 bytes]
2025-04-17 21:57:53,709 - websockets.client - DEBUG - > BINARY ff d8 ff e0 00 10 4a 46 49 46 00 01 01 00 00 01 ... d3 61 59 ad f6 3f ff d9 [69293 bytes]
2025-04-17 21:57:53,712 - IseeYou.FelixTrackingClient - DEBUG - [CAPTURE] Sent frame 100 (69293 bytes)
2025-04-17 21:57:53,816 - websockets.client - DEBUG - > BINARY ff d8 ff e0 00 10 4a 46 49 46 00 01 01 00 00 01 ... 6e a2 8a 92 57 b1 ff d9 [69739 bytes]
2025-04-17 21:57:53,926 - websockets.client - DEBUG - > BINARY ff d8 ff e0 00 10 4a 46 49 46 00 01 01 00 00 01 ... a5 b9 29 24 ee 7f ff d9 [69895 bytes]
2025-04-17 21:57:54,038 - websockets.client - DEBUG - > BINARY ff d8 ff e0 00 10 4a 46 49 46 00 01 01 00 00 01 ... 61 42 29 5f 9b 63 ff d9 [69684 bytes]
2025-04-17 21:57:54,147 - websockets.client - DEBUG - > BINARY ff d8 ff e0 00 10 4a 46 49 46 00 01 01 00 00 01 ... d7 26 11 49 5d 9f ff d9 [69606 bytes]
2025-04-17 21:57:54,189 - websockets.client - DEBUG - < TEXT '[{"box": [86, 97, 451, 382], "is_felix": false,...": 0.4996931552886963}]' [82 bytes]
2025-04-17 21:57:54,190 - IseeYou.FelixTrackingClient - DEBUG - [RECEIVER] Frame #16: Received 1 detections (0 Felix)
2025-04-17 21:57:54,272 - websockets.client - DEBUG - > BINARY ff d8 ff e0 00 10 4a 46 49 46 00 01 01 00 00 01 ... ed d1 30 8a 5b 9f ff d9 [69313 bytes]
2025-04-17 21:57:54,395 - websockets.client - DEBUG - > BINARY ff d8 ff e0 00 10 4a 46 49 46 00 01 01 00 00 01 ... 2a 24 ca 29 ee 7f ff d9 [69491 bytes]
2025-04-17 21:57:54,506 - websockets.client - DEBUG - > BINARY ff d8 ff e0 00 10 4a 46 49 46 00 01 01 00 00 01 ... 34 ed 69 02 57 d0 ff d9 [70121 bytes]
2025-04-17 21:57:54,629 - websockets.client - DEBUG - > BINARY ff d8 ff e0 00 10 4a 46 49 46 00 01 01 00 00 01 ... b0 b9 79 5c 5b 3f ff d9 [70411 bytes]
2025-04-17 21:57:54,738 - websockets.client - DEBUG - > BINARY ff d8 ff e0 00 10 4a 46 49 46 00 01 01 00 00 01 ... a3 cb 2b c9 68 7f ff d9 [70245 bytes]
2025-04-17 21:57:54,848 - websockets.client - DEBUG - > BINARY ff d8 ff e0 00 10 4a 46 49 46 00 01 01 00 00 01 ... a3 cb 2b c9 68 7f ff d9 [70245 bytes]
2025-04-17 21:57:54,959 - websockets.client - DEBUG - > BINARY ff d8 ff e0 00 10 4a 46 49 46 00 01 01 00 00 01 ... 7e e8 a4 ad 2d 0f ff d9 [70501 bytes]
2025-04-17 21:57:55,066 - websockets.client - DEBUG - < TEXT '[{"box": [85, 92, 453, 387], "is_felix": false,...": 0.4995363652706146}]' [82 bytes]
2025-04-17 21:57:55,070 - IseeYou.FelixTrackingClient - DEBUG - [RECEIVER] Frame #17: Received 1 detections (0 Felix)
2025-04-17 21:57:55,071 - websockets.client - DEBUG - > BINARY ff d8 ff e0 00 10 4a 46 49 46 00 01 01 00 00 01 ... 8e ba 13 6e b1 47 ff d9 [70280 bytes]
2025-04-17 21:57:55,191 - websockets.client - DEBUG - > BINARY ff d8 ff e0 00 10 4a 46 49 46 00 01 01 00 00 01 ... 31 49 72 49 35 d4 ff d9 [70008 bytes]
2025-04-17 21:57:55,302 - websockets.client - DEBUG - > BINARY ff d8 ff e0 00 10 4a 46 49 46 00 01 01 00 00 01 ... 2f 42 79 55 93 3f ff d9 [70167 bytes]
2025-04-17 21:57:55,424 - websockets.client - DEBUG - > BINARY ff d8 ff e0 00 10 4a 46 49 46 00 01 01 00 00 01 ... 45 22 64 a3 cb 73 ff d9 [70601 bytes]
2025-04-17 21:57:55,535 - websockets.client - DEBUG - > BINARY ff d8 ff e0 00 10 4a 46 49 46 00 01 01 00 00 01 ... a3 78 a9 25 6b 9f ff d9 [70594 bytes]
2025-04-17 21:57:55,645 - websockets.client - DEBUG - > BINARY ff d8 ff e0 00 10 4a 46 49 46 00 01 01 00 00 01 ... 77 48 94 ad 3e 63 ff d9 [70351 bytes]
2025-04-17 21:57:55,768 - websockets.client - DEBUG - > BINARY ff d8 ff e0 00 10 4a 46 49 46 00 01 01 00 00 01 ... 52 44 b8 bf b4 8f ff d9 [70355 bytes]
2025-04-17 21:57:55,781 - websockets.client - DEBUG - < TEXT '[{"box": [85, 91, 451, 388], "is_felix": false,...": 0.4995976686477661}]' [82 bytes]
2025-04-17 21:57:55,781 - IseeYou.FelixTrackingClient - DEBUG - [RECEIVER] Frame #18: Received 1 detections (0 Felix)
2025-04-17 21:57:55,878 - websockets.client - DEBUG - > BINARY ff d8 ff e0 00 10 4a 46 49 46 00 01 01 00 00 01 ... 72 67 1b bd b4 3f ff d9 [70243 bytes]
2025-04-17 21:57:55,986 - websockets.client - DEBUG - > BINARY ff d8 ff e0 00 10 4a 46 49 46 00 01 01 00 00 01 ... 38 c4 54 d7 bc 7f ff d9 [70228 bytes]
2025-04-17 21:57:56,094 - websockets.client - DEBUG - > BINARY ff d8 ff e0 00 10 4a 46 49 46 00 01 01 00 00 01 ... a6 ac 29 29 5a e7 ff d9 [70226 bytes]
2025-04-17 21:57:56,203 - websockets.client - DEBUG - > BINARY ff d8 ff e0 00 10 4a 46 49 46 00 01 01 00 00 01 ... a2 f4 21 46 d0 d8 ff d9 [70569 bytes]
2025-04-17 21:57:56,314 - websockets.client - DEBUG - > BINARY ff d8 ff e0 00 10 4a 46 49 46 00 01 01 00 00 01 ... 7a 13 67 cb e4 7f ff d9 [70659 bytes]
2025-04-17 21:57:56,424 - websockets.client - DEBUG - > BINARY ff d8 ff e0 00 10 4a 46 49 46 00 01 01 00 00 01 ... ad d0 95 76 92 3f ff d9 [70396 bytes]
2025-04-17 21:57:56,493 - websockets.client - DEBUG - < TEXT '[{"box": [85, 91, 451, 388], "is_felix": false,...": 0.4995976686477661}]' [82 bytes]
2025-04-17 21:57:56,493 - IseeYou.FelixTrackingClient - DEBUG - [RECEIVER] Frame #19: Received 1 detections (0 Felix)
2025-04-17 21:57:56,548 - websockets.client - DEBUG - > BINARY ff d8 ff e0 00 10 4a 46 49 46 00 01 01 00 00 01 ... aa c4 bb 42 4b cc ff d9 [70535 bytes]
2025-04-17 21:57:56,672 - websockets.client - DEBUG - > BINARY ff d8 ff e0 00 10 4a 46 49 46 00 01 01 00 00 01 ... be c4 c5 45 ee 7f ff d9 [70506 bytes]
2025-04-17 21:57:56,782 - websockets.client - DEBUG - > BINARY ff d8 ff e0 00 10 4a 46 49 46 00 01 01 00 00 01 ... 2b 8a 31 bb f7 91 ff d9 [70433 bytes]
2025-04-17 21:57:56,905 - websockets.client - DEBUG - > BINARY ff d8 ff e0 00 10 4a 46 49 46 00 01 01 00 00 01 ... 4b 95 92 ee e3 a9 ff d9 [70122 bytes]
2025-04-17 21:57:57,027 - websockets.client - DEBUG - > BINARY ff d8 ff e0 00 10 4a 46 49 46 00 01 01 00 00 01 ... 49 6c 4c 15 f6 3f ff d9 [70062 bytes]
2025-04-17 21:57:57,151 - websockets.client - DEBUG - > BINARY ff d8 ff e0 00 10 4a 46 49 46 00 01 01 00 00 01 ... 4d b4 24 ad 66 7f ff d9 [70168 bytes]
2025-04-17 21:57:57,274 - websockets.client - DEBUG - > BINARY ff d8 ff e0 00 10 4a 46 49 46 00 01 01 00 00 01 ... e3 d1 09 a8 b6 91 ff d9 [70400 bytes]
2025-04-17 21:57:57,278 - websockets.client - DEBUG - < TEXT '[{"box": [86, 91, 452, 388], "is_felix": false,...: 0.49848267436027527}]' [83 bytes]
2025-04-17 21:57:57,280 - IseeYou.FelixTrackingClient - DEBUG - [RECEIVER] Frame #20: Received 1 detections (0 Felix)
2025-04-17 21:57:57,400 - websockets.client - DEBUG - > BINARY ff d8 ff e0 00 10 4a 46 49 46 00 01 01 00 00 01 ... e3 d1 09 a8 b6 91 ff d9 [70400 bytes]
2025-04-17 21:57:57,522 - websockets.client - DEBUG - > BINARY ff d8 ff e0 00 10 4a 46 49 46 00 01 01 00 00 01 ... 4d 08 a7 1e 6e a7 ff d9 [70401 bytes]
2025-04-17 21:57:57,647 - websockets.client - DEBUG - > BINARY ff d8 ff e0 00 10 4a 46 49 46 00 01 01 00 00 01 ... 82 8c 6a 4f 58 9f ff d9 [70372 bytes]
2025-04-17 21:57:57,770 - websockets.client - DEBUG - > BINARY ff d8 ff e0 00 10 4a 46 49 46 00 01 01 00 00 01 ... 37 26 31 94 5d cf ff d9 [70198 bytes]
2025-04-17 21:57:57,881 - websockets.client - DEBUG - > BINARY ff d8 ff e0 00 10 4a 46 49 46 00 01 01 00 00 01 ... b0 a2 a5 15 cc d1 ff d9 [70068 bytes]
2025-04-17 21:57:57,985 - websockets.client - DEBUG - < TEXT '[{"box": [87, 91, 462, 388], "is_felix": false,...: 0.49946558475494385}]' [83 bytes]
2025-04-17 21:57:57,991 - IseeYou.FelixTrackingClient - DEBUG - [RECEIVER] Frame #21: Received 1 detections (0 Felix)
2025-04-17 21:57:57,992 - websockets.client - DEBUG - > BINARY ff d8 ff e0 00 10 4a 46 49 46 00 01 01 00 00 01 ... 20 8c 5a 5c cf 63 ff d9 [69731 bytes]
2025-04-17 21:57:58,113 - websockets.client - DEBUG - > BINARY ff d8 ff e0 00 10 4a 46 49 46 00 01 01 00 00 01 ... ca 09 2f 75 b4 7f ff d9 [70072 bytes]
2025-04-17 21:57:58,224 - websockets.client - DEBUG - > BINARY ff d8 ff e0 00 10 4a 46 49 46 00 01 01 00 00 01 ... e4 25 1a 7c b7 67 ff d9 [70410 bytes]
2025-04-17 21:57:58,347 - websockets.client - DEBUG - > BINARY ff d8 ff e0 00 10 4a 46 49 46 00 01 01 00 00 01 ... 2f 21 25 35 ba d0 ff d9 [70450 bytes]
2025-04-17 21:57:58,458 - websockets.client - DEBUG - > BINARY ff d8 ff e0 00 10 4a 46 49 46 00 01 01 00 00 01 ... 2f 21 25 35 ba d0 ff d9 [70450 bytes]
2025-04-17 21:57:58,568 - websockets.client - DEBUG - > BINARY ff d8 ff e0 00 10 4a 46 49 46 00 01 01 00 00 01 ... 30 94 22 ec b7 3f ff d9 [70891 bytes]
2025-04-17 21:57:58,676 - websockets.client - DEBUG - > BINARY ff d8 ff e0 00 10 4a 46 49 46 00 01 01 00 00 01 ... dc 4a 11 a6 94 99 ff d9 [70577 bytes]
2025-04-17 21:57:58,688 - websockets.client - DEBUG - < TEXT '[{"box": [87, 89, 461, 390], "is_felix": false,...: 0.49981701374053955}]' [83 bytes]
2025-04-17 21:57:58,688 - IseeYou.FelixTrackingClient - DEBUG - [RECEIVER] Frame #22: Received 1 detections (0 Felix)
2025-04-17 21:57:58,786 - websockets.client - DEBUG - > BINARY ff d8 ff e0 00 10 4a 46 49 46 00 01 01 00 00 01 ... 87 08 b7 34 da 3f ff d9 [70349 bytes]
2025-04-17 21:57:58,895 - websockets.client - DEBUG - > BINARY ff d8 ff e0 00 10 4a 46 49 46 00 01 01 00 00 01 ... 36 42 e5 73 56 68 ff d9 [70244 bytes]
2025-04-17 21:57:59,003 - websockets.client - DEBUG - > BINARY ff d8 ff e0 00 10 4a 46 49 46 00 01 01 00 00 01 ... d7 70 e4 8f 2d cf ff d9 [70589 bytes]
2025-04-17 21:57:59,114 - websockets.client - DEBUG - > BINARY ff d8 ff e0 00 10 4a 46 49 46 00 01 01 00 00 01 ... 5d 30 50 4f 75 a1 ff d9 [70665 bytes]
2025-04-17 21:57:59,226 - websockets.client - DEBUG - > BINARY ff d8 ff e0 00 10 4a 46 49 46 00 01 01 00 00 01 ... 26 c3 95 f2 da c7 ff d9 [70028 bytes]
2025-04-17 21:57:59,338 - websockets.client - DEBUG - > BINARY ff d8 ff e0 00 10 4a 46 49 46 00 01 01 00 00 01 ... 26 c3 95 f2 da c7 ff d9 [70028 bytes]
2025-04-17 21:57:59,448 - websockets.client - DEBUG - > BINARY ff d8 ff e0 00 10 4a 46 49 46 00 01 01 00 00 01 ... 4e c8 52 a6 ed 73 ff d9 [70224 bytes]
2025-04-17 21:57:59,559 - websockets.client - DEBUG - > BINARY ff d8 ff e0 00 10 4a 46 49 46 00 01 01 00 00 01 ... 66 18 78 ab ed a1 ff d9 [70192 bytes]
2025-04-17 21:57:59,668 - websockets.client - DEBUG - > BINARY ff d8 ff e0 00 10 4a 46 49 46 00 01 01 00 00 01 ... ad 02 10 49 73 58 ff d9 [69760 bytes]
2025-04-17 21:57:59,778 - websockets.client - DEBUG - > BINARY ff d8 ff e0 00 10 4a 46 49 46 00 01 01 00 00 01 ... 6a 2c 6a 2e 2a e8 ff d9 [70025 bytes]
2025-04-17 21:57:59,889 - websockets.client - DEBUG - > BINARY ff d8 ff e0 00 10 4a 46 49 46 00 01 01 00 00 01 ... b2 08 46 30 d5 33 ff d9 [69017 bytes]
2025-04-17 21:57:59,998 - websockets.client - DEBUG - > BINARY ff d8 ff e0 00 10 4a 46 49 46 00 01 01 00 00 01 ... 55 97 61 4a 9a 3f ff d9 [68855 bytes]
2025-04-17 21:58:00,108 - websockets.client - DEBUG - > BINARY ff d8 ff e0 00 10 4a 46 49 46 00 01 01 00 00 01 ... c9 e5 a9 28 dd 1f ff d9 [68655 bytes]
2025-04-17 21:58:00,218 - websockets.client - DEBUG - > BINARY ff d8 ff e0 00 10 4a 46 49 46 00 01 01 00 00 01 ... dc 97 19 39 6a 7f ff d9 [69593 bytes]
2025-04-17 21:58:00,328 - websockets.client - DEBUG - > BINARY ff d8 ff e0 00 10 4a 46 49 46 00 01 01 00 00 01 ... dc 97 19 39 6a 7f ff d9 [69593 bytes]
2025-04-17 21:58:00,437 - websockets.client - DEBUG - > BINARY ff d8 ff e0 00 10 4a 46 49 46 00 01 01 00 00 01 ... 89 71 93 a6 d3 3f ff d9 [70025 bytes]
2025-04-17 21:58:00,561 - websockets.client - DEBUG - > BINARY ff d8 ff e0 00 10 4a 46 49 46 00 01 01 00 00 01 ... 6e 4b 12 d3 52 3f ff d9 [71091 bytes]
2025-04-17 21:58:00,670 - websockets.client - DEBUG - > BINARY ff d8 ff e0 00 10 4a 46 49 46 00 01 01 00 00 01 ... 25 4a 5e d5 2e c7 ff d9 [70931 bytes]
2025-04-17 21:58:00,685 - websockets.client - DEBUG - < TEXT '[{"box": [87, 84, 464, 395], "is_felix": false,...: 0.49827829003334045}]' [83 bytes]
2025-04-17 21:58:00,685 - IseeYou.FelixTrackingClient - DEBUG - [RECEIVER] Frame #23: Received 1 detections (0 Felix)
2025-04-17 21:58:00,780 - websockets.client - DEBUG - > BINARY ff d8 ff e0 00 10 4a 46 49 46 00 01 01 00 00 01 ... a8 95 1b 49 39 1f ff d9 [70911 bytes]
2025-04-17 21:58:00,890 - websockets.client - DEBUG - > BINARY ff d8 ff e0 00 10 4a 46 49 46 00 01 01 00 00 01 ... e4 96 c6 2e 2d c4 ff d9 [71016 bytes]
2025-04-17 21:58:00,999 - websockets.client - DEBUG - > BINARY ff d8 ff e0 00 10 4a 46 49 46 00 01 01 00 00 01 ... 62 25 1e 69 59 9f ff d9 [71193 bytes]
2025-04-17 21:58:01,108 - websockets.client - DEBUG - > BINARY ff d8 ff e0 00 10 4a 46 49 46 00 01 01 00 00 01 ... 11 2e 13 84 b4 3f ff d9 [71184 bytes]
2025-04-17 21:58:01,217 - websockets.client - DEBUG - > BINARY ff d8 ff e0 00 10 4a 46 49 46 00 01 01 00 00 01 ... a3 3f 64 fd 96 88 ff d9 [71158 bytes]
2025-04-17 21:58:01,326 - websockets.client - DEBUG - > BINARY ff d8 ff e0 00 10 4a 46 49 46 00 01 01 00 00 01 ... ce 74 e7 25 aa d0 ff d9 [71688 bytes]
2025-04-17 21:58:01,436 - websockets.client - DEBUG - > BINARY ff d8 ff e0 00 10 4a 46 49 46 00 01 01 00 00 01 ... 8a 54 b9 d2 69 1f ff d9 [71695 bytes]
2025-04-17 21:58:01,477 - websockets.client - DEBUG - < TEXT '[{"box": [90, 88, 463, 391], "is_felix": false,...: 0.49945327639579773}]' [83 bytes]
2025-04-17 21:58:01,477 - IseeYou.FelixTrackingClient - DEBUG - [RECEIVER] Frame #24: Received 1 detections (0 Felix)
2025-04-17 21:58:01,560 - websockets.client - DEBUG - > BINARY ff d8 ff e0 00 10 4a 46 49 46 00 01 01 00 00 01 ... a4 ca 9d e0 ef d0 ff d9 [71874 bytes]
2025-04-17 21:58:01,671 - websockets.client - DEBUG - > BINARY ff d8 ff e0 00 10 4a 46 49 46 00 01 01 00 00 01 ... 42 25 4e 49 5d a3 ff d9 [71420 bytes]
2025-04-17 21:58:01,780 - websockets.client - DEBUG - > BINARY ff d8 ff e0 00 10 4a 46 49 46 00 01 01 00 00 01 ... 49 95 29 37 64 8f ff d9 [71331 bytes]
2025-04-17 21:58:01,889 - websockets.client - DEBUG - > BINARY ff d8 ff e0 00 10 4a 46 49 46 00 01 01 00 00 01 ... 23 d9 ca 52 bf 43 ff d9 [71572 bytes]
2025-04-17 21:58:02,188 - websockets.client - DEBUG - < TEXT '[{"box": [93, 87, 461, 392], "is_felix": true, ...": 0.5053061842918396}]' [81 bytes]
2025-04-17 21:58:02,189 - IseeYou.FelixTrackingClient - DEBUG - [RECEIVER] Frame #25: Received 1 detections (1 Felix)
2025-04-17 21:58:02,569 - websockets.client - DEBUG - > BINARY ff d8 ff e0 00 10 4a 46 49 46 00 01 01 00 00 01 ... 6a 53 9d 2b 34 7f ff d9 [71523 bytes]
2025-04-17 21:58:02,679 - websockets.client - DEBUG - > BINARY ff d8 ff e0 00 10 4a 46 49 46 00 01 01 00 00 01 ... 48 88 52 96 ed 1f ff d9 [71329 bytes]
2025-04-17 21:58:02,788 - websockets.client - DEBUG - > BINARY ff d8 ff e0 00 10 4a 46 49 46 00 01 01 00 00 01 ... 48 88 52 96 ed 1f ff d9 [71329 bytes]
2025-04-17 21:58:02,898 - websockets.client - DEBUG - > BINARY ff d8 ff e0 00 10 4a 46 49 46 00 01 01 00 00 01 ... 85 1a 72 4a fd 0f ff d9 [71358 bytes]
2025-04-17 21:58:02,961 - websockets.client - DEBUG - < EOF
2025-04-17 21:58:02,962 - websockets.client - DEBUG - < EOF
2025-04-17 21:58:02,962 - websockets.client - DEBUG - > EOF
2025-04-17 21:58:02,962 - websockets.client - DEBUG - = connection is CLOSED
2025-04-17 21:58:02,962 - websockets.client - DEBUG - x half-closing TCP connection
2025-04-17 21:58:02,962 - IseeYou.FelixTrackingClient - WARNING - [RECEIVER] Connection closed with error: no close frame received or sent
2025-04-17 21:58:02,962 - IseeYou.FelixTrackingClient - INFO - Monitor detected task completion or failure.
2025-04-17 21:58:02,962 - IseeYou.FelixTrackingClient - INFO - Task 'ReceiveTask' completed normally.
2025-04-17 21:58:02,962 - IseeYou.FelixTrackingClient - WARNING - Task 'ReceiveTask' finished normally, likely due to connection closure. Will attempt reconnect.
2025-04-17 21:58:02,962 - IseeYou.FelixTrackingClient - INFO - Reconnect condition met. Proceeding to cleanup and retry.
2025-04-17 21:58:02,962 - IseeYou.FelixTrackingClient - INFO - Performing cleanup...
2025-04-17 21:58:02,962 - IseeYou.FelixTrackingClient - DEBUG - Cancelling 1 active tasks...
2025-04-17 21:58:02,962 - IseeYou.FelixTrackingClient - INFO - Capture and send task cancelled.
2025-04-17 21:58:03,258 - IseeYou.FelixTrackingClient - INFO - Camera released.
2025-04-17 21:58:03,260 - IseeYou.FelixTrackingClient - INFO - Waiting 5.0 seconds before retry #1...
2025-04-17 21:58:08,261 - IseeYou.FelixTrackingClient - INFO - Connection attempt 1/5 to ws://localhost:8080...
2025-04-17 21:58:08,261 - IseeYou.FelixTrackingClient - DEBUG - Attempting websocket.connect with 20.0s timeout...
2025-04-17 21:58:08,261 - websockets.client - DEBUG - = connection is CONNECTING
2025-04-17 21:58:08,261 - websockets.client - DEBUG - > GET / HTTP/1.1
2025-04-17 21:58:08,261 - websockets.client - DEBUG - > Host: localhost:8080
2025-04-17 21:58:08,261 - websockets.client - DEBUG - > Upgrade: websocket
2025-04-17 21:58:08,261 - websockets.client - DEBUG - > Connection: Upgrade
2025-04-17 21:58:08,261 - websockets.client - DEBUG - > Sec-WebSocket-Key: TFb5k9Chcs4ZRHH8G3ftPA==
2025-04-17 21:58:08,261 - websockets.client - DEBUG - > Sec-WebSocket-Version: 13
2025-04-17 21:58:08,261 - websockets.client - DEBUG - > Sec-WebSocket-Extensions: permessage-deflate; client_max_window_bits
2025-04-17 21:58:08,261 - websockets.client - DEBUG - > User-Agent: Python/3.12 websockets/15.0.1
2025-04-17 21:58:08,395 - websockets.client - DEBUG - > EOF
2025-04-17 21:58:08,395 - websockets.client - DEBUG - < EOF
2025-04-17 21:58:08,395 - websockets.client - DEBUG - = connection is CLOSED
2025-04-17 21:58:08,395 - IseeYou.FelixTrackingClient - INFO - Performing cleanup...
2025-04-17 21:58:08,395 - IseeYou.FelixTrackingClient - INFO - Waiting 7.5 seconds before retry #2...
2025-04-17 21:58:15,908 - IseeYou.FelixTrackingClient - INFO - Connection attempt 2/5 to ws://localhost:8080...
2025-04-17 21:58:15,908 - IseeYou.FelixTrackingClient - DEBUG - Attempting websocket.connect with 20.0s timeout...
2025-04-17 21:58:15,910 - websockets.client - DEBUG - = connection is CONNECTING
2025-04-17 21:58:15,910 - websockets.client - DEBUG - > GET / HTTP/1.1
2025-04-17 21:58:15,910 - websockets.client - DEBUG - > Host: localhost:8080
2025-04-17 21:58:15,910 - websockets.client - DEBUG - > Upgrade: websocket
2025-04-17 21:58:15,910 - websockets.client - DEBUG - > Connection: Upgrade
2025-04-17 21:58:15,910 - websockets.client - DEBUG - > Sec-WebSocket-Key: 7/txx07rtYq7Ux3ww2p/yQ==
2025-04-17 21:58:15,910 - websockets.client - DEBUG - > Sec-WebSocket-Version: 13
2025-04-17 21:58:15,910 - websockets.client - DEBUG - > Sec-WebSocket-Extensions: permessage-deflate; client_max_window_bits
2025-04-17 21:58:15,910 - websockets.client - DEBUG - > User-Agent: Python/3.12 websockets/15.0.1
2025-04-17 21:58:15,995 - websockets.client - DEBUG - > EOF
2025-04-17 21:58:15,995 - websockets.client - DEBUG - < EOF
2025-04-17 21:58:15,996 - websockets.client - DEBUG - = connection is CLOSED
2025-04-17 21:58:15,996 - IseeYou.FelixTrackingClient - INFO - Performing cleanup...
2025-04-17 21:58:15,996 - IseeYou.FelixTrackingClient - INFO - Waiting 11.2 seconds before retry #3...
