2025-03-15 16:26:28,090 - INFO - TTS Queue System with Voice Selection
2025-03-15 16:26:28,090 - INFO - ------------------------------------
2025-03-15 16:26:28,090 - INFO - 
Available voices:
2025-03-15 16:26:28,090 - INFO - - Female 1 (ID: female_01.wav)
2025-03-15 16:26:28,090 - INFO - - Female 2 (ID: female_02.wav)
2025-03-15 16:26:28,090 - INFO - - Female 3 (ID: female_03.wav)
2025-03-15 16:26:28,090 - INFO - - Female 4 (ID: female_04.wav)
2025-03-15 16:26:28,090 - INFO - - Female 5 (ID: female_05.wav)
2025-03-15 16:26:28,106 - INFO - - Male 1 (ID: male_01.wav)
2025-03-15 16:26:28,106 - INFO - - Male 2 (ID: male_02.wav)
2025-03-15 16:26:28,125 - INFO - - Male 3 (ID: male_03.wav)
2025-03-15 16:26:28,127 - INFO - - Morgan Freeman (ID: Morgan_Freeman CC3.wav)
2025-03-15 16:26:28,127 - INFO - Settings loaded. Current voice: female_01.wav
2025-03-15 16:26:28,128 - INFO - 
Current voice: female_01.wav
2025-03-15 16:27:01,530 - INFO - Settings loaded. Current voice: female_01.wav
2025-03-15 16:27:01,534 - INFO - Starting TTS player server...
2025-03-15 16:27:01,536 - INFO - TTS player server started on port 8765
2025-03-15 16:27:01,536 - INFO - Using voice: female_01.wav
2025-03-15 16:27:02,150 - INFO - TTS player opened in browser at http://localhost:8765
2025-03-15 16:27:02,152 - INFO - Added to TTS queue: Hey there! How can I help you today?

2025-03-15 16:27:02,640 - INFO - HTTP: "GET / HTTP/1.1" 200 -
2025-03-15 16:27:02,672 - INFO - HTTP: "GET /queue HTTP/1.1" 200 -
2025-03-15 16:27:02,910 - INFO - HTTP: "GET /voices HTTP/1.1" 200 -
2025-03-15 16:27:03,229 - INFO - HTTP: "GET /current-voice HTTP/1.1" 200 -
2025-03-15 16:27:03,672 - INFO - HTTP: "GET /next HTTP/1.1" 200 -
2025-03-15 16:27:03,992 - INFO - HTTP: "GET /queue HTTP/1.1" 200 -
2025-03-15 16:27:04,245 - INFO - HTTP: "GET /queue HTTP/1.1" 200 -
2025-03-15 16:27:04,672 - INFO - HTTP: "GET /queue HTTP/1.1" 200 -
2025-03-15 16:27:05,957 - INFO - HTTP: code 404, message File not found
2025-03-15 16:27:05,957 - INFO - HTTP: "GET /favicon.ico HTTP/1.1" 404 -
2025-03-15 16:27:05,987 - INFO - HTTP: "GET /queue HTTP/1.1" 200 -
2025-03-15 16:27:06,672 - INFO - HTTP: "GET /queue HTTP/1.1" 200 -
2025-03-15 16:27:07,763 - INFO - HTTP: "GET /next HTTP/1.1" 200 -
2025-03-15 16:27:08,028 - INFO - HTTP: "GET /queue HTTP/1.1" 200 -
2025-03-15 16:27:08,688 - INFO - HTTP: "GET /next HTTP/1.1" 200 -
2025-03-15 16:27:08,998 - INFO - HTTP: "GET /queue HTTP/1.1" 200 -
2025-03-15 16:27:09,674 - INFO - HTTP: "GET /next HTTP/1.1" 200 -
2025-03-15 16:27:09,988 - INFO - HTTP: "GET /queue HTTP/1.1" 200 -
2025-03-15 16:27:10,671 - INFO - HTTP: "GET /next HTTP/1.1" 200 -
2025-03-15 16:27:10,989 - INFO - HTTP: "GET /queue HTTP/1.1" 200 -
2025-03-15 16:27:11,677 - INFO - HTTP: "GET /next HTTP/1.1" 200 -
2025-03-15 16:27:11,989 - INFO - HTTP: "GET /queue HTTP/1.1" 200 -
2025-03-15 16:27:12,676 - INFO - HTTP: "GET /next HTTP/1.1" 200 -
2025-03-15 16:27:12,990 - INFO - HTTP: "GET /queue HTTP/1.1" 200 -
2025-03-15 16:27:13,680 - INFO - HTTP: "GET /next HTTP/1.1" 200 -
2025-03-15 16:27:13,991 - INFO - HTTP: "GET /queue HTTP/1.1" 200 -
2025-03-15 16:27:14,675 - INFO - HTTP: "GET /queue HTTP/1.1" 200 -
2025-03-15 16:27:15,771 - INFO - HTTP: "GET /next HTTP/1.1" 200 -
2025-03-15 16:27:16,033 - INFO - HTTP: "GET /queue HTTP/1.1" 200 -
2025-03-15 16:27:16,674 - INFO - HTTP: "GET /next HTTP/1.1" 200 -
2025-03-15 16:27:16,986 - INFO - HTTP: "GET /queue HTTP/1.1" 200 -
2025-03-15 16:27:17,537 - INFO - HTTP: "GET /queue HTTP/1.1" 200 -
2025-03-15 16:27:17,986 - INFO - HTTP: "GET /next HTTP/1.1" 200 -
2025-03-15 16:27:18,254 - INFO - HTTP: "GET /queue HTTP/1.1" 200 -
2025-03-15 16:27:18,428 - INFO - HTTP: "GET /queue HTTP/1.1" 200 -
2025-03-15 16:27:18,988 - INFO - HTTP: "GET /next HTTP/1.1" 200 -
2025-03-15 16:27:19,251 - INFO - HTTP: "GET /queue HTTP/1.1" 200 -
2025-03-15 16:27:19,672 - INFO - HTTP: "GET /next HTTP/1.1" 200 -
2025-03-15 16:27:19,984 - INFO - HTTP: "GET /queue HTTP/1.1" 200 -
2025-03-15 16:27:20,674 - INFO - HTTP: "GET /next HTTP/1.1" 200 -
2025-03-15 16:27:20,987 - INFO - HTTP: "GET /queue HTTP/1.1" 200 -
2025-03-15 16:27:21,672 - INFO - HTTP: "GET /next HTTP/1.1" 200 -
2025-03-15 16:27:21,985 - INFO - HTTP: "GET /queue HTTP/1.1" 200 -
2025-03-15 16:27:22,674 - INFO - HTTP: "GET /next HTTP/1.1" 200 -
2025-03-15 16:27:22,987 - INFO - HTTP: "GET /queue HTTP/1.1" 200 -
2025-03-15 16:27:23,677 - INFO - HTTP: "GET /next HTTP/1.1" 200 -
2025-03-15 16:27:23,988 - INFO - HTTP: "GET /queue HTTP/1.1" 200 -
2025-03-15 16:27:24,675 - INFO - HTTP: "GET /next HTTP/1.1" 200 -
2025-03-15 16:27:24,988 - INFO - HTTP: "GET /queue HTTP/1.1" 200 -
2025-03-15 16:27:25,677 - INFO - HTTP: "GET /next HTTP/1.1" 200 -
2025-03-15 16:27:25,988 - INFO - HTTP: "GET /queue HTTP/1.1" 200 -
2025-03-15 16:27:26,688 - INFO - HTTP: "GET /next HTTP/1.1" 200 -
2025-03-15 16:27:27,002 - INFO - HTTP: "GET /queue HTTP/1.1" 200 -
2025-03-15 16:27:27,673 - INFO - HTTP: "GET /next HTTP/1.1" 200 -
2025-03-15 16:27:27,982 - INFO - HTTP: "GET /queue HTTP/1.1" 200 -
2025-03-15 16:27:28,681 - INFO - HTTP: "GET /next HTTP/1.1" 200 -
2025-03-15 16:27:28,997 - INFO - HTTP: "GET /queue HTTP/1.1" 200 -
2025-03-15 16:27:29,675 - INFO - HTTP: "GET /next HTTP/1.1" 200 -
2025-03-15 16:27:29,986 - INFO - HTTP: "GET /queue HTTP/1.1" 200 -
2025-03-15 16:27:30,673 - INFO - HTTP: "GET /next HTTP/1.1" 200 -
2025-03-15 16:27:30,988 - INFO - HTTP: "GET /queue HTTP/1.1" 200 -
2025-03-15 16:27:31,682 - INFO - HTTP: "GET /next HTTP/1.1" 200 -
2025-03-15 16:27:31,990 - INFO - HTTP: "GET /queue HTTP/1.1" 200 -
2025-03-15 16:27:32,679 - INFO - HTTP: "GET /next HTTP/1.1" 200 -
2025-03-15 16:27:32,991 - INFO - HTTP: "GET /queue HTTP/1.1" 200 -
2025-03-15 16:27:33,678 - INFO - HTTP: "GET /next HTTP/1.1" 200 -
2025-03-15 16:27:33,991 - INFO - HTTP: "GET /queue HTTP/1.1" 200 -
2025-03-15 16:27:34,681 - INFO - HTTP: "GET /next HTTP/1.1" 200 -
2025-03-15 16:27:34,996 - INFO - HTTP: "GET /queue HTTP/1.1" 200 -
2025-03-15 16:27:35,677 - INFO - HTTP: "GET /next HTTP/1.1" 200 -
2025-03-15 16:27:35,989 - INFO - HTTP: "GET /queue HTTP/1.1" 200 -
2025-03-15 16:27:36,683 - INFO - HTTP: "GET /next HTTP/1.1" 200 -
2025-03-15 16:27:36,994 - INFO - HTTP: "GET /queue HTTP/1.1" 200 -
2025-03-15 16:27:37,683 - INFO - HTTP: "GET /next HTTP/1.1" 200 -
2025-03-15 16:27:37,996 - INFO - HTTP: "GET /queue HTTP/1.1" 200 -
2025-03-15 16:27:38,684 - INFO - HTTP: "GET /next HTTP/1.1" 200 -
2025-03-15 16:27:39,004 - INFO - HTTP: "GET /queue HTTP/1.1" 200 -
2025-03-15 16:27:39,686 - INFO - HTTP: "GET /next HTTP/1.1" 200 -
2025-03-15 16:27:40,010 - INFO - HTTP: "GET /queue HTTP/1.1" 200 -
2025-03-15 16:27:40,686 - INFO - HTTP: "GET /next HTTP/1.1" 200 -
2025-03-15 16:27:41,007 - INFO - HTTP: "GET /queue HTTP/1.1" 200 -
2025-03-15 16:27:41,679 - INFO - HTTP: "GET /next HTTP/1.1" 200 -
2025-03-15 16:27:41,996 - INFO - HTTP: "GET /queue HTTP/1.1" 200 -
2025-03-15 16:27:42,675 - INFO - HTTP: "GET /next HTTP/1.1" 200 -
2025-03-15 16:27:42,986 - INFO - HTTP: "GET /queue HTTP/1.1" 200 -
2025-03-15 16:27:43,676 - INFO - HTTP: "GET /next HTTP/1.1" 200 -
2025-03-15 16:27:43,984 - INFO - HTTP: "GET /queue HTTP/1.1" 200 -
2025-03-15 16:27:44,673 - INFO - HTTP: "GET /next HTTP/1.1" 200 -
2025-03-15 16:27:44,985 - INFO - HTTP: "GET /queue HTTP/1.1" 200 -
2025-03-15 16:27:45,675 - INFO - HTTP: "GET /next HTTP/1.1" 200 -
2025-03-15 16:27:45,989 - INFO - HTTP: "GET /queue HTTP/1.1" 200 -
2025-03-15 16:27:46,684 - INFO - HTTP: "GET /next HTTP/1.1" 200 -
2025-03-15 16:27:46,993 - INFO - HTTP: "GET /queue HTTP/1.1" 200 -
2025-03-15 16:27:47,676 - INFO - HTTP: "GET /next HTTP/1.1" 200 -
2025-03-15 16:27:47,987 - INFO - HTTP: "GET /queue HTTP/1.1" 200 -
2025-03-15 16:27:48,685 - INFO - HTTP: "GET /next HTTP/1.1" 200 -
2025-03-15 16:27:48,998 - INFO - HTTP: "GET /queue HTTP/1.1" 200 -
2025-03-15 16:27:49,673 - INFO - HTTP: "GET /next HTTP/1.1" 200 -
2025-03-15 16:27:49,982 - INFO - HTTP: "GET /queue HTTP/1.1" 200 -
2025-03-15 16:27:50,673 - INFO - HTTP: "GET /next HTTP/1.1" 200 -
2025-03-15 16:27:50,985 - INFO - HTTP: "GET /queue HTTP/1.1" 200 -
2025-03-15 16:27:51,691 - INFO - HTTP: "GET /next HTTP/1.1" 200 -
2025-03-15 16:27:51,835 - INFO - Added to TTS queue: I am a large language model, trained by Google.

2025-03-15 16:27:52,014 - INFO - HTTP: "GET /queue HTTP/1.1" 200 -
2025-03-15 16:27:52,674 - INFO - HTTP: "GET /next HTTP/1.1" 200 -
2025-03-15 16:27:53,003 - INFO - HTTP: "GET /queue HTTP/1.1" 200 -
2025-03-15 16:27:53,272 - INFO - HTTP: "GET /queue HTTP/1.1" 200 -
2025-03-15 16:27:53,672 - INFO - HTTP: "GET /queue HTTP/1.1" 200 -
2025-03-15 16:27:55,000 - INFO - HTTP: "GET /queue HTTP/1.1" 200 -
2025-03-15 16:27:55,687 - INFO - HTTP: "GET /queue HTTP/1.1" 200 -
2025-03-15 16:27:56,998 - INFO - HTTP: "GET /queue HTTP/1.1" 200 -
2025-03-15 16:27:57,686 - INFO - HTTP: "GET /queue HTTP/1.1" 200 -
2025-03-15 16:27:58,266 - INFO - HTTP: "GET /next HTTP/1.1" 200 -
2025-03-15 16:27:58,533 - INFO - HTTP: "GET /queue HTTP/1.1" 200 -
2025-03-15 16:27:58,670 - INFO - HTTP: "GET /next HTTP/1.1" 200 -
2025-03-15 16:27:58,983 - INFO - HTTP: "GET /queue HTTP/1.1" 200 -
2025-03-15 16:27:59,436 - INFO - Settings saved. Default voice: male_01.wav
2025-03-15 16:27:59,436 - INFO - Default voice set to: male_01.wav
2025-03-15 16:27:59,436 - INFO - HTTP: "POST /set-voice HTTP/1.1" 200 -
2025-03-15 16:27:59,997 - INFO - HTTP: "GET /next HTTP/1.1" 200 -
2025-03-15 16:28:00,255 - INFO - HTTP: "GET /queue HTTP/1.1" 200 -
2025-03-15 16:28:00,678 - INFO - HTTP: "GET /next HTTP/1.1" 200 -
2025-03-15 16:28:00,995 - INFO - HTTP: "GET /queue HTTP/1.1" 200 -
2025-03-15 16:28:01,684 - INFO - HTTP: "GET /next HTTP/1.1" 200 -
2025-03-15 16:28:01,998 - INFO - HTTP: "GET /queue HTTP/1.1" 200 -
2025-03-15 16:28:02,676 - INFO - HTTP: "GET /next HTTP/1.1" 200 -
2025-03-15 16:28:02,986 - INFO - HTTP: "GET /queue HTTP/1.1" 200 -
2025-03-15 16:28:03,679 - INFO - HTTP: "GET /next HTTP/1.1" 200 -
2025-03-15 16:28:03,990 - INFO - HTTP: "GET /queue HTTP/1.1" 200 -
2025-03-15 16:28:04,679 - INFO - HTTP: "GET /next HTTP/1.1" 200 -
2025-03-15 16:28:04,993 - INFO - HTTP: "GET /queue HTTP/1.1" 200 -
2025-03-15 16:28:05,679 - INFO - HTTP: "GET /next HTTP/1.1" 200 -
2025-03-15 16:28:05,989 - INFO - HTTP: "GET /queue HTTP/1.1" 200 -
2025-03-15 16:28:06,675 - INFO - HTTP: "GET /next HTTP/1.1" 200 -
2025-03-15 16:28:06,906 - INFO - Added to TTS queue: I don't have a name. I'm a large language model, n...
2025-03-15 16:28:06,983 - INFO - HTTP: "GET /queue HTTP/1.1" 200 -
2025-03-15 16:28:07,687 - INFO - HTTP: "GET /next HTTP/1.1" 200 -
2025-03-15 16:28:07,997 - INFO - HTTP: "GET /queue HTTP/1.1" 200 -
2025-03-15 16:28:08,263 - INFO - HTTP: "GET /queue HTTP/1.1" 200 -
2025-03-15 16:28:08,686 - INFO - HTTP: "GET /queue HTTP/1.1" 200 -
2025-03-15 16:28:09,995 - INFO - HTTP: "GET /queue HTTP/1.1" 200 -
2025-03-15 16:28:10,672 - INFO - HTTP: "GET /queue HTTP/1.1" 200 -
2025-03-15 16:28:11,986 - INFO - HTTP: "GET /queue HTTP/1.1" 200 -
2025-03-15 16:28:12,687 - INFO - HTTP: "GET /queue HTTP/1.1" 200 -
2025-03-15 16:28:14,000 - INFO - HTTP: "GET /queue HTTP/1.1" 200 -
2025-03-15 16:28:14,673 - INFO - HTTP: "GET /queue HTTP/1.1" 200 -
2025-03-15 16:28:15,989 - INFO - HTTP: "GET /queue HTTP/1.1" 200 -
2025-03-15 16:28:16,674 - INFO - HTTP: "GET /queue HTTP/1.1" 200 -
2025-03-15 16:28:17,991 - INFO - HTTP: "GET /queue HTTP/1.1" 200 -
2025-03-15 16:28:18,683 - INFO - HTTP: "GET /queue HTTP/1.1" 200 -
2025-03-15 16:28:19,981 - INFO - HTTP: "GET /queue HTTP/1.1" 200 -
2025-03-15 16:28:20,247 - INFO - HTTP: "GET /next HTTP/1.1" 200 -
2025-03-15 16:28:20,468 - INFO - HTTP: "GET /queue HTTP/1.1" 200 -
2025-03-15 16:28:20,690 - INFO - HTTP: "GET /next HTTP/1.1" 200 -
2025-03-15 16:28:20,997 - INFO - HTTP: "GET /queue HTTP/1.1" 200 -
2025-03-15 16:28:21,686 - INFO - HTTP: "GET /next HTTP/1.1" 200 -
2025-03-15 16:28:21,998 - INFO - HTTP: "GET /queue HTTP/1.1" 200 -
2025-03-15 16:28:22,687 - INFO - HTTP: "GET /next HTTP/1.1" 200 -
2025-03-15 16:28:23,001 - INFO - HTTP: "GET /queue HTTP/1.1" 200 -
2025-03-15 16:28:23,675 - INFO - HTTP: "GET /next HTTP/1.1" 200 -
2025-03-15 16:28:23,986 - INFO - HTTP: "GET /queue HTTP/1.1" 200 -
2025-03-15 16:28:24,676 - INFO - HTTP: "GET /next HTTP/1.1" 200 -
2025-03-15 16:28:24,988 - INFO - HTTP: "GET /queue HTTP/1.1" 200 -
2025-03-15 16:28:25,674 - INFO - HTTP: "GET /next HTTP/1.1" 200 -
2025-03-15 16:28:25,986 - INFO - HTTP: "GET /queue HTTP/1.1" 200 -
2025-03-15 16:28:26,361 - INFO - Added to TTS queue: You're right to ask! I am a large language model, ...
2025-03-15 16:28:26,673 - INFO - HTTP: "GET /next HTTP/1.1" 200 -
2025-03-15 16:28:27,015 - INFO - HTTP: "GET /queue HTTP/1.1" 200 -
2025-03-15 16:28:27,270 - INFO - HTTP: "GET /queue HTTP/1.1" 200 -
2025-03-15 16:28:27,674 - INFO - HTTP: "GET /queue HTTP/1.1" 200 -
2025-03-15 16:28:28,984 - INFO - HTTP: "GET /queue HTTP/1.1" 200 -
2025-03-15 16:28:29,673 - INFO - HTTP: "GET /queue HTTP/1.1" 200 -
2025-03-15 16:28:30,995 - INFO - HTTP: "GET /queue HTTP/1.1" 200 -
2025-03-15 16:28:31,687 - INFO - HTTP: "GET /queue HTTP/1.1" 200 -
2025-03-15 16:28:32,988 - INFO - HTTP: "GET /queue HTTP/1.1" 200 -
2025-03-15 16:28:33,673 - INFO - HTTP: "GET /queue HTTP/1.1" 200 -
2025-03-15 16:28:34,993 - INFO - HTTP: "GET /queue HTTP/1.1" 200 -
2025-03-15 16:28:35,671 - INFO - HTTP: "GET /queue HTTP/1.1" 200 -
2025-03-15 16:28:36,987 - INFO - HTTP: "GET /queue HTTP/1.1" 200 -
2025-03-15 16:28:37,673 - INFO - HTTP: "GET /queue HTTP/1.1" 200 -
2025-03-15 16:28:38,990 - INFO - HTTP: "GET /queue HTTP/1.1" 200 -
2025-03-15 16:28:39,682 - INFO - HTTP: "GET /queue HTTP/1.1" 200 -
2025-03-15 16:28:40,986 - INFO - HTTP: "GET /queue HTTP/1.1" 200 -
2025-03-15 16:28:41,018 - INFO - HTTP: "GET /next HTTP/1.1" 200 -
2025-03-15 16:28:41,253 - INFO - HTTP: "GET /queue HTTP/1.1" 200 -
2025-03-15 16:28:41,675 - INFO - HTTP: "GET /next HTTP/1.1" 200 -
2025-03-15 16:28:41,988 - INFO - HTTP: "GET /queue HTTP/1.1" 200 -
2025-03-15 16:28:42,678 - INFO - HTTP: "GET /next HTTP/1.1" 200 -
2025-03-15 16:28:42,987 - INFO - HTTP: "GET /queue HTTP/1.1" 200 -
2025-03-15 16:28:43,675 - INFO - HTTP: "GET /next HTTP/1.1" 200 -
2025-03-15 16:28:43,986 - INFO - HTTP: "GET /queue HTTP/1.1" 200 -
2025-03-15 16:28:44,687 - INFO - HTTP: "GET /next HTTP/1.1" 200 -
2025-03-15 16:28:45,000 - INFO - HTTP: "GET /queue HTTP/1.1" 200 -
2025-03-15 16:28:45,688 - INFO - HTTP: "GET /next HTTP/1.1" 200 -
2025-03-15 16:28:45,997 - INFO - HTTP: "GET /queue HTTP/1.1" 200 -
2025-03-15 16:28:46,685 - INFO - HTTP: "GET /next HTTP/1.1" 200 -
2025-03-15 16:28:46,998 - INFO - HTTP: "GET /queue HTTP/1.1" 200 -
2025-03-15 16:28:47,687 - INFO - HTTP: "GET /next HTTP/1.1" 200 -
2025-03-15 16:28:47,999 - INFO - HTTP: "GET /queue HTTP/1.1" 200 -
2025-03-15 16:28:48,676 - INFO - HTTP: "GET /next HTTP/1.1" 200 -
2025-03-15 16:28:48,995 - INFO - HTTP: "GET /queue HTTP/1.1" 200 -
2025-03-15 16:28:49,677 - INFO - HTTP: "GET /next HTTP/1.1" 200 -
2025-03-15 16:28:49,987 - INFO - HTTP: "GET /queue HTTP/1.1" 200 -
2025-03-15 16:28:50,677 - INFO - HTTP: "GET /next HTTP/1.1" 200 -
2025-03-15 16:28:50,986 - INFO - HTTP: "GET /queue HTTP/1.1" 200 -
2025-03-15 16:28:51,688 - INFO - HTTP: "GET /next HTTP/1.1" 200 -
2025-03-15 16:28:52,000 - INFO - HTTP: "GET /queue HTTP/1.1" 200 -
2025-03-15 16:28:52,694 - INFO - HTTP: "GET /next HTTP/1.1" 200 -
2025-03-15 16:28:53,010 - INFO - HTTP: "GET /queue HTTP/1.1" 200 -
2025-03-15 16:28:53,682 - INFO - HTTP: "GET /next HTTP/1.1" 200 -
2025-03-15 16:28:53,996 - INFO - HTTP: "GET /queue HTTP/1.1" 200 -
2025-03-15 16:28:54,678 - INFO - HTTP: "GET /next HTTP/1.1" 200 -
2025-03-15 16:28:54,988 - INFO - HTTP: "GET /queue HTTP/1.1" 200 -
2025-03-15 16:28:55,675 - INFO - HTTP: "GET /next HTTP/1.1" 200 -
2025-03-15 16:28:55,984 - INFO - HTTP: "GET /queue HTTP/1.1" 200 -
2025-03-15 16:28:56,688 - INFO - HTTP: "GET /next HTTP/1.1" 200 -
2025-03-15 16:28:57,000 - INFO - HTTP: "GET /queue HTTP/1.1" 200 -
2025-03-15 16:28:57,157 - INFO - Added to TTS queue: Okay, here's one:

Why don't scientists trust atom...
2025-03-15 16:28:57,685 - INFO - HTTP: "GET /next HTTP/1.1" 200 -
2025-03-15 16:28:58,009 - INFO - HTTP: "GET /queue HTTP/1.1" 200 -
2025-03-15 16:28:58,274 - INFO - HTTP: "GET /queue HTTP/1.1" 200 -
2025-03-15 16:28:58,676 - INFO - HTTP: "GET /queue HTTP/1.1" 200 -
2025-03-15 16:28:59,984 - INFO - HTTP: "GET /queue HTTP/1.1" 200 -
2025-03-15 16:29:00,677 - INFO - HTTP: "GET /queue HTTP/1.1" 200 -
2025-03-15 16:29:01,996 - INFO - HTTP: "GET /queue HTTP/1.1" 200 -
2025-03-15 16:29:02,674 - INFO - HTTP: "GET /queue HTTP/1.1" 200 -
2025-03-15 16:29:03,999 - INFO - HTTP: "GET /queue HTTP/1.1" 200 -
2025-03-15 16:29:04,687 - INFO - HTTP: "GET /queue HTTP/1.1" 200 -
2025-03-15 16:29:05,986 - INFO - HTTP: "GET /queue HTTP/1.1" 200 -
2025-03-15 16:29:06,675 - INFO - HTTP: "GET /queue HTTP/1.1" 200 -
2025-03-15 16:29:08,002 - INFO - HTTP: "GET /queue HTTP/1.1" 200 -
2025-03-15 16:29:08,678 - INFO - HTTP: "GET /queue HTTP/1.1" 200 -
2025-03-15 16:29:09,987 - INFO - HTTP: "GET /queue HTTP/1.1" 200 -
2025-03-15 16:29:10,679 - INFO - HTTP: "GET /queue HTTP/1.1" 200 -
2025-03-15 16:29:11,976 - INFO - HTTP: "GET /queue HTTP/1.1" 200 -
2025-03-15 16:29:12,678 - INFO - HTTP: "GET /queue HTTP/1.1" 200 -
2025-03-15 16:29:13,985 - INFO - HTTP: "GET /queue HTTP/1.1" 200 -
2025-03-15 16:29:14,675 - INFO - HTTP: "GET /queue HTTP/1.1" 200 -
2025-03-15 16:29:15,978 - INFO - HTTP: "GET /queue HTTP/1.1" 200 -
2025-03-15 16:29:16,625 - INFO - HTTP: "GET /next HTTP/1.1" 200 -
2025-03-15 16:29:16,963 - INFO - HTTP: "GET /queue HTTP/1.1" 200 -
2025-03-15 16:29:16,977 - INFO - HTTP: "GET /next HTTP/1.1" 200 -
2025-03-15 16:29:17,211 - INFO - HTTP: "GET /queue HTTP/1.1" 200 -
2025-03-15 16:29:17,681 - INFO - HTTP: "GET /next HTTP/1.1" 200 -
2025-03-15 16:29:17,990 - INFO - HTTP: "GET /queue HTTP/1.1" 200 -
2025-03-15 16:29:18,681 - INFO - HTTP: "GET /next HTTP/1.1" 200 -
2025-03-15 16:29:18,991 - INFO - HTTP: "GET /queue HTTP/1.1" 200 -
2025-03-15 16:29:19,683 - INFO - HTTP: "GET /next HTTP/1.1" 200 -
2025-03-15 16:29:19,992 - INFO - HTTP: "GET /queue HTTP/1.1" 200 -
2025-03-15 16:29:20,680 - INFO - HTTP: "GET /next HTTP/1.1" 200 -
2025-03-15 16:29:20,986 - INFO - HTTP: "GET /queue HTTP/1.1" 200 -
2025-03-15 16:29:21,687 - INFO - HTTP: "GET /next HTTP/1.1" 200 -
2025-03-15 16:29:21,994 - INFO - HTTP: "GET /queue HTTP/1.1" 200 -
2025-03-15 16:29:22,248 - INFO - Added to TTS queue: Alright, here's a classic dad joke:

Why did the s...
2025-03-15 16:29:22,678 - INFO - HTTP: "GET /next HTTP/1.1" 200 -
2025-03-15 16:29:23,021 - INFO - HTTP: "GET /queue HTTP/1.1" 200 -
2025-03-15 16:29:23,266 - INFO - HTTP: "GET /queue HTTP/1.1" 200 -
2025-03-15 16:29:23,675 - INFO - HTTP: "GET /queue HTTP/1.1" 200 -
2025-03-15 16:29:24,984 - INFO - HTTP: "GET /queue HTTP/1.1" 200 -
2025-03-15 16:29:25,688 - INFO - HTTP: "GET /queue HTTP/1.1" 200 -
2025-03-15 16:29:26,990 - INFO - HTTP: "GET /queue HTTP/1.1" 200 -
2025-03-15 16:29:27,677 - INFO - HTTP: "GET /queue HTTP/1.1" 200 -
2025-03-15 16:29:28,989 - INFO - HTTP: "GET /queue HTTP/1.1" 200 -
2025-03-15 16:29:29,676 - INFO - HTTP: "GET /queue HTTP/1.1" 200 -
2025-03-15 16:29:30,988 - INFO - HTTP: "GET /queue HTTP/1.1" 200 -
2025-03-15 16:29:31,581 - INFO - HTTP: "GET /next HTTP/1.1" 200 -
2025-03-15 16:29:31,893 - INFO - HTTP: "GET /queue HTTP/1.1" 200 -
2025-03-15 16:29:31,988 - INFO - HTTP: "GET /next HTTP/1.1" 200 -
2025-03-15 16:29:32,160 - INFO - HTTP: "GET /queue HTTP/1.1" 200 -
2025-03-15 16:29:32,679 - INFO - HTTP: "GET /next HTTP/1.1" 200 -
2025-03-15 16:29:32,991 - INFO - HTTP: "GET /queue HTTP/1.1" 200 -
2025-03-15 16:29:33,678 - INFO - HTTP: "GET /next HTTP/1.1" 200 -
2025-03-15 16:29:33,991 - INFO - HTTP: "GET /queue HTTP/1.1" 200 -
2025-03-15 16:29:34,675 - INFO - HTTP: "GET /next HTTP/1.1" 200 -
2025-03-15 16:29:34,985 - INFO - HTTP: "GET /queue HTTP/1.1" 200 -
2025-03-15 16:29:35,688 - INFO - HTTP: "GET /next HTTP/1.1" 200 -
2025-03-15 16:29:35,998 - INFO - HTTP: "GET /queue HTTP/1.1" 200 -
2025-03-15 16:29:36,687 - INFO - HTTP: "GET /next HTTP/1.1" 200 -
2025-03-15 16:29:36,997 - INFO - HTTP: "GET /queue HTTP/1.1" 200 -
2025-03-15 16:29:37,682 - INFO - HTTP: "GET /next HTTP/1.1" 200 -
2025-03-15 16:29:37,995 - INFO - HTTP: "GET /queue HTTP/1.1" 200 -
2025-03-15 16:29:38,682 - INFO - HTTP: "GET /next HTTP/1.1" 200 -
2025-03-15 16:29:38,993 - INFO - HTTP: "GET /queue HTTP/1.1" 200 -
2025-03-15 16:29:39,683 - INFO - HTTP: "GET /next HTTP/1.1" 200 -
2025-03-15 16:29:39,992 - INFO - HTTP: "GET /queue HTTP/1.1" 200 -
2025-03-15 16:29:40,683 - INFO - HTTP: "GET /next HTTP/1.1" 200 -
2025-03-15 16:29:40,997 - INFO - HTTP: "GET /queue HTTP/1.1" 200 -
2025-03-15 16:29:41,673 - INFO - HTTP: "GET /next HTTP/1.1" 200 -
2025-03-15 16:29:41,985 - INFO - HTTP: "GET /queue HTTP/1.1" 200 -
2025-03-15 16:29:42,690 - INFO - HTTP: "GET /next HTTP/1.1" 200 -
2025-03-15 16:29:42,998 - INFO - HTTP: "GET /queue HTTP/1.1" 200 -
2025-03-15 16:29:43,258 - INFO - Added to TTS queue: That's a tough one, as "best" is subjective! But h...
2025-03-15 16:29:43,688 - INFO - HTTP: "GET /next HTTP/1.1" 200 -
2025-03-15 16:29:44,016 - INFO - HTTP: "GET /queue HTTP/1.1" 200 -
2025-03-15 16:29:44,280 - INFO - HTTP: "GET /queue HTTP/1.1" 200 -
2025-03-15 16:29:44,687 - INFO - HTTP: "GET /queue HTTP/1.1" 200 -
2025-03-15 16:29:45,993 - INFO - HTTP: "GET /queue HTTP/1.1" 200 -
2025-03-15 16:29:46,682 - INFO - HTTP: "GET /queue HTTP/1.1" 200 -
2025-03-15 16:29:47,999 - INFO - HTTP: "GET /queue HTTP/1.1" 200 -
2025-03-15 16:29:48,685 - INFO - HTTP: "GET /queue HTTP/1.1" 200 -
2025-03-15 16:29:49,984 - INFO - HTTP: "GET /queue HTTP/1.1" 200 -
2025-03-15 16:29:50,687 - INFO - HTTP: "GET /queue HTTP/1.1" 200 -
2025-03-15 16:29:51,997 - INFO - HTTP: "GET /queue HTTP/1.1" 200 -
2025-03-15 16:29:52,672 - INFO - HTTP: "GET /queue HTTP/1.1" 200 -
2025-03-15 16:29:53,993 - INFO - HTTP: "GET /queue HTTP/1.1" 200 -
2025-03-15 16:29:54,677 - INFO - HTTP: "GET /queue HTTP/1.1" 200 -
2025-03-15 16:29:55,993 - INFO - HTTP: "GET /queue HTTP/1.1" 200 -
2025-03-15 16:29:56,672 - INFO - HTTP: "GET /queue HTTP/1.1" 200 -
2025-03-15 16:29:57,985 - INFO - HTTP: "GET /queue HTTP/1.1" 200 -
2025-03-15 16:29:58,679 - INFO - HTTP: "GET /queue HTTP/1.1" 200 -
2025-03-15 16:29:59,992 - INFO - HTTP: "GET /queue HTTP/1.1" 200 -
2025-03-15 16:30:00,676 - INFO - HTTP: "GET /queue HTTP/1.1" 200 -
2025-03-15 16:30:01,994 - INFO - HTTP: "GET /queue HTTP/1.1" 200 -
2025-03-15 16:30:02,672 - INFO - HTTP: "GET /queue HTTP/1.1" 200 -
2025-03-15 16:30:03,995 - INFO - HTTP: "GET /queue HTTP/1.1" 200 -
2025-03-15 16:30:04,685 - INFO - HTTP: "GET /queue HTTP/1.1" 200 -
2025-03-15 16:30:05,995 - INFO - HTTP: "GET /queue HTTP/1.1" 200 -
2025-03-15 16:30:06,672 - INFO - HTTP: "GET /queue HTTP/1.1" 200 -
2025-03-15 16:30:07,987 - INFO - HTTP: "GET /queue HTTP/1.1" 200 -
2025-03-15 16:30:08,680 - INFO - HTTP: "GET /queue HTTP/1.1" 200 -
2025-03-15 16:30:09,992 - INFO - HTTP: "GET /queue HTTP/1.1" 200 -
2025-03-15 16:30:10,675 - INFO - HTTP: "GET /queue HTTP/1.1" 200 -
2025-03-15 16:30:11,985 - INFO - HTTP: "GET /queue HTTP/1.1" 200 -
2025-03-15 16:30:12,673 - INFO - HTTP: "GET /queue HTTP/1.1" 200 -
2025-03-15 16:30:13,984 - INFO - HTTP: "GET /queue HTTP/1.1" 200 -
2025-03-15 16:30:14,675 - INFO - HTTP: "GET /queue HTTP/1.1" 200 -
2025-03-15 16:30:15,992 - INFO - HTTP: "GET /queue HTTP/1.1" 200 -
2025-03-15 16:30:16,677 - INFO - HTTP: "GET /queue HTTP/1.1" 200 -
2025-03-15 16:30:17,998 - INFO - HTTP: "GET /queue HTTP/1.1" 200 -
2025-03-15 16:30:18,683 - INFO - HTTP: "GET /queue HTTP/1.1" 200 -
2025-03-15 16:30:19,994 - INFO - HTTP: "GET /queue HTTP/1.1" 200 -
2025-03-15 16:30:20,682 - INFO - HTTP: "GET /queue HTTP/1.1" 200 -
2025-03-15 16:30:21,976 - INFO - HTTP: "GET /queue HTTP/1.1" 200 -
2025-03-15 16:30:22,672 - INFO - HTTP: "GET /queue HTTP/1.1" 200 -
2025-03-15 16:30:23,988 - INFO - HTTP: "GET /queue HTTP/1.1" 200 -
2025-03-15 16:30:24,674 - INFO - HTTP: "GET /queue HTTP/1.1" 200 -
2025-03-15 16:30:25,992 - INFO - HTTP: "GET /queue HTTP/1.1" 200 -
2025-03-15 16:30:26,676 - INFO - HTTP: "GET /queue HTTP/1.1" 200 -
2025-03-15 16:30:27,985 - INFO - HTTP: "GET /queue HTTP/1.1" 200 -
2025-03-15 16:30:28,668 - INFO - HTTP: "GET /queue HTTP/1.1" 200 -
2025-03-15 16:30:29,995 - INFO - HTTP: "GET /queue HTTP/1.1" 200 -
2025-03-15 16:30:30,679 - INFO - HTTP: "GET /queue HTTP/1.1" 200 -
2025-03-15 16:30:31,989 - INFO - HTTP: "GET /queue HTTP/1.1" 200 -
2025-03-15 16:30:32,685 - INFO - HTTP: "GET /queue HTTP/1.1" 200 -
2025-03-15 16:30:33,999 - INFO - HTTP: "GET /queue HTTP/1.1" 200 -
2025-03-15 16:30:34,688 - INFO - HTTP: "GET /queue HTTP/1.1" 200 -
2025-03-15 16:30:35,988 - INFO - HTTP: "GET /queue HTTP/1.1" 200 -
2025-03-15 16:30:36,674 - INFO - HTTP: "GET /queue HTTP/1.1" 200 -
2025-03-15 16:30:37,990 - INFO - HTTP: "GET /queue HTTP/1.1" 200 -
2025-03-15 16:30:38,678 - INFO - HTTP: "GET /queue HTTP/1.1" 200 -
2025-03-15 16:30:39,996 - INFO - HTTP: "GET /queue HTTP/1.1" 200 -
2025-03-15 16:30:40,685 - INFO - HTTP: "GET /queue HTTP/1.1" 200 -
2025-03-15 16:30:41,997 - INFO - HTTP: "GET /queue HTTP/1.1" 200 -
2025-03-15 16:30:42,671 - INFO - HTTP: "GET /queue HTTP/1.1" 200 -
2025-03-15 16:30:43,996 - INFO - HTTP: "GET /queue HTTP/1.1" 200 -
2025-03-15 16:30:44,672 - INFO - HTTP: "GET /queue HTTP/1.1" 200 -
2025-03-15 16:30:45,988 - INFO - HTTP: "GET /queue HTTP/1.1" 200 -
2025-03-15 16:30:46,682 - INFO - HTTP: "GET /queue HTTP/1.1" 200 -
2025-03-15 16:30:47,997 - INFO - HTTP: "GET /queue HTTP/1.1" 200 -
2025-03-15 16:30:48,684 - INFO - HTTP: "GET /queue HTTP/1.1" 200 -
2025-03-15 16:30:49,999 - INFO - HTTP: "GET /queue HTTP/1.1" 200 -
2025-03-15 16:30:50,672 - INFO - HTTP: "GET /queue HTTP/1.1" 200 -
2025-03-15 16:30:52,000 - INFO - HTTP: "GET /queue HTTP/1.1" 200 -
2025-03-15 16:30:52,674 - INFO - HTTP: "GET /queue HTTP/1.1" 200 -
2025-03-15 16:30:53,994 - INFO - HTTP: "GET /queue HTTP/1.1" 200 -
2025-03-15 16:30:54,684 - INFO - HTTP: "GET /queue HTTP/1.1" 200 -
2025-03-15 16:30:55,998 - INFO - HTTP: "GET /queue HTTP/1.1" 200 -
2025-03-15 16:30:56,680 - INFO - HTTP: "GET /queue HTTP/1.1" 200 -
2025-03-15 16:30:57,991 - INFO - HTTP: "GET /queue HTTP/1.1" 200 -
2025-03-15 16:30:58,679 - INFO - HTTP: "GET /queue HTTP/1.1" 200 -
2025-03-15 16:30:59,643 - INFO - Added to TTS queue: Okay, here's a basketball joke for you:

Why did t...
2025-03-15 16:30:59,992 - INFO - HTTP: "GET /queue HTTP/1.1" 200 -
2025-03-15 16:31:00,679 - INFO - HTTP: "GET /queue HTTP/1.1" 200 -
2025-03-15 16:31:01,990 - INFO - HTTP: "GET /queue HTTP/1.1" 200 -
2025-03-15 16:31:02,676 - INFO - HTTP: "GET /queue HTTP/1.1" 200 -
2025-03-15 16:31:03,767 - INFO - HTTP: "GET /next HTTP/1.1" 200 -
2025-03-15 16:31:04,028 - INFO - HTTP: "GET /queue HTTP/1.1" 200 -
2025-03-15 16:31:04,090 - INFO - HTTP: "GET /queue HTTP/1.1" 200 -
2025-03-15 16:31:04,682 - INFO - HTTP: "GET /queue HTTP/1.1" 200 -
2025-03-15 16:31:05,989 - INFO - HTTP: "GET /queue HTTP/1.1" 200 -
2025-03-15 16:31:06,675 - INFO - HTTP: "GET /queue HTTP/1.1" 200 -
2025-03-15 16:31:07,988 - INFO - HTTP: "GET /queue HTTP/1.1" 200 -
2025-03-15 16:31:08,675 - INFO - HTTP: "GET /queue HTTP/1.1" 200 -
2025-03-15 16:31:09,983 - INFO - HTTP: "GET /queue HTTP/1.1" 200 -
2025-03-15 16:31:10,687 - INFO - HTTP: "GET /queue HTTP/1.1" 200 -
2025-03-15 16:31:11,985 - INFO - HTTP: "GET /queue HTTP/1.1" 200 -
2025-03-15 16:31:12,676 - INFO - HTTP: "GET /queue HTTP/1.1" 200 -
2025-03-15 16:31:13,145 - INFO - HTTP: "GET /next HTTP/1.1" 200 -
2025-03-15 16:31:13,410 - INFO - HTTP: "GET /queue HTTP/1.1" 200 -
2025-03-15 16:31:13,676 - INFO - HTTP: "GET /next HTTP/1.1" 200 -
2025-03-15 16:31:13,990 - INFO - HTTP: "GET /queue HTTP/1.1" 200 -
2025-03-15 16:31:14,684 - INFO - HTTP: "GET /next HTTP/1.1" 200 -
2025-03-15 16:31:14,995 - INFO - HTTP: "GET /queue HTTP/1.1" 200 -
2025-03-15 16:31:15,684 - INFO - HTTP: "GET /next HTTP/1.1" 200 -
2025-03-15 16:31:15,995 - INFO - HTTP: "GET /queue HTTP/1.1" 200 -
2025-03-15 16:31:16,687 - INFO - HTTP: "GET /next HTTP/1.1" 200 -
2025-03-15 16:31:16,999 - INFO - HTTP: "GET /queue HTTP/1.1" 200 -
2025-03-15 16:31:17,686 - INFO - HTTP: "GET /next HTTP/1.1" 200 -
2025-03-15 16:31:17,998 - INFO - HTTP: "GET /queue HTTP/1.1" 200 -
2025-03-15 16:31:18,674 - INFO - HTTP: "GET /next HTTP/1.1" 200 -
2025-03-15 16:31:18,982 - INFO - HTTP: "GET /queue HTTP/1.1" 200 -
2025-03-15 16:31:19,675 - INFO - HTTP: "GET /next HTTP/1.1" 200 -
2025-03-15 16:31:19,986 - INFO - HTTP: "GET /queue HTTP/1.1" 200 -
2025-03-15 16:31:20,676 - INFO - HTTP: "GET /next HTTP/1.1" 200 -
2025-03-15 16:31:20,984 - INFO - HTTP: "GET /queue HTTP/1.1" 200 -
2025-03-15 16:31:21,680 - INFO - HTTP: "GET /next HTTP/1.1" 200 -
2025-03-15 16:31:21,992 - INFO - HTTP: "GET /queue HTTP/1.1" 200 -
2025-03-15 16:31:22,687 - INFO - HTTP: "GET /next HTTP/1.1" 200 -
2025-03-15 16:31:22,996 - INFO - HTTP: "GET /queue HTTP/1.1" 200 -
2025-03-15 16:31:23,682 - INFO - HTTP: "GET /next HTTP/1.1" 200 -
2025-03-15 16:31:23,994 - INFO - HTTP: "GET /queue HTTP/1.1" 200 -
2025-03-15 16:31:24,688 - INFO - HTTP: "GET /next HTTP/1.1" 200 -
2025-03-15 16:31:25,006 - INFO - HTTP: "GET /queue HTTP/1.1" 200 -
2025-03-15 16:31:25,674 - INFO - HTTP: "GET /next HTTP/1.1" 200 -
2025-03-15 16:31:25,966 - INFO - Added to TTS queue: That's a really subjective question! The "best" ra...
2025-03-15 16:31:25,999 - INFO - HTTP: "GET /queue HTTP/1.1" 200 -
2025-03-15 16:31:26,685 - INFO - HTTP: "GET /next HTTP/1.1" 200 -
2025-03-15 16:31:27,009 - INFO - HTTP: "GET /queue HTTP/1.1" 200 -
2025-03-15 16:31:27,256 - INFO - HTTP: "GET /queue HTTP/1.1" 200 -
2025-03-15 16:31:27,681 - INFO - HTTP: "GET /queue HTTP/1.1" 200 -
2025-03-15 16:31:28,997 - INFO - HTTP: "GET /queue HTTP/1.1" 200 -
2025-03-15 16:31:29,670 - INFO - HTTP: "GET /queue HTTP/1.1" 200 -
2025-03-15 16:31:30,997 - INFO - HTTP: "GET /queue HTTP/1.1" 200 -
2025-03-15 16:31:31,685 - INFO - HTTP: "GET /queue HTTP/1.1" 200 -
2025-03-15 16:31:32,991 - INFO - HTTP: "GET /queue HTTP/1.1" 200 -
2025-03-15 16:31:33,671 - INFO - HTTP: "GET /queue HTTP/1.1" 200 -
2025-03-15 16:31:34,993 - INFO - HTTP: "GET /queue HTTP/1.1" 200 -
2025-03-15 16:31:35,679 - INFO - HTTP: "GET /queue HTTP/1.1" 200 -
2025-03-15 16:31:37,003 - INFO - HTTP: "GET /queue HTTP/1.1" 200 -
2025-03-15 16:31:37,677 - INFO - HTTP: "GET /queue HTTP/1.1" 200 -
2025-03-15 16:31:38,987 - INFO - HTTP: "GET /queue HTTP/1.1" 200 -
2025-03-15 16:31:39,679 - INFO - HTTP: "GET /queue HTTP/1.1" 200 -
2025-03-15 16:31:40,991 - INFO - HTTP: "GET /queue HTTP/1.1" 200 -
2025-03-15 16:31:41,677 - INFO - HTTP: "GET /queue HTTP/1.1" 200 -
2025-03-15 16:31:42,993 - INFO - HTTP: "GET /queue HTTP/1.1" 200 -
2025-03-15 16:31:43,672 - INFO - HTTP: "GET /queue HTTP/1.1" 200 -
2025-03-15 16:31:44,983 - INFO - HTTP: "GET /queue HTTP/1.1" 200 -
2025-03-15 16:31:45,682 - INFO - HTTP: "GET /queue HTTP/1.1" 200 -
2025-03-15 16:31:46,994 - INFO - HTTP: "GET /queue HTTP/1.1" 200 -
2025-03-15 16:31:47,680 - INFO - HTTP: "GET /queue HTTP/1.1" 200 -
2025-03-15 16:31:48,980 - INFO - HTTP: "GET /queue HTTP/1.1" 200 -
2025-03-15 16:31:49,680 - INFO - HTTP: "GET /queue HTTP/1.1" 200 -
2025-03-15 16:31:50,989 - INFO - HTTP: "GET /queue HTTP/1.1" 200 -
2025-03-15 16:31:51,676 - INFO - HTTP: "GET /queue HTTP/1.1" 200 -
2025-03-15 16:31:52,983 - INFO - HTTP: "GET /queue HTTP/1.1" 200 -
2025-03-15 16:31:53,685 - INFO - HTTP: "GET /queue HTTP/1.1" 200 -
2025-03-15 16:31:54,993 - INFO - HTTP: "GET /queue HTTP/1.1" 200 -
2025-03-15 16:31:55,686 - INFO - HTTP: "GET /queue HTTP/1.1" 200 -
2025-03-15 16:31:56,995 - INFO - HTTP: "GET /queue HTTP/1.1" 200 -
2025-03-15 16:31:57,688 - INFO - HTTP: "GET /queue HTTP/1.1" 200 -
2025-03-15 16:31:58,986 - INFO - HTTP: "GET /queue HTTP/1.1" 200 -
2025-03-15 16:31:59,683 - INFO - HTTP: "GET /queue HTTP/1.1" 200 -
2025-03-15 16:32:00,986 - INFO - HTTP: "GET /queue HTTP/1.1" 200 -
2025-03-15 16:32:01,683 - INFO - HTTP: "GET /queue HTTP/1.1" 200 -
2025-03-15 16:32:02,989 - INFO - HTTP: "GET /queue HTTP/1.1" 200 -
2025-03-15 16:32:03,678 - INFO - HTTP: "GET /queue HTTP/1.1" 200 -
2025-03-15 16:32:04,989 - INFO - HTTP: "GET /queue HTTP/1.1" 200 -
2025-03-15 16:32:05,672 - INFO - HTTP: "GET /queue HTTP/1.1" 200 -
2025-03-15 16:32:06,996 - INFO - HTTP: "GET /queue HTTP/1.1" 200 -
2025-03-15 16:32:07,673 - INFO - HTTP: "GET /queue HTTP/1.1" 200 -
2025-03-15 16:32:08,994 - INFO - HTTP: "GET /queue HTTP/1.1" 200 -
2025-03-15 16:32:09,684 - INFO - HTTP: "GET /queue HTTP/1.1" 200 -
2025-03-15 16:32:10,981 - INFO - HTTP: "GET /queue HTTP/1.1" 200 -
2025-03-15 16:32:11,675 - INFO - HTTP: "GET /queue HTTP/1.1" 200 -
2025-03-15 16:32:12,989 - INFO - HTTP: "GET /queue HTTP/1.1" 200 -
2025-03-15 16:32:13,682 - INFO - HTTP: "GET /queue HTTP/1.1" 200 -
2025-03-15 16:32:14,996 - INFO - HTTP: "GET /queue HTTP/1.1" 200 -
2025-03-15 16:32:15,677 - INFO - HTTP: "GET /queue HTTP/1.1" 200 -
2025-03-15 16:32:17,001 - INFO - HTTP: "GET /queue HTTP/1.1" 200 -
2025-03-15 16:32:17,677 - INFO - HTTP: "GET /queue HTTP/1.1" 200 -
2025-03-15 16:32:18,987 - INFO - HTTP: "GET /queue HTTP/1.1" 200 -
2025-03-15 16:32:19,696 - INFO - HTTP: "GET /queue HTTP/1.1" 200 -
2025-03-15 16:32:20,992 - INFO - HTTP: "GET /queue HTTP/1.1" 200 -
2025-03-15 16:32:21,679 - INFO - HTTP: "GET /queue HTTP/1.1" 200 -
2025-03-15 16:32:22,995 - INFO - HTTP: "GET /queue HTTP/1.1" 200 -
2025-03-15 16:32:23,691 - INFO - HTTP: "GET /queue HTTP/1.1" 200 -
2025-03-15 16:32:24,988 - INFO - HTTP: "GET /queue HTTP/1.1" 200 -
2025-03-15 16:32:25,676 - INFO - HTTP: "GET /queue HTTP/1.1" 200 -
2025-03-15 16:32:26,985 - INFO - HTTP: "GET /queue HTTP/1.1" 200 -
2025-03-15 16:32:27,674 - INFO - HTTP: "GET /queue HTTP/1.1" 200 -
2025-03-15 16:32:28,991 - INFO - HTTP: "GET /queue HTTP/1.1" 200 -
2025-03-15 16:32:29,680 - INFO - HTTP: "GET /queue HTTP/1.1" 200 -
2025-03-15 16:32:30,985 - INFO - HTTP: "GET /queue HTTP/1.1" 200 -
2025-03-15 16:32:31,674 - INFO - HTTP: "GET /queue HTTP/1.1" 200 -
2025-03-15 16:32:33,001 - INFO - HTTP: "GET /queue HTTP/1.1" 200 -
2025-03-15 16:32:33,677 - INFO - HTTP: "GET /queue HTTP/1.1" 200 -
2025-03-15 16:32:35,002 - INFO - HTTP: "GET /queue HTTP/1.1" 200 -
2025-03-15 16:32:35,685 - INFO - HTTP: "GET /queue HTTP/1.1" 200 -
2025-03-15 16:32:37,000 - INFO - HTTP: "GET /queue HTTP/1.1" 200 -
2025-03-15 16:32:37,685 - INFO - HTTP: "GET /queue HTTP/1.1" 200 -
2025-03-15 16:32:38,994 - INFO - HTTP: "GET /queue HTTP/1.1" 200 -
2025-03-15 16:32:39,684 - INFO - HTTP: "GET /queue HTTP/1.1" 200 -
2025-03-15 16:32:40,993 - INFO - HTTP: "GET /queue HTTP/1.1" 200 -
2025-03-15 16:32:41,678 - INFO - HTTP: "GET /queue HTTP/1.1" 200 -
2025-03-15 16:32:42,990 - INFO - HTTP: "GET /queue HTTP/1.1" 200 -
2025-03-15 16:32:43,677 - INFO - HTTP: "GET /queue HTTP/1.1" 200 -
2025-03-15 16:32:44,984 - INFO - HTTP: "GET /queue HTTP/1.1" 200 -
2025-03-15 16:32:45,675 - INFO - HTTP: "GET /queue HTTP/1.1" 200 -
2025-03-15 16:32:46,983 - INFO - HTTP: "GET /queue HTTP/1.1" 200 -
2025-03-15 16:32:47,685 - INFO - HTTP: "GET /queue HTTP/1.1" 200 -
2025-03-15 16:32:48,993 - INFO - HTTP: "GET /queue HTTP/1.1" 200 -
2025-03-15 16:32:49,681 - INFO - HTTP: "GET /queue HTTP/1.1" 200 -
2025-03-15 16:32:50,337 - INFO - Added to TTS queue: Okay, I understand. I'll try to avoid using asteri...
2025-03-15 16:32:50,993 - INFO - HTTP: "GET /queue HTTP/1.1" 200 -
2025-03-15 16:32:51,681 - INFO - HTTP: "GET /queue HTTP/1.1" 200 -
2025-03-15 16:32:52,991 - INFO - HTTP: "GET /queue HTTP/1.1" 200 -
2025-03-15 16:32:53,682 - INFO - HTTP: "GET /queue HTTP/1.1" 200 -
2025-03-15 16:32:54,991 - INFO - HTTP: "GET /queue HTTP/1.1" 200 -
2025-03-15 16:32:55,681 - INFO - HTTP: "GET /queue HTTP/1.1" 200 -
2025-03-15 16:32:56,980 - INFO - HTTP: "GET /queue HTTP/1.1" 200 -
2025-03-15 16:32:57,685 - INFO - HTTP: "GET /queue HTTP/1.1" 200 -
2025-03-15 16:32:58,978 - INFO - HTTP: "GET /queue HTTP/1.1" 200 -
2025-03-15 16:32:59,672 - INFO - HTTP: "GET /queue HTTP/1.1" 200 -
2025-03-15 16:33:00,051 - INFO - HTTP: "DELETE /queue HTTP/1.1" 200 -
2025-03-15 16:33:00,306 - INFO - HTTP: "GET /queue HTTP/1.1" 200 -
2025-03-15 16:33:00,676 - INFO - HTTP: "GET /queue HTTP/1.1" 200 -
2025-03-15 16:33:01,992 - INFO - HTTP: "GET /queue HTTP/1.1" 200 -
2025-03-15 16:33:02,979 - INFO - HTTP: "GET /queue HTTP/1.1" 200 -
2025-03-15 16:33:03,245 - INFO - HTTP: "DELETE /queue HTTP/1.1" 200 -
2025-03-15 16:33:03,527 - INFO - HTTP: "GET /queue HTTP/1.1" 200 -
2025-03-15 16:33:03,685 - INFO - HTTP: "GET /queue HTTP/1.1" 200 -
2025-03-15 16:33:04,483 - INFO - HTTP: "GET /queue HTTP/1.1" 200 -
2025-03-15 16:33:04,737 - INFO - HTTP: "GET /queue HTTP/1.1" 200 -
2025-03-15 16:33:05,402 - INFO - HTTP: "GET /queue HTTP/1.1" 200 -
2025-03-15 16:33:05,979 - INFO - HTTP: "GET /queue HTTP/1.1" 200 -
2025-03-15 16:33:06,676 - INFO - HTTP: "GET /queue HTTP/1.1" 200 -
2025-03-15 16:33:07,992 - INFO - HTTP: "GET /queue HTTP/1.1" 200 -
2025-03-15 16:33:08,672 - INFO - HTTP: "GET /queue HTTP/1.1" 200 -
2025-03-15 16:33:10,001 - INFO - HTTP: "GET /queue HTTP/1.1" 200 -
2025-03-15 16:33:10,674 - INFO - HTTP: "GET /queue HTTP/1.1" 200 -
2025-03-15 16:33:11,999 - INFO - HTTP: "GET /queue HTTP/1.1" 200 -
2025-03-15 16:33:12,688 - INFO - HTTP: "GET /queue HTTP/1.1" 200 -
2025-03-15 16:33:13,993 - INFO - HTTP: "GET /queue HTTP/1.1" 200 -
2025-03-15 16:33:14,672 - INFO - HTTP: "GET /queue HTTP/1.1" 200 -
2025-03-15 16:33:15,993 - INFO - HTTP: "GET /queue HTTP/1.1" 200 -
2025-03-15 16:33:16,672 - INFO - HTTP: "GET /queue HTTP/1.1" 200 -
2025-03-15 16:33:17,989 - INFO - HTTP: "GET /queue HTTP/1.1" 200 -
2025-03-15 16:33:18,674 - INFO - HTTP: "GET /queue HTTP/1.1" 200 -
2025-03-15 16:33:19,998 - INFO - HTTP: "GET /queue HTTP/1.1" 200 -
2025-03-15 16:33:20,674 - INFO - HTTP: "GET /queue HTTP/1.1" 200 -
2025-03-15 16:33:21,981 - INFO - HTTP: "GET /queue HTTP/1.1" 200 -
2025-03-15 16:33:22,678 - INFO - HTTP: "GET /queue HTTP/1.1" 200 -
2025-03-15 16:33:23,993 - INFO - HTTP: "GET /queue HTTP/1.1" 200 -
2025-03-15 16:33:24,681 - INFO - HTTP: "GET /queue HTTP/1.1" 200 -
2025-03-15 16:33:25,998 - INFO - HTTP: "GET /queue HTTP/1.1" 200 -
2025-03-15 16:33:26,684 - INFO - HTTP: "GET /queue HTTP/1.1" 200 -
2025-03-15 16:33:27,993 - INFO - HTTP: "GET /queue HTTP/1.1" 200 -
2025-03-15 16:33:28,675 - INFO - HTTP: "GET /queue HTTP/1.1" 200 -
2025-03-15 16:33:52,125 - INFO - Settings loaded. Current voice: male_01.wav
2025-03-15 16:33:52,126 - INFO - Starting TTS player server...
2025-03-15 16:33:52,127 - INFO - TTS player server started on port 8765
2025-03-15 16:33:52,127 - INFO - Using voice: male_01.wav
2025-03-15 16:33:52,765 - INFO - TTS player opened in browser at http://localhost:8765
2025-03-15 16:33:52,767 - INFO - Added to TTS queue: Yes, I can read. I am trained on a massive dataset...
2025-03-15 16:33:53,215 - INFO - HTTP: "GET / HTTP/1.1" 200 -
2025-03-15 16:33:53,239 - INFO - HTTP: "GET /queue HTTP/1.1" 200 -
2025-03-15 16:33:53,480 - INFO - HTTP: "GET /voices HTTP/1.1" 200 -
2025-03-15 16:33:53,798 - INFO - HTTP: "GET /current-voice HTTP/1.1" 200 -
2025-03-15 16:33:54,245 - INFO - HTTP: "GET /next HTTP/1.1" 200 -
2025-03-15 16:33:54,563 - INFO - HTTP: "GET /queue HTTP/1.1" 200 -
2025-03-15 16:33:54,830 - INFO - HTTP: "GET /queue HTTP/1.1" 200 -
2025-03-15 16:33:55,243 - INFO - HTTP: "GET /queue HTTP/1.1" 200 -
2025-03-15 16:33:56,562 - INFO - HTTP: "GET /queue HTTP/1.1" 200 -
2025-03-15 16:33:57,250 - INFO - HTTP: "GET /queue HTTP/1.1" 200 -
2025-03-15 16:33:58,082 - INFO - HTTP: code 404, message File not found
2025-03-15 16:33:58,082 - INFO - HTTP: "GET /favicon.ico HTTP/1.1" 404 -
2025-03-15 16:33:58,250 - INFO - HTTP: "GET /queue HTTP/1.1" 200 -
2025-03-15 16:33:59,250 - INFO - HTTP: "GET /queue HTTP/1.1" 200 -
2025-03-15 16:34:00,548 - INFO - HTTP: "GET /queue HTTP/1.1" 200 -
2025-03-15 16:34:01,254 - INFO - HTTP: "GET /queue HTTP/1.1" 200 -
2025-03-15 16:34:02,570 - INFO - HTTP: "GET /queue HTTP/1.1" 200 -
2025-03-15 16:34:03,241 - INFO - HTTP: "GET /queue HTTP/1.1" 200 -
2025-03-15 16:34:04,551 - INFO - HTTP: "GET /queue HTTP/1.1" 200 -
2025-03-15 16:34:05,242 - INFO - HTTP: "GET /queue HTTP/1.1" 200 -
2025-03-15 16:34:06,548 - INFO - HTTP: "GET /queue HTTP/1.1" 200 -
2025-03-15 16:34:07,240 - INFO - HTTP: "GET /queue HTTP/1.1" 200 -
2025-03-15 16:34:08,563 - INFO - HTTP: "GET /queue HTTP/1.1" 200 -
2025-03-15 16:34:09,247 - INFO - HTTP: "GET /queue HTTP/1.1" 200 -
2025-03-15 16:34:10,557 - INFO - HTTP: "GET /queue HTTP/1.1" 200 -
2025-03-15 16:34:11,245 - INFO - HTTP: "GET /queue HTTP/1.1" 200 -
2025-03-15 16:34:12,548 - INFO - HTTP: "GET /queue HTTP/1.1" 200 -
2025-03-15 16:34:13,252 - INFO - HTTP: "GET /queue HTTP/1.1" 200 -
2025-03-15 16:34:14,562 - INFO - HTTP: "GET /queue HTTP/1.1" 200 -
2025-03-15 16:34:15,246 - INFO - HTTP: "GET /queue HTTP/1.1" 200 -
2025-03-15 16:34:16,559 - INFO - HTTP: "GET /queue HTTP/1.1" 200 -
2025-03-15 16:34:17,254 - INFO - HTTP: "GET /queue HTTP/1.1" 200 -
2025-03-15 16:34:18,565 - INFO - HTTP: "GET /queue HTTP/1.1" 200 -
2025-03-15 16:34:19,253 - INFO - HTTP: "GET /queue HTTP/1.1" 200 -
2025-03-15 16:34:20,565 - INFO - HTTP: "GET /queue HTTP/1.1" 200 -
2025-03-15 16:34:21,240 - INFO - HTTP: "GET /queue HTTP/1.1" 200 -
2025-03-15 16:34:22,554 - INFO - HTTP: "GET /queue HTTP/1.1" 200 -
2025-03-15 16:34:23,240 - INFO - HTTP: "GET /queue HTTP/1.1" 200 -
2025-03-15 16:34:24,551 - INFO - HTTP: "GET /queue HTTP/1.1" 200 -
2025-03-15 16:34:25,251 - INFO - HTTP: "GET /queue HTTP/1.1" 200 -
2025-03-15 16:34:26,553 - INFO - HTTP: "GET /queue HTTP/1.1" 200 -
2025-03-15 16:34:27,245 - INFO - HTTP: "GET /queue HTTP/1.1" 200 -
2025-03-15 16:34:28,559 - INFO - HTTP: "GET /queue HTTP/1.1" 200 -
2025-03-15 16:34:28,824 - INFO - HTTP: "GET /next HTTP/1.1" 200 -
2025-03-15 16:34:28,886 - INFO - HTTP: "GET /queue HTTP/1.1" 200 -
2025-03-15 16:34:29,247 - INFO - HTTP: "GET /next HTTP/1.1" 200 -
2025-03-15 16:34:29,559 - INFO - HTTP: "GET /queue HTTP/1.1" 200 -
2025-03-15 16:34:30,249 - INFO - HTTP: "GET /next HTTP/1.1" 200 -
2025-03-15 16:34:30,557 - INFO - HTTP: "GET /queue HTTP/1.1" 200 -
2025-03-15 16:34:31,244 - INFO - HTTP: "GET /next HTTP/1.1" 200 -
2025-03-15 16:34:31,556 - INFO - HTTP: "GET /queue HTTP/1.1" 200 -
2025-03-15 16:34:32,245 - INFO - HTTP: "GET /next HTTP/1.1" 200 -
2025-03-15 16:34:32,560 - INFO - HTTP: "GET /queue HTTP/1.1" 200 -
2025-03-15 16:34:33,245 - INFO - HTTP: "GET /next HTTP/1.1" 200 -
2025-03-15 16:34:33,558 - INFO - HTTP: "GET /queue HTTP/1.1" 200 -
2025-03-15 16:34:34,249 - INFO - HTTP: "GET /next HTTP/1.1" 200 -
2025-03-15 16:34:34,567 - INFO - HTTP: "GET /queue HTTP/1.1" 200 -
2025-03-17 00:12:32,217 - INFO - Settings loaded. Current voice: male_01.wav
2025-03-17 00:12:32,217 - INFO - Starting TTS player server...
2025-03-17 00:12:32,220 - INFO - TTS player server started on port 8765
2025-03-17 00:12:32,220 - INFO - Using voice: male_01.wav
2025-03-17 00:12:32,790 - INFO - TTS player opened in browser at http://localhost:8765
2025-03-17 00:12:33,143 - INFO - HTTP: "GET / HTTP/1.1" 200 -
2025-03-17 00:12:33,155 - INFO - HTTP: "GET /voices HTTP/1.1" 200 -
2025-03-17 00:12:33,410 - INFO - HTTP: "GET /queue HTTP/1.1" 200 -
2025-03-17 00:12:33,486 - INFO - HTTP: "GET /current-voice HTTP/1.1" 200 -
2025-03-17 00:12:33,517 - INFO - HTTP: code 404, message File not found
2025-03-17 00:12:33,517 - INFO - HTTP: "GET /favicon.ico HTTP/1.1" 404 -
2025-03-17 00:12:34,467 - INFO - HTTP: "GET /next HTTP/1.1" 200 -
2025-03-17 00:12:34,731 - INFO - HTTP: "GET /queue HTTP/1.1" 200 -
2025-03-17 00:12:34,778 - INFO - HTTP: "GET /queue HTTP/1.1" 200 -
2025-03-17 00:12:35,170 - INFO - HTTP: "GET /queue HTTP/1.1" 200 -
2025-03-17 00:12:36,480 - INFO - HTTP: "GET /queue HTTP/1.1" 200 -
2025-03-17 00:12:37,166 - INFO - HTTP: "GET /queue HTTP/1.1" 200 -
2025-03-17 00:12:38,476 - INFO - HTTP: "GET /queue HTTP/1.1" 200 -
2025-03-17 00:12:39,163 - INFO - HTTP: "GET /queue HTTP/1.1" 200 -
2025-03-17 00:12:40,473 - INFO - HTTP: "GET /queue HTTP/1.1" 200 -
2025-03-17 00:12:41,158 - INFO - HTTP: "GET /queue HTTP/1.1" 200 -
2025-03-17 01:08:50,702 - INFO - Settings loaded. Current voice: male_01.wav
2025-03-17 01:08:50,702 - INFO - Starting TTS player server...
2025-03-17 01:08:50,702 - INFO - TTS player server started on port 8765
2025-03-17 01:08:50,702 - INFO - Using voice: male_01.wav
2025-03-17 01:08:51,258 - INFO - TTS player opened in browser at http://localhost:8765
2025-03-17 01:08:51,612 - INFO - HTTP: "GET / HTTP/1.1" 200 -
2025-03-17 01:08:51,623 - INFO - HTTP: "GET /voices HTTP/1.1" 200 -
2025-03-17 01:08:51,877 - INFO - HTTP: "GET /queue HTTP/1.1" 200 -
2025-03-17 01:08:51,955 - INFO - HTTP: "GET /current-voice HTTP/1.1" 200 -
2025-03-17 01:08:52,935 - INFO - HTTP: "GET /next HTTP/1.1" 200 -
2025-03-17 01:08:53,198 - INFO - HTTP: "GET /queue HTTP/1.1" 200 -
2025-03-17 01:08:53,246 - INFO - HTTP: "GET /queue HTTP/1.1" 200 -
2025-03-17 01:08:53,624 - INFO - HTTP: "GET /queue HTTP/1.1" 200 -
2025-03-17 01:08:54,943 - INFO - HTTP: "GET /queue HTTP/1.1" 200 -
2025-03-17 01:08:55,632 - INFO - HTTP: "GET /queue HTTP/1.1" 200 -
2025-03-17 01:08:56,942 - INFO - HTTP: "GET /queue HTTP/1.1" 200 -
2025-03-17 01:08:57,191 - INFO - HTTP: code 404, message File not found
2025-03-17 01:08:57,191 - INFO - HTTP: "GET /favicon.ico HTTP/1.1" 404 -
2025-03-17 01:08:57,629 - INFO - HTTP: "GET /queue HTTP/1.1" 200 -
2025-03-17 01:08:58,035 - INFO - HTTP: "GET /next HTTP/1.1" 200 -
2025-03-17 01:08:58,298 - INFO - HTTP: "GET /queue HTTP/1.1" 200 -
2025-03-17 01:08:58,625 - INFO - HTTP: "GET /next HTTP/1.1" 200 -
2025-03-17 01:08:58,939 - INFO - HTTP: "GET /queue HTTP/1.1" 200 -
2025-03-17 01:08:59,639 - INFO - HTTP: "GET /next HTTP/1.1" 200 -
2025-03-17 01:08:59,947 - INFO - HTTP: "GET /queue HTTP/1.1" 200 -
2025-03-17 01:09:00,632 - INFO - HTTP: "GET /queue HTTP/1.1" 200 -
2025-03-17 01:09:01,642 - INFO - HTTP: "GET /next HTTP/1.1" 200 -
2025-03-17 01:09:01,906 - INFO - HTTP: "GET /queue HTTP/1.1" 200 -
2025-03-17 01:09:02,626 - INFO - HTTP: "GET /next HTTP/1.1" 200 -
2025-03-17 01:09:02,937 - INFO - HTTP: "GET /queue HTTP/1.1" 200 -
2025-03-17 01:09:03,628 - INFO - HTTP: "GET /next HTTP/1.1" 200 -
2025-03-17 01:09:03,935 - INFO - HTTP: "GET /queue HTTP/1.1" 200 -
2025-03-17 01:09:04,635 - INFO - HTTP: "GET /next HTTP/1.1" 200 -
2025-03-17 01:09:04,946 - INFO - HTTP: "GET /queue HTTP/1.1" 200 -
2025-03-17 01:09:05,636 - INFO - HTTP: "GET /next HTTP/1.1" 200 -
2025-03-17 01:09:05,948 - INFO - HTTP: "GET /queue HTTP/1.1" 200 -
2025-03-17 01:09:06,633 - INFO - HTTP: "GET /next HTTP/1.1" 200 -
2025-03-17 01:09:06,944 - INFO - HTTP: "GET /queue HTTP/1.1" 200 -
2025-03-17 01:09:07,631 - INFO - HTTP: "GET /next HTTP/1.1" 200 -
2025-03-17 01:09:07,941 - INFO - HTTP: "GET /queue HTTP/1.1" 200 -
2025-03-17 01:09:08,625 - INFO - HTTP: "GET /next HTTP/1.1" 200 -
2025-03-17 01:09:08,938 - INFO - HTTP: "GET /queue HTTP/1.1" 200 -
2025-03-17 01:09:09,625 - INFO - HTTP: "GET /next HTTP/1.1" 200 -
2025-03-17 01:09:09,937 - INFO - HTTP: "GET /queue HTTP/1.1" 200 -
2025-03-17 01:09:10,625 - INFO - HTTP: "GET /next HTTP/1.1" 200 -
2025-03-17 01:09:10,936 - INFO - HTTP: "GET /queue HTTP/1.1" 200 -
2025-03-17 01:09:11,638 - INFO - HTTP: "GET /queue HTTP/1.1" 200 -
2025-03-17 01:09:12,665 - INFO - HTTP: "GET /next HTTP/1.1" 200 -
2025-03-17 01:09:12,930 - INFO - HTTP: "GET /queue HTTP/1.1" 200 -
2025-03-17 01:09:13,625 - INFO - HTTP: "GET /next HTTP/1.1" 200 -
2025-03-17 01:09:13,940 - INFO - HTTP: "GET /queue HTTP/1.1" 200 -
2025-03-17 01:09:14,631 - INFO - HTTP: "GET /next HTTP/1.1" 200 -
2025-03-17 01:09:14,939 - INFO - HTTP: "GET /queue HTTP/1.1" 200 -
2025-03-17 01:09:15,625 - INFO - HTTP: "GET /next HTTP/1.1" 200 -
2025-03-17 01:09:15,937 - INFO - HTTP: "GET /queue HTTP/1.1" 200 -
2025-03-17 01:09:16,624 - INFO - HTTP: "GET /next HTTP/1.1" 200 -
2025-03-17 01:09:16,936 - INFO - HTTP: "GET /queue HTTP/1.1" 200 -
2025-03-17 01:09:17,637 - INFO - HTTP: "GET /next HTTP/1.1" 200 -
2025-03-17 01:09:17,951 - INFO - HTTP: "GET /queue HTTP/1.1" 200 -
2025-03-17 01:09:18,625 - INFO - HTTP: "GET /next HTTP/1.1" 200 -
2025-03-17 01:09:18,936 - INFO - HTTP: "GET /queue HTTP/1.1" 200 -
2025-03-17 01:09:19,624 - INFO - HTTP: "GET /next HTTP/1.1" 200 -
2025-03-17 01:09:19,934 - INFO - HTTP: "GET /queue HTTP/1.1" 200 -
2025-03-17 01:10:29,877 - INFO - HTTP: "GET / HTTP/1.1" 200 -
2025-03-17 01:10:30,111 - INFO - HTTP: "GET /voices HTTP/1.1" 200 -
2025-03-17 01:10:30,143 - INFO - HTTP: "GET /queue HTTP/1.1" 200 -
2025-03-17 01:10:30,205 - INFO - HTTP: "GET /current-voice HTTP/1.1" 200 -
2025-03-17 01:10:30,904 - INFO - HTTP: "GET /next HTTP/1.1" 200 -
2025-03-17 01:10:31,217 - INFO - HTTP: "GET /queue HTTP/1.1" 200 -
2025-03-17 01:10:31,482 - INFO - HTTP: "GET /queue HTTP/1.1" 200 -
2025-03-17 01:10:31,900 - INFO - HTTP: "GET /queue HTTP/1.1" 200 -
2025-03-17 01:14:20,015 - INFO - Settings loaded. Current voice: male_01.wav
2025-03-17 01:14:20,015 - INFO - Starting TTS player server...
2025-03-17 01:14:20,016 - INFO - TTS player server started on port 8765
2025-03-17 01:14:20,016 - INFO - Using voice: male_01.wav
2025-03-17 01:14:20,564 - INFO - TTS player opened in browser at http://localhost:8765
2025-03-17 01:14:20,910 - INFO - HTTP: "GET / HTTP/1.1" 200 -
2025-03-17 01:14:20,921 - INFO - HTTP: "GET /voices HTTP/1.1" 200 -
2025-03-17 01:14:21,174 - INFO - HTTP: "GET /queue HTTP/1.1" 200 -
2025-03-17 01:14:21,250 - INFO - HTTP: "GET /current-voice HTTP/1.1" 200 -
2025-03-17 01:14:22,232 - INFO - HTTP: "GET /next HTTP/1.1" 200 -
2025-03-17 01:14:22,499 - INFO - HTTP: "GET /queue HTTP/1.1" 200 -
2025-03-17 01:14:22,546 - INFO - HTTP: "GET /queue HTTP/1.1" 200 -
2025-03-17 01:14:22,935 - INFO - HTTP: "GET /queue HTTP/1.1" 200 -
2025-03-17 01:14:24,242 - INFO - HTTP: "GET /queue HTTP/1.1" 200 -
2025-03-17 01:14:24,930 - INFO - HTTP: "GET /queue HTTP/1.1" 200 -
2025-03-17 01:14:26,224 - INFO - HTTP: "GET /queue HTTP/1.1" 200 -
2025-03-17 01:14:26,921 - INFO - HTTP: "GET /queue HTTP/1.1" 200 -
2025-03-17 01:14:28,238 - INFO - HTTP: "GET /queue HTTP/1.1" 200 -
2025-03-17 01:14:28,924 - INFO - HTTP: "GET /queue HTTP/1.1" 200 -
2025-03-17 01:14:30,224 - INFO - HTTP: "GET /queue HTTP/1.1" 200 -
2025-03-17 01:14:30,926 - INFO - HTTP: "GET /queue HTTP/1.1" 200 -
2025-03-17 01:14:32,239 - INFO - HTTP: "GET /queue HTTP/1.1" 200 -
2025-03-17 01:14:32,927 - INFO - HTTP: "GET /queue HTTP/1.1" 200 -
2025-03-17 01:14:34,241 - INFO - HTTP: "GET /queue HTTP/1.1" 200 -
2025-03-17 01:14:34,929 - INFO - HTTP: "GET /queue HTTP/1.1" 200 -
2025-03-17 01:14:36,239 - INFO - HTTP: "GET /queue HTTP/1.1" 200 -
2025-03-17 01:14:36,928 - INFO - HTTP: "GET /queue HTTP/1.1" 200 -
2025-03-17 01:14:38,237 - INFO - HTTP: "GET /queue HTTP/1.1" 200 -
2025-03-17 01:14:38,924 - INFO - HTTP: "GET /queue HTTP/1.1" 200 -
2025-03-17 01:14:40,233 - INFO - HTTP: "GET /queue HTTP/1.1" 200 -
2025-03-17 01:14:40,933 - INFO - HTTP: "GET /queue HTTP/1.1" 200 -
2025-03-17 01:14:42,245 - INFO - HTTP: "GET /queue HTTP/1.1" 200 -
2025-03-17 01:14:42,935 - INFO - HTTP: "GET /queue HTTP/1.1" 200 -
2025-03-17 01:14:44,248 - INFO - HTTP: "GET /queue HTTP/1.1" 200 -
2025-03-17 01:14:44,935 - INFO - HTTP: "GET /queue HTTP/1.1" 200 -
2025-03-17 01:14:46,245 - INFO - HTTP: "GET /queue HTTP/1.1" 200 -
2025-03-17 01:14:46,933 - INFO - HTTP: "GET /queue HTTP/1.1" 200 -
2025-03-17 01:14:48,243 - INFO - HTTP: "GET /queue HTTP/1.1" 200 -
2025-03-17 01:14:48,934 - INFO - HTTP: "GET /queue HTTP/1.1" 200 -
2025-03-17 01:14:50,234 - INFO - HTTP: "GET /queue HTTP/1.1" 200 -
2025-03-17 01:14:50,924 - INFO - HTTP: "GET /queue HTTP/1.1" 200 -
2025-03-17 01:14:52,238 - INFO - HTTP: "GET /queue HTTP/1.1" 200 -
2025-03-17 01:14:52,925 - INFO - HTTP: "GET /queue HTTP/1.1" 200 -
2025-03-17 01:14:54,235 - INFO - HTTP: "GET /queue HTTP/1.1" 200 -
2025-03-17 01:14:54,934 - INFO - HTTP: "GET /queue HTTP/1.1" 200 -
2025-03-17 01:14:56,246 - INFO - HTTP: "GET /queue HTTP/1.1" 200 -
2025-03-17 01:14:56,936 - INFO - HTTP: "GET /queue HTTP/1.1" 200 -
2025-03-17 01:14:58,234 - INFO - HTTP: "GET /queue HTTP/1.1" 200 -
2025-03-17 01:14:58,925 - INFO - HTTP: "GET /queue HTTP/1.1" 200 -
2025-03-17 01:15:00,239 - INFO - HTTP: "GET /queue HTTP/1.1" 200 -
2025-03-17 01:15:00,926 - INFO - HTTP: "GET /queue HTTP/1.1" 200 -
2025-03-17 01:15:02,235 - INFO - HTTP: "GET /queue HTTP/1.1" 200 -
2025-03-17 01:15:02,937 - INFO - HTTP: "GET /queue HTTP/1.1" 200 -
2025-03-17 01:15:04,244 - INFO - HTTP: "GET /queue HTTP/1.1" 200 -
2025-03-17 01:15:05,680 - INFO - HTTP: "GET /queue HTTP/1.1" 200 -
2025-03-17 01:15:06,985 - INFO - HTTP: "GET /queue HTTP/1.1" 200 -
2025-03-17 01:15:07,685 - INFO - HTTP: "GET /queue HTTP/1.1" 200 -
2025-03-17 01:15:08,996 - INFO - HTTP: "GET /queue HTTP/1.1" 200 -
2025-03-17 01:15:09,682 - INFO - HTTP: "GET /queue HTTP/1.1" 200 -
2025-03-17 01:15:10,993 - INFO - HTTP: "GET /queue HTTP/1.1" 200 -
2025-03-17 01:15:11,676 - INFO - HTTP: "GET /queue HTTP/1.1" 200 -
2025-03-17 01:15:12,983 - INFO - HTTP: "GET /queue HTTP/1.1" 200 -
2025-03-17 01:15:13,671 - INFO - HTTP: "GET /queue HTTP/1.1" 200 -
2025-03-17 01:15:14,993 - INFO - HTTP: "GET /queue HTTP/1.1" 200 -
2025-03-17 01:15:15,681 - INFO - HTTP: "GET /queue HTTP/1.1" 200 -
2025-03-17 01:15:16,989 - INFO - HTTP: "GET /queue HTTP/1.1" 200 -
2025-03-17 01:15:17,675 - INFO - HTTP: "GET /queue HTTP/1.1" 200 -
2025-03-17 01:15:18,983 - INFO - HTTP: "GET /queue HTTP/1.1" 200 -
2025-03-17 01:15:19,673 - INFO - HTTP: "GET /queue HTTP/1.1" 200 -
2025-03-17 01:15:20,994 - INFO - HTTP: "GET /queue HTTP/1.1" 200 -
2025-03-17 01:15:21,680 - INFO - HTTP: "GET /queue HTTP/1.1" 200 -
2025-03-17 01:15:22,990 - INFO - HTTP: "GET /queue HTTP/1.1" 200 -
2025-03-17 01:15:23,680 - INFO - HTTP: "GET /queue HTTP/1.1" 200 -
2025-03-17 01:15:24,995 - INFO - HTTP: "GET /queue HTTP/1.1" 200 -
2025-03-17 01:15:25,679 - INFO - HTTP: "GET /queue HTTP/1.1" 200 -
2025-03-17 01:15:26,991 - INFO - HTTP: "GET /queue HTTP/1.1" 200 -
2025-03-17 01:15:27,678 - INFO - HTTP: "GET /queue HTTP/1.1" 200 -
2025-03-17 01:15:28,984 - INFO - HTTP: "GET /queue HTTP/1.1" 200 -
2025-03-17 01:15:29,673 - INFO - HTTP: "GET /queue HTTP/1.1" 200 -
2025-03-17 01:15:30,982 - INFO - HTTP: "GET /queue HTTP/1.1" 200 -
2025-03-17 01:15:31,674 - INFO - HTTP: "GET /queue HTTP/1.1" 200 -
2025-03-17 01:15:32,980 - INFO - HTTP: "GET /queue HTTP/1.1" 200 -
2025-03-17 01:15:33,681 - INFO - HTTP: "GET /queue HTTP/1.1" 200 -
2025-03-17 01:15:34,992 - INFO - HTTP: "GET /queue HTTP/1.1" 200 -
2025-03-17 01:15:35,678 - INFO - HTTP: "GET /queue HTTP/1.1" 200 -
2025-03-17 01:15:36,987 - INFO - HTTP: "GET /queue HTTP/1.1" 200 -
2025-03-17 01:15:37,671 - INFO - HTTP: "GET /queue HTTP/1.1" 200 -
2025-03-17 01:15:38,994 - INFO - HTTP: "GET /queue HTTP/1.1" 200 -
2025-03-17 01:15:39,680 - INFO - HTTP: "GET /queue HTTP/1.1" 200 -
2025-03-17 01:15:40,983 - INFO - HTTP: "GET /queue HTTP/1.1" 200 -
2025-03-17 01:15:41,671 - INFO - HTTP: "GET /queue HTTP/1.1" 200 -
2025-03-17 01:15:42,993 - INFO - HTTP: "GET /queue HTTP/1.1" 200 -
2025-03-17 01:15:43,679 - INFO - HTTP: "GET /queue HTTP/1.1" 200 -
2025-03-17 01:15:44,991 - INFO - HTTP: "GET /queue HTTP/1.1" 200 -
2025-03-17 01:15:45,678 - INFO - HTTP: "GET /queue HTTP/1.1" 200 -
2025-03-17 01:15:46,990 - INFO - HTTP: "GET /queue HTTP/1.1" 200 -
2025-03-17 01:15:47,676 - INFO - HTTP: "GET /queue HTTP/1.1" 200 -
2025-03-17 01:15:48,986 - INFO - HTTP: "GET /queue HTTP/1.1" 200 -
2025-03-17 01:15:49,671 - INFO - HTTP: "GET /queue HTTP/1.1" 200 -
2025-03-17 01:15:50,995 - INFO - HTTP: "GET /queue HTTP/1.1" 200 -
2025-03-17 01:15:51,684 - INFO - HTTP: "GET /queue HTTP/1.1" 200 -
2025-03-17 01:15:52,994 - INFO - HTTP: "GET /queue HTTP/1.1" 200 -
2025-03-17 01:15:53,679 - INFO - HTTP: "GET /queue HTTP/1.1" 200 -
2025-03-17 01:15:54,987 - INFO - HTTP: "GET /queue HTTP/1.1" 200 -
2025-03-17 01:15:55,673 - INFO - HTTP: "GET /queue HTTP/1.1" 200 -
2025-03-17 01:15:56,995 - INFO - HTTP: "GET /queue HTTP/1.1" 200 -
2025-03-17 01:15:57,684 - INFO - HTTP: "GET /queue HTTP/1.1" 200 -
2025-03-17 01:15:58,995 - INFO - HTTP: "GET /queue HTTP/1.1" 200 -
2025-03-17 01:15:59,681 - INFO - HTTP: "GET /queue HTTP/1.1" 200 -
2025-03-17 01:16:00,989 - INFO - HTTP: "GET /queue HTTP/1.1" 200 -
2025-03-17 01:16:01,675 - INFO - HTTP: "GET /queue HTTP/1.1" 200 -
2025-03-17 01:16:02,989 - INFO - HTTP: "GET /queue HTTP/1.1" 200 -
2025-03-17 01:16:03,676 - INFO - HTTP: "GET /queue HTTP/1.1" 200 -
2025-03-17 01:42:07,443 - INFO - Settings loaded. Current voice: male_01.wav
2025-03-17 01:42:07,443 - INFO - Starting TTS player server...
2025-03-17 01:42:07,443 - INFO - TTS player server started on port 8765
2025-03-17 01:42:07,443 - INFO - Using voice: male_01.wav
2025-03-17 01:42:08,003 - INFO - TTS player opened in browser at http://localhost:8765
2025-03-17 01:42:08,005 - INFO - Added to TTS queue: Hey there! How can I help you today?

2025-03-17 01:42:08,371 - INFO - HTTP: "GET / HTTP/1.1" 200 -
2025-03-17 01:42:08,382 - INFO - HTTP: "GET /queue HTTP/1.1" 200 -
2025-03-17 01:42:08,635 - INFO - HTTP: "GET /voices HTTP/1.1" 200 -
2025-03-17 01:42:08,945 - INFO - HTTP: "GET /current-voice HTTP/1.1" 200 -
2025-03-17 01:42:09,383 - INFO - HTTP: "GET /next HTTP/1.1" 200 -
2025-03-17 01:42:09,695 - INFO - HTTP: "GET /queue HTTP/1.1" 200 -
2025-03-17 01:42:09,961 - INFO - HTTP: "GET /queue HTTP/1.1" 200 -
2025-03-17 01:42:10,396 - INFO - HTTP: "GET /queue HTTP/1.1" 200 -
2025-03-17 01:42:11,701 - INFO - HTTP: "GET /queue HTTP/1.1" 200 -
2025-03-17 01:42:12,392 - INFO - HTTP: "GET /queue HTTP/1.1" 200 -
2025-03-17 01:42:13,479 - INFO - HTTP: code 404, message File not found
2025-03-17 01:42:13,479 - INFO - HTTP: "GET /favicon.ico HTTP/1.1" 404 -
2025-03-17 01:42:13,692 - INFO - HTTP: "GET /queue HTTP/1.1" 200 -
2025-03-17 01:42:14,026 - INFO - HTTP: "GET /next HTTP/1.1" 200 -
2025-03-17 01:42:14,340 - INFO - HTTP: "GET /queue HTTP/1.1" 200 -
2025-03-17 01:42:14,598 - INFO - HTTP: "GET /queue HTTP/1.1" 200 -
2025-03-17 01:42:14,651 - INFO - HTTP: "GET /queue HTTP/1.1" 200 -
2025-03-17 01:42:15,382 - INFO - HTTP: "GET /queue HTTP/1.1" 200 -
2025-03-17 01:42:16,696 - INFO - HTTP: "GET /queue HTTP/1.1" 200 -
2025-03-17 01:42:17,383 - INFO - HTTP: "GET /queue HTTP/1.1" 200 -
2025-03-17 01:42:17,917 - INFO - HTTP: "GET /next HTTP/1.1" 200 -
2025-03-17 01:42:18,173 - INFO - HTTP: "GET /queue HTTP/1.1" 200 -
2025-03-17 01:42:18,383 - INFO - HTTP: "GET /next HTTP/1.1" 200 -
2025-03-17 01:42:18,687 - INFO - HTTP: "GET /queue HTTP/1.1" 200 -
2025-03-17 01:42:19,390 - INFO - HTTP: "GET /next HTTP/1.1" 200 -
2025-03-17 01:42:19,701 - INFO - HTTP: "GET /queue HTTP/1.1" 200 -
2025-03-17 01:42:20,387 - INFO - HTTP: "GET /next HTTP/1.1" 200 -
2025-03-17 01:42:20,698 - INFO - HTTP: "GET /queue HTTP/1.1" 200 -
2025-03-17 01:42:21,383 - INFO - HTTP: "GET /next HTTP/1.1" 200 -
2025-03-17 01:42:21,695 - INFO - HTTP: "GET /queue HTTP/1.1" 200 -
2025-03-17 01:42:22,386 - INFO - HTTP: "GET /next HTTP/1.1" 200 -
2025-03-17 01:42:22,707 - INFO - HTTP: "GET /queue HTTP/1.1" 200 -
2025-03-17 01:42:23,079 - INFO - Added to TTS queue: Okay, switching back now.

2025-03-17 01:42:23,385 - INFO - HTTP: "GET /next HTTP/1.1" 200 -
2025-03-17 01:42:23,711 - INFO - HTTP: "GET /queue HTTP/1.1" 200 -
2025-03-17 01:42:23,966 - INFO - HTTP: "GET /queue HTTP/1.1" 200 -
2025-03-17 01:42:24,386 - INFO - HTTP: "GET /queue HTTP/1.1" 200 -
2025-03-17 01:42:25,706 - INFO - HTTP: "GET /queue HTTP/1.1" 200 -
2025-03-17 01:42:26,386 - INFO - HTTP: "GET /queue HTTP/1.1" 200 -
2025-03-17 01:42:27,303 - INFO - HTTP: "GET /next HTTP/1.1" 200 -
2025-03-17 01:42:27,568 - INFO - HTTP: "GET /queue HTTP/1.1" 200 -
2025-03-17 01:42:27,620 - INFO - HTTP: "GET /next HTTP/1.1" 200 -
2025-03-17 01:42:27,684 - INFO - HTTP: "GET /queue HTTP/1.1" 200 -
2025-03-17 01:42:28,398 - INFO - HTTP: "GET /next HTTP/1.1" 200 -
2025-03-17 01:42:28,707 - INFO - HTTP: "GET /queue HTTP/1.1" 200 -
2025-03-17 01:42:29,393 - INFO - HTTP: "GET /next HTTP/1.1" 200 -
2025-03-17 01:42:29,705 - INFO - HTTP: "GET /queue HTTP/1.1" 200 -
2025-03-17 01:42:30,383 - INFO - HTTP: "GET /next HTTP/1.1" 200 -
2025-03-17 01:42:30,688 - INFO - HTTP: "GET /queue HTTP/1.1" 200 -
2025-03-17 01:42:31,396 - INFO - HTTP: "GET /next HTTP/1.1" 200 -
2025-03-17 01:42:31,701 - INFO - HTTP: "GET /queue HTTP/1.1" 200 -
2025-03-17 01:42:32,398 - INFO - HTTP: "GET /next HTTP/1.1" 200 -
2025-03-17 01:42:32,710 - INFO - HTTP: "GET /queue HTTP/1.1" 200 -
2025-03-17 01:42:33,393 - INFO - HTTP: "GET /next HTTP/1.1" 200 -
2025-03-17 01:42:33,704 - INFO - HTTP: "GET /queue HTTP/1.1" 200 -
2025-03-17 01:42:34,392 - INFO - HTTP: "GET /next HTTP/1.1" 200 -
2025-03-17 01:42:34,702 - INFO - HTTP: "GET /queue HTTP/1.1" 200 -
2025-03-17 01:42:35,390 - INFO - HTTP: "GET /next HTTP/1.1" 200 -
2025-03-17 01:42:35,701 - INFO - HTTP: "GET /queue HTTP/1.1" 200 -
2025-03-17 01:42:36,385 - INFO - HTTP: "GET /next HTTP/1.1" 200 -
2025-03-17 01:42:36,693 - INFO - HTTP: "GET /queue HTTP/1.1" 200 -
2025-03-17 01:42:37,395 - INFO - HTTP: "GET /next HTTP/1.1" 200 -
2025-03-17 01:42:37,705 - INFO - HTTP: "GET /queue HTTP/1.1" 200 -
2025-03-17 01:42:38,394 - INFO - HTTP: "GET /next HTTP/1.1" 200 -
2025-03-17 01:42:38,706 - INFO - HTTP: "GET /queue HTTP/1.1" 200 -
2025-03-17 01:42:39,398 - INFO - HTTP: "GET /next HTTP/1.1" 200 -
2025-03-17 01:42:39,708 - INFO - HTTP: "GET /queue HTTP/1.1" 200 -
2025-03-17 01:42:40,395 - INFO - HTTP: "GET /next HTTP/1.1" 200 -
2025-03-17 01:42:40,705 - INFO - HTTP: "GET /queue HTTP/1.1" 200 -
2025-03-17 01:42:41,383 - INFO - HTTP: "GET /queue HTTP/1.1" 200 -
2025-03-17 01:42:42,703 - INFO - HTTP: "GET /queue HTTP/1.1" 200 -
2025-03-17 01:42:42,906 - INFO - HTTP: "GET /next HTTP/1.1" 200 -
2025-03-17 01:42:42,970 - INFO - HTTP: "GET /queue HTTP/1.1" 200 -
2025-03-17 01:42:43,389 - INFO - HTTP: "GET /next HTTP/1.1" 200 -
2025-03-17 01:42:43,699 - INFO - HTTP: "GET /queue HTTP/1.1" 200 -
2025-03-17 01:42:44,390 - INFO - HTTP: "GET /next HTTP/1.1" 200 -
2025-03-17 01:42:44,700 - INFO - HTTP: "GET /queue HTTP/1.1" 200 -
2025-03-17 01:42:45,385 - INFO - HTTP: "GET /next HTTP/1.1" 200 -
2025-03-17 01:42:45,698 - INFO - HTTP: "GET /queue HTTP/1.1" 200 -
2025-03-17 01:42:46,384 - INFO - HTTP: "GET /next HTTP/1.1" 200 -
2025-03-17 01:42:46,693 - INFO - HTTP: "GET /queue HTTP/1.1" 200 -
2025-03-17 01:42:47,397 - INFO - HTTP: "GET /next HTTP/1.1" 200 -
2025-03-17 01:42:47,704 - INFO - HTTP: "GET /queue HTTP/1.1" 200 -
2025-03-17 01:42:48,384 - INFO - HTTP: "GET /next HTTP/1.1" 200 -
2025-03-17 01:42:48,686 - INFO - HTTP: "GET /queue HTTP/1.1" 200 -
2025-03-17 01:42:49,398 - INFO - HTTP: "GET /next HTTP/1.1" 200 -
2025-03-17 01:42:49,708 - INFO - HTTP: "GET /queue HTTP/1.1" 200 -
2025-03-17 01:42:50,382 - INFO - HTTP: "GET /next HTTP/1.1" 200 -
2025-03-17 01:42:50,688 - INFO - HTTP: "GET /queue HTTP/1.1" 200 -
2025-03-17 01:42:51,392 - INFO - HTTP: "GET /next HTTP/1.1" 200 -
2025-03-17 01:42:51,709 - INFO - HTTP: "GET /queue HTTP/1.1" 200 -
2025-03-17 01:42:52,394 - INFO - HTTP: "GET /next HTTP/1.1" 200 -
2025-03-17 01:42:52,697 - INFO - HTTP: "GET /queue HTTP/1.1" 200 -
2025-03-17 01:42:53,383 - INFO - HTTP: "GET /next HTTP/1.1" 200 -
2025-03-17 01:42:53,687 - INFO - HTTP: "GET /queue HTTP/1.1" 200 -
2025-03-17 01:42:54,397 - INFO - HTTP: "GET /next HTTP/1.1" 200 -
2025-03-17 01:42:54,703 - INFO - HTTP: "GET /queue HTTP/1.1" 200 -
2025-03-17 01:42:55,382 - INFO - HTTP: "GET /next HTTP/1.1" 200 -
2025-03-17 01:42:55,689 - INFO - HTTP: "GET /queue HTTP/1.1" 200 -
2025-03-17 01:42:56,385 - INFO - HTTP: "GET /next HTTP/1.1" 200 -
2025-03-17 01:42:56,691 - INFO - HTTP: "GET /queue HTTP/1.1" 200 -
2025-03-17 01:42:57,395 - INFO - HTTP: "GET /next HTTP/1.1" 200 -
2025-03-17 01:42:57,708 - INFO - HTTP: "GET /queue HTTP/1.1" 200 -
2025-03-17 01:42:58,395 - INFO - HTTP: "GET /next HTTP/1.1" 200 -
2025-03-17 01:42:58,708 - INFO - HTTP: "GET /queue HTTP/1.1" 200 -
2025-03-17 01:42:59,391 - INFO - HTTP: "GET /next HTTP/1.1" 200 -
2025-03-17 01:42:59,703 - INFO - HTTP: "GET /queue HTTP/1.1" 200 -
2025-03-17 01:43:00,390 - INFO - HTTP: "GET /next HTTP/1.1" 200 -
2025-03-17 01:43:00,701 - INFO - HTTP: "GET /queue HTTP/1.1" 200 -
2025-03-17 01:43:01,388 - INFO - HTTP: "GET /next HTTP/1.1" 200 -
2025-03-17 01:43:01,700 - INFO - HTTP: "GET /queue HTTP/1.1" 200 -
2025-03-17 01:43:02,387 - INFO - HTTP: "GET /next HTTP/1.1" 200 -
2025-03-17 01:43:02,699 - INFO - HTTP: "GET /queue HTTP/1.1" 200 -
2025-03-17 01:43:02,864 - INFO - Added to TTS queue: Alright, I'll do my best. Let's try this again. Wh...
2025-03-17 01:43:03,386 - INFO - HTTP: "GET /next HTTP/1.1" 200 -
2025-03-17 01:43:03,711 - INFO - HTTP: "GET /queue HTTP/1.1" 200 -
2025-03-17 01:43:03,973 - INFO - HTTP: "GET /queue HTTP/1.1" 200 -
2025-03-17 01:43:04,387 - INFO - HTTP: "GET /queue HTTP/1.1" 200 -
2025-03-17 01:43:05,693 - INFO - HTTP: "GET /queue HTTP/1.1" 200 -
2025-03-17 01:43:06,386 - INFO - HTTP: "GET /queue HTTP/1.1" 200 -
2025-03-17 01:43:07,699 - INFO - HTTP: "GET /queue HTTP/1.1" 200 -
2025-03-17 01:43:08,383 - INFO - HTTP: "GET /queue HTTP/1.1" 200 -
2025-03-17 01:43:09,695 - INFO - HTTP: "GET /queue HTTP/1.1" 200 -
2025-03-17 01:43:10,384 - INFO - HTTP: "GET /queue HTTP/1.1" 200 -
2025-03-17 01:43:11,705 - INFO - HTTP: "GET /queue HTTP/1.1" 200 -
2025-03-17 01:43:12,385 - INFO - HTTP: "GET /queue HTTP/1.1" 200 -
2025-03-17 01:43:13,689 - INFO - HTTP: "GET /queue HTTP/1.1" 200 -
2025-03-17 01:43:14,385 - INFO - HTTP: "GET /queue HTTP/1.1" 200 -
2025-03-17 01:43:15,695 - INFO - HTTP: "GET /queue HTTP/1.1" 200 -
2025-03-17 01:43:16,382 - INFO - HTTP: "GET /queue HTTP/1.1" 200 -
2025-03-17 01:43:17,688 - INFO - HTTP: "GET /queue HTTP/1.1" 200 -
2025-03-17 01:43:18,386 - INFO - HTTP: "GET /queue HTTP/1.1" 200 -
2025-03-17 01:43:19,695 - INFO - HTTP: "GET /queue HTTP/1.1" 200 -
2025-03-17 01:43:20,387 - INFO - HTTP: "GET /queue HTTP/1.1" 200 -
2025-03-17 01:43:21,702 - INFO - HTTP: "GET /queue HTTP/1.1" 200 -
2025-03-17 01:43:22,385 - INFO - HTTP: "GET /queue HTTP/1.1" 200 -
2025-03-17 01:43:23,708 - INFO - HTTP: "GET /queue HTTP/1.1" 200 -
2025-03-17 01:43:24,397 - INFO - HTTP: "GET /queue HTTP/1.1" 200 -
2025-03-17 01:43:25,702 - INFO - HTTP: "GET /queue HTTP/1.1" 200 -
2025-03-17 01:43:26,393 - INFO - HTTP: "GET /queue HTTP/1.1" 200 -
2025-03-17 01:43:27,713 - INFO - HTTP: "GET /queue HTTP/1.1" 200 -
2025-03-17 01:43:28,384 - INFO - HTTP: "GET /queue HTTP/1.1" 200 -
2025-03-17 01:43:29,696 - INFO - HTTP: "GET /queue HTTP/1.1" 200 -
2025-03-17 01:43:30,396 - INFO - HTTP: "GET /queue HTTP/1.1" 200 -
2025-03-17 01:43:31,695 - INFO - HTTP: "GET /queue HTTP/1.1" 200 -
2025-03-17 01:43:32,397 - INFO - HTTP: "GET /queue HTTP/1.1" 200 -
2025-03-17 01:43:33,695 - INFO - HTTP: "GET /queue HTTP/1.1" 200 -
2025-03-17 01:43:33,999 - INFO - HTTP: "GET /next HTTP/1.1" 200 -
2025-03-17 01:43:34,313 - INFO - HTTP: "GET /queue HTTP/1.1" 200 -
2025-03-17 01:43:34,574 - INFO - HTTP: "GET /next HTTP/1.1" 200 -
2025-03-17 01:43:34,686 - INFO - HTTP: "GET /queue HTTP/1.1" 200 -
2025-03-17 01:43:35,398 - INFO - HTTP: "GET /next HTTP/1.1" 200 -
2025-03-17 01:43:35,716 - INFO - HTTP: "GET /queue HTTP/1.1" 200 -
2025-03-17 01:43:36,385 - INFO - HTTP: "GET /next HTTP/1.1" 200 -
2025-03-17 01:43:36,697 - INFO - HTTP: "GET /queue HTTP/1.1" 200 -
2025-03-17 01:43:37,397 - INFO - HTTP: "GET /next HTTP/1.1" 200 -
2025-03-17 01:43:37,705 - INFO - HTTP: "GET /queue HTTP/1.1" 200 -
2025-03-17 01:43:38,394 - INFO - HTTP: "GET /next HTTP/1.1" 200 -
2025-03-17 01:43:38,710 - INFO - HTTP: "GET /queue HTTP/1.1" 200 -
2025-03-17 01:43:39,393 - INFO - HTTP: "GET /next HTTP/1.1" 200 -
2025-03-17 01:43:39,711 - INFO - HTTP: "GET /queue HTTP/1.1" 200 -
2025-03-17 01:43:40,396 - INFO - HTTP: "GET /next HTTP/1.1" 200 -
2025-03-17 01:43:40,707 - INFO - HTTP: "GET /queue HTTP/1.1" 200 -
2025-03-17 01:43:41,396 - INFO - HTTP: "GET /next HTTP/1.1" 200 -
2025-03-17 01:43:41,705 - INFO - HTTP: "GET /queue HTTP/1.1" 200 -
2025-03-17 01:43:42,393 - INFO - HTTP: "GET /next HTTP/1.1" 200 -
2025-03-17 01:43:42,698 - INFO - HTTP: "GET /queue HTTP/1.1" 200 -
2025-03-17 01:43:43,393 - INFO - HTTP: "GET /next HTTP/1.1" 200 -
2025-03-17 01:43:43,697 - INFO - HTTP: "GET /queue HTTP/1.1" 200 -
2025-03-17 01:43:44,395 - INFO - HTTP: "GET /next HTTP/1.1" 200 -
2025-03-17 01:43:44,563 - INFO - Added to TTS queue: Alright, let's kick it off with *Invincible* #1!

...
2025-03-17 01:43:44,710 - INFO - HTTP: "GET /queue HTTP/1.1" 200 -
2025-03-17 01:43:45,395 - INFO - HTTP: "GET /next HTTP/1.1" 200 -
2025-03-17 01:43:45,702 - INFO - HTTP: "GET /queue HTTP/1.1" 200 -
2025-03-17 01:43:45,955 - INFO - HTTP: "GET /queue HTTP/1.1" 200 -
2025-03-17 01:43:46,397 - INFO - HTTP: "GET /queue HTTP/1.1" 200 -
2025-03-17 01:43:47,689 - INFO - HTTP: "GET /queue HTTP/1.1" 200 -
2025-03-17 01:43:48,395 - INFO - HTTP: "GET /queue HTTP/1.1" 200 -
2025-03-17 01:43:49,691 - INFO - HTTP: "GET /queue HTTP/1.1" 200 -
2025-03-17 01:43:50,388 - INFO - HTTP: "GET /queue HTTP/1.1" 200 -
2025-03-17 01:43:51,707 - INFO - HTTP: "GET /queue HTTP/1.1" 200 -
2025-03-17 01:43:52,390 - INFO - HTTP: "GET /queue HTTP/1.1" 200 -
2025-03-17 01:43:53,699 - INFO - HTTP: "GET /queue HTTP/1.1" 200 -
2025-03-17 01:43:54,387 - INFO - HTTP: "GET /queue HTTP/1.1" 200 -
2025-03-17 01:43:55,706 - INFO - HTTP: "GET /queue HTTP/1.1" 200 -
2025-03-17 01:43:56,383 - INFO - HTTP: "GET /queue HTTP/1.1" 200 -
2025-03-17 01:43:57,686 - INFO - HTTP: "GET /queue HTTP/1.1" 200 -
2025-03-17 01:43:58,386 - INFO - HTTP: "GET /queue HTTP/1.1" 200 -
2025-03-17 01:43:59,708 - INFO - HTTP: "GET /queue HTTP/1.1" 200 -
2025-03-17 01:44:00,396 - INFO - HTTP: "GET /queue HTTP/1.1" 200 -
2025-03-17 01:44:01,703 - INFO - HTTP: "GET /queue HTTP/1.1" 200 -
2025-03-17 01:44:02,401 - INFO - HTTP: "GET /queue HTTP/1.1" 200 -
2025-03-17 01:44:03,698 - INFO - HTTP: "GET /queue HTTP/1.1" 200 -
2025-03-17 01:44:04,386 - INFO - HTTP: "GET /queue HTTP/1.1" 200 -
2025-03-17 01:44:05,709 - INFO - HTTP: "GET /queue HTTP/1.1" 200 -
2025-03-17 01:44:06,385 - INFO - HTTP: "GET /queue HTTP/1.1" 200 -
2025-03-17 01:44:07,702 - INFO - HTTP: "GET /queue HTTP/1.1" 200 -
2025-03-17 01:44:08,387 - INFO - HTTP: "GET /queue HTTP/1.1" 200 -
2025-03-17 01:44:09,706 - INFO - HTTP: "GET /queue HTTP/1.1" 200 -
2025-03-17 01:44:10,392 - INFO - HTTP: "GET /queue HTTP/1.1" 200 -
2025-03-17 01:44:11,699 - INFO - HTTP: "GET /queue HTTP/1.1" 200 -
2025-03-17 01:44:12,397 - INFO - HTTP: "GET /queue HTTP/1.1" 200 -
2025-03-17 01:44:13,707 - INFO - HTTP: "GET /queue HTTP/1.1" 200 -
2025-03-17 01:44:14,382 - INFO - HTTP: "GET /queue HTTP/1.1" 200 -
2025-03-17 01:44:15,696 - INFO - HTTP: "GET /queue HTTP/1.1" 200 -
2025-03-17 01:44:16,387 - INFO - HTTP: "GET /queue HTTP/1.1" 200 -
2025-03-17 01:44:17,695 - INFO - HTTP: "GET /queue HTTP/1.1" 200 -
2025-03-17 01:44:18,397 - INFO - HTTP: "GET /queue HTTP/1.1" 200 -
2025-03-17 01:44:19,694 - INFO - HTTP: "GET /queue HTTP/1.1" 200 -
2025-03-17 01:44:20,383 - INFO - HTTP: "GET /queue HTTP/1.1" 200 -
2025-03-17 01:44:21,694 - INFO - HTTP: "GET /queue HTTP/1.1" 200 -
2025-03-17 01:44:22,384 - INFO - HTTP: "GET /queue HTTP/1.1" 200 -
2025-03-17 01:44:23,710 - INFO - HTTP: "GET /queue HTTP/1.1" 200 -
2025-03-17 01:44:24,398 - INFO - HTTP: "GET /queue HTTP/1.1" 200 -
2025-03-17 01:44:25,701 - INFO - HTTP: "GET /queue HTTP/1.1" 200 -
2025-03-17 01:44:26,392 - INFO - HTTP: "GET /queue HTTP/1.1" 200 -
2025-03-17 01:44:27,710 - INFO - HTTP: "GET /queue HTTP/1.1" 200 -
2025-03-17 01:44:28,394 - INFO - HTTP: "GET /queue HTTP/1.1" 200 -
2025-03-17 01:44:29,693 - INFO - HTTP: "GET /queue HTTP/1.1" 200 -
2025-03-17 01:44:30,390 - INFO - HTTP: "GET /queue HTTP/1.1" 200 -
2025-03-17 01:44:31,707 - INFO - HTTP: "GET /queue HTTP/1.1" 200 -
2025-03-17 01:44:32,395 - INFO - HTTP: "GET /queue HTTP/1.1" 200 -
2025-03-17 01:44:33,707 - INFO - HTTP: "GET /queue HTTP/1.1" 200 -
2025-03-17 01:44:34,392 - INFO - HTTP: "GET /queue HTTP/1.1" 200 -
2025-03-17 01:44:35,701 - INFO - HTTP: "GET /queue HTTP/1.1" 200 -
2025-03-17 01:44:36,387 - INFO - HTTP: "GET /queue HTTP/1.1" 200 -
2025-03-17 01:44:37,697 - INFO - HTTP: "GET /queue HTTP/1.1" 200 -
2025-03-17 01:44:38,387 - INFO - HTTP: "GET /queue HTTP/1.1" 200 -
2025-03-17 01:44:39,705 - INFO - HTTP: "GET /queue HTTP/1.1" 200 -
2025-03-17 01:44:40,392 - INFO - HTTP: "GET /queue HTTP/1.1" 200 -
2025-03-17 01:44:41,700 - INFO - HTTP: "GET /queue HTTP/1.1" 200 -
2025-03-17 01:44:42,385 - INFO - HTTP: "GET /queue HTTP/1.1" 200 -
2025-03-17 01:44:43,707 - INFO - HTTP: "GET /queue HTTP/1.1" 200 -
2025-03-17 01:44:44,393 - INFO - HTTP: "GET /queue HTTP/1.1" 200 -
2025-03-17 01:44:45,704 - INFO - HTTP: "GET /queue HTTP/1.1" 200 -
2025-03-17 01:44:46,384 - INFO - HTTP: "GET /queue HTTP/1.1" 200 -
2025-03-17 01:44:47,700 - INFO - HTTP: "GET /queue HTTP/1.1" 200 -
2025-03-17 01:44:48,385 - INFO - HTTP: "GET /queue HTTP/1.1" 200 -
2025-03-17 01:44:49,708 - INFO - HTTP: "GET /queue HTTP/1.1" 200 -
2025-03-17 01:44:50,391 - INFO - HTTP: "GET /queue HTTP/1.1" 200 -
2025-03-17 01:44:51,688 - INFO - HTTP: "GET /queue HTTP/1.1" 200 -
2025-03-17 01:44:52,387 - INFO - HTTP: "GET /queue HTTP/1.1" 200 -
2025-03-17 01:44:53,694 - INFO - HTTP: "GET /queue HTTP/1.1" 200 -
2025-03-17 01:44:54,386 - INFO - HTTP: "GET /queue HTTP/1.1" 200 -
2025-03-17 01:44:55,688 - INFO - HTTP: "GET /queue HTTP/1.1" 200 -
2025-03-17 01:44:56,398 - INFO - HTTP: "GET /queue HTTP/1.1" 200 -
2025-03-17 01:44:57,695 - INFO - HTTP: "GET /queue HTTP/1.1" 200 -
2025-03-17 01:44:58,390 - INFO - HTTP: "GET /queue HTTP/1.1" 200 -
2025-03-17 01:44:59,702 - INFO - HTTP: "GET /queue HTTP/1.1" 200 -
2025-03-17 01:45:00,386 - INFO - HTTP: "GET /queue HTTP/1.1" 200 -
2025-03-17 01:45:01,693 - INFO - HTTP: "GET /queue HTTP/1.1" 200 -
2025-03-17 01:45:02,386 - INFO - HTTP: "GET /queue HTTP/1.1" 200 -
2025-03-17 01:45:03,703 - INFO - HTTP: "GET /queue HTTP/1.1" 200 -
2025-03-17 01:45:04,388 - INFO - HTTP: "GET /queue HTTP/1.1" 200 -
2025-03-17 01:45:05,698 - INFO - HTTP: "GET /queue HTTP/1.1" 200 -
2025-03-17 01:45:06,384 - INFO - HTTP: "GET /queue HTTP/1.1" 200 -
2025-03-17 01:45:07,700 - INFO - HTTP: "GET /queue HTTP/1.1" 200 -
2025-03-17 01:45:08,388 - INFO - HTTP: "GET /queue HTTP/1.1" 200 -
2025-03-17 01:45:09,699 - INFO - HTTP: "GET /queue HTTP/1.1" 200 -
2025-03-17 01:45:10,383 - INFO - HTTP: "GET /queue HTTP/1.1" 200 -
2025-03-17 01:45:11,708 - INFO - HTTP: "GET /queue HTTP/1.1" 200 -
2025-03-17 01:45:12,394 - INFO - HTTP: "GET /queue HTTP/1.1" 200 -
2025-03-17 01:45:13,696 - INFO - HTTP: "GET /queue HTTP/1.1" 200 -
2025-03-17 01:45:14,394 - INFO - HTTP: "GET /queue HTTP/1.1" 200 -
2025-03-17 01:45:15,707 - INFO - HTTP: "GET /queue HTTP/1.1" 200 -
2025-03-17 01:45:16,393 - INFO - HTTP: "GET /queue HTTP/1.1" 200 -
2025-03-17 01:45:17,709 - INFO - HTTP: "GET /queue HTTP/1.1" 200 -
2025-03-17 01:45:18,393 - INFO - HTTP: "GET /queue HTTP/1.1" 200 -
2025-03-17 01:45:19,704 - INFO - HTTP: "GET /queue HTTP/1.1" 200 -
2025-03-17 01:45:20,384 - INFO - HTTP: "GET /queue HTTP/1.1" 200 -
2025-03-17 01:45:21,708 - INFO - HTTP: "GET /queue HTTP/1.1" 200 -
2025-03-17 01:45:22,390 - INFO - HTTP: "GET /queue HTTP/1.1" 200 -
2025-03-17 01:45:23,699 - INFO - HTTP: "GET /queue HTTP/1.1" 200 -
2025-03-17 01:45:24,389 - INFO - HTTP: "GET /queue HTTP/1.1" 200 -
2025-03-17 01:45:25,705 - INFO - HTTP: "GET /queue HTTP/1.1" 200 -
2025-03-17 01:45:26,390 - INFO - HTTP: "GET /queue HTTP/1.1" 200 -
2025-03-17 01:45:27,699 - INFO - HTTP: "GET /queue HTTP/1.1" 200 -
2025-03-17 01:45:28,389 - INFO - HTTP: "GET /queue HTTP/1.1" 200 -
2025-03-17 01:45:29,704 - INFO - HTTP: "GET /queue HTTP/1.1" 200 -
2025-03-17 01:45:30,392 - INFO - HTTP: "GET /queue HTTP/1.1" 200 -
2025-03-17 01:45:31,709 - INFO - HTTP: "GET /queue HTTP/1.1" 200 -
2025-03-17 01:45:32,382 - INFO - HTTP: "GET /queue HTTP/1.1" 200 -
2025-03-17 01:45:33,708 - INFO - HTTP: "GET /queue HTTP/1.1" 200 -
2025-03-17 01:45:34,391 - INFO - HTTP: "GET /queue HTTP/1.1" 200 -
2025-03-17 01:45:35,706 - INFO - HTTP: "GET /queue HTTP/1.1" 200 -
2025-03-17 01:45:36,395 - INFO - HTTP: "GET /queue HTTP/1.1" 200 -
2025-03-17 01:45:37,700 - INFO - HTTP: "GET /queue HTTP/1.1" 200 -
2025-03-17 01:45:38,388 - INFO - HTTP: "GET /queue HTTP/1.1" 200 -
2025-03-17 01:45:39,695 - INFO - HTTP: "GET /queue HTTP/1.1" 200 -
2025-03-17 01:45:40,382 - INFO - HTTP: "GET /queue HTTP/1.1" 200 -
2025-03-17 01:45:41,710 - INFO - HTTP: "GET /queue HTTP/1.1" 200 -
2025-03-17 01:45:42,386 - INFO - HTTP: "GET /queue HTTP/1.1" 200 -
2025-03-17 01:45:43,705 - INFO - HTTP: "GET /queue HTTP/1.1" 200 -
2025-03-17 01:45:44,392 - INFO - HTTP: "GET /queue HTTP/1.1" 200 -
2025-03-17 01:45:45,703 - INFO - HTTP: "GET /queue HTTP/1.1" 200 -
2025-03-17 01:45:46,386 - INFO - HTTP: "GET /queue HTTP/1.1" 200 -
2025-03-17 01:45:47,698 - INFO - HTTP: "GET /queue HTTP/1.1" 200 -
2025-03-17 01:45:48,388 - INFO - HTTP: "GET /queue HTTP/1.1" 200 -
2025-03-17 01:45:49,688 - INFO - HTTP: "GET /queue HTTP/1.1" 200 -
2025-03-17 01:45:50,397 - INFO - HTTP: "GET /queue HTTP/1.1" 200 -
2025-03-17 01:45:51,703 - INFO - HTTP: "GET /queue HTTP/1.1" 200 -
2025-03-17 01:45:52,387 - INFO - HTTP: "GET /queue HTTP/1.1" 200 -
2025-03-17 01:45:53,688 - INFO - HTTP: "GET /queue HTTP/1.1" 200 -
2025-03-17 01:45:54,386 - INFO - HTTP: "GET /queue HTTP/1.1" 200 -
2025-03-17 01:45:55,705 - INFO - HTTP: "GET /queue HTTP/1.1" 200 -
2025-03-17 01:45:56,384 - INFO - HTTP: "GET /queue HTTP/1.1" 200 -
2025-03-17 01:45:57,700 - INFO - HTTP: "GET /queue HTTP/1.1" 200 -
2025-03-17 01:45:58,386 - INFO - HTTP: "GET /queue HTTP/1.1" 200 -
2025-03-17 01:45:59,694 - INFO - HTTP: "GET /queue HTTP/1.1" 200 -
2025-03-17 01:46:00,382 - INFO - HTTP: "GET /queue HTTP/1.1" 200 -
2025-03-17 01:46:01,700 - INFO - HTTP: "GET /queue HTTP/1.1" 200 -
2025-03-17 01:46:02,398 - INFO - HTTP: "GET /queue HTTP/1.1" 200 -
2025-03-17 01:46:03,709 - INFO - HTTP: "GET /queue HTTP/1.1" 200 -
2025-03-17 01:46:04,396 - INFO - HTTP: "GET /queue HTTP/1.1" 200 -
2025-03-17 01:46:05,691 - INFO - HTTP: "GET /queue HTTP/1.1" 200 -
2025-03-17 01:46:06,385 - INFO - HTTP: "GET /queue HTTP/1.1" 200 -
2025-03-17 01:46:07,696 - INFO - HTTP: "GET /queue HTTP/1.1" 200 -
2025-03-17 01:46:08,398 - INFO - HTTP: "GET /queue HTTP/1.1" 200 -
2025-03-17 01:46:09,708 - INFO - HTTP: "GET /queue HTTP/1.1" 200 -
2025-03-17 01:46:10,396 - INFO - HTTP: "GET /queue HTTP/1.1" 200 -
2025-03-17 01:46:11,702 - INFO - HTTP: "GET /queue HTTP/1.1" 200 -
2025-03-17 01:46:12,396 - INFO - HTTP: "GET /queue HTTP/1.1" 200 -
2025-03-17 01:46:13,711 - INFO - HTTP: "GET /queue HTTP/1.1" 200 -
2025-03-17 01:46:14,385 - INFO - HTTP: "GET /queue HTTP/1.1" 200 -
2025-03-17 01:46:15,705 - INFO - HTTP: "GET /queue HTTP/1.1" 200 -
2025-03-17 01:46:16,392 - INFO - HTTP: "GET /queue HTTP/1.1" 200 -
2025-03-17 01:46:17,708 - INFO - HTTP: "GET /queue HTTP/1.1" 200 -
2025-03-17 01:46:18,393 - INFO - HTTP: "GET /queue HTTP/1.1" 200 -
2025-03-17 01:46:19,705 - INFO - HTTP: "GET /queue HTTP/1.1" 200 -
2025-03-17 01:46:20,390 - INFO - HTTP: "GET /queue HTTP/1.1" 200 -
2025-03-17 01:46:21,709 - INFO - HTTP: "GET /queue HTTP/1.1" 200 -
2025-03-17 01:46:22,395 - INFO - HTTP: "GET /queue HTTP/1.1" 200 -
2025-03-17 01:46:23,689 - INFO - HTTP: "GET /queue HTTP/1.1" 200 -
2025-03-17 01:46:24,387 - INFO - HTTP: "GET /queue HTTP/1.1" 200 -
2025-03-17 01:46:25,707 - INFO - HTTP: "GET /queue HTTP/1.1" 200 -
2025-03-17 01:46:26,381 - INFO - HTTP: "GET /queue HTTP/1.1" 200 -
2025-03-17 01:46:27,711 - INFO - HTTP: "GET /queue HTTP/1.1" 200 -
2025-03-17 01:46:28,389 - INFO - HTTP: "GET /queue HTTP/1.1" 200 -
2025-03-17 01:46:29,705 - INFO - HTTP: "GET /queue HTTP/1.1" 200 -
2025-03-17 01:46:30,383 - INFO - HTTP: "GET /queue HTTP/1.1" 200 -
2025-03-17 01:46:31,704 - INFO - HTTP: "GET /queue HTTP/1.1" 200 -
2025-03-17 01:46:32,388 - INFO - HTTP: "GET /queue HTTP/1.1" 200 -
2025-03-17 01:46:33,708 - INFO - HTTP: "GET /queue HTTP/1.1" 200 -
2025-03-17 01:46:34,393 - INFO - HTTP: "GET /queue HTTP/1.1" 200 -
2025-03-17 01:46:35,697 - INFO - HTTP: "GET /queue HTTP/1.1" 200 -
2025-03-17 01:46:36,388 - INFO - HTTP: "GET /queue HTTP/1.1" 200 -
2025-03-17 01:46:37,703 - INFO - HTTP: "GET /queue HTTP/1.1" 200 -
2025-03-17 01:46:38,391 - INFO - HTTP: "GET /queue HTTP/1.1" 200 -
2025-03-17 01:46:39,703 - INFO - HTTP: "GET /queue HTTP/1.1" 200 -
2025-03-17 01:46:40,384 - INFO - HTTP: "GET /queue HTTP/1.1" 200 -
2025-03-17 01:46:41,701 - INFO - HTTP: "GET /queue HTTP/1.1" 200 -
2025-03-17 01:46:42,388 - INFO - HTTP: "GET /queue HTTP/1.1" 200 -
2025-03-17 01:46:43,696 - INFO - HTTP: "GET /queue HTTP/1.1" 200 -
2025-03-17 01:46:44,386 - INFO - HTTP: "GET /queue HTTP/1.1" 200 -
2025-03-17 01:46:45,696 - INFO - HTTP: "GET /queue HTTP/1.1" 200 -
2025-03-17 01:46:46,386 - INFO - HTTP: "GET /queue HTTP/1.1" 200 -
2025-03-17 01:46:47,703 - INFO - HTTP: "GET /queue HTTP/1.1" 200 -
2025-03-17 01:46:48,050 - INFO - HTTP: "GET /next HTTP/1.1" 200 -
2025-03-17 01:46:48,357 - INFO - HTTP: "GET /queue HTTP/1.1" 200 -
2025-03-17 01:46:48,622 - INFO - HTTP: "GET /next HTTP/1.1" 200 -
2025-03-17 01:46:48,689 - INFO - HTTP: "GET /queue HTTP/1.1" 200 -
2025-03-17 01:46:49,385 - INFO - HTTP: "GET /next HTTP/1.1" 200 -
2025-03-17 01:46:49,695 - INFO - HTTP: "GET /queue HTTP/1.1" 200 -
2025-03-17 01:46:50,388 - INFO - HTTP: "GET /next HTTP/1.1" 200 -
2025-03-17 01:46:50,706 - INFO - HTTP: "GET /queue HTTP/1.1" 200 -
2025-03-17 01:46:51,397 - INFO - HTTP: "GET /next HTTP/1.1" 200 -
2025-03-17 01:46:51,706 - INFO - HTTP: "GET /queue HTTP/1.1" 200 -
2025-03-17 01:46:52,395 - INFO - HTTP: "GET /next HTTP/1.1" 200 -
2025-03-17 01:46:52,705 - INFO - HTTP: "GET /queue HTTP/1.1" 200 -
2025-03-17 01:46:53,390 - INFO - HTTP: "GET /next HTTP/1.1" 200 -
2025-03-17 01:46:53,699 - INFO - HTTP: "GET /queue HTTP/1.1" 200 -
2025-03-17 01:46:54,387 - INFO - HTTP: "GET /next HTTP/1.1" 200 -
2025-03-17 01:52:13,589 - INFO - Settings loaded. Current voice: male_01.wav
2025-03-17 01:52:13,589 - INFO - Starting TTS player server...
2025-03-17 01:52:13,589 - INFO - TTS player server started on port 8765
2025-03-17 01:52:13,589 - INFO - Using voice: male_01.wav
2025-03-17 01:52:14,136 - INFO - TTS player opened in browser at http://localhost:8765
2025-03-17 01:52:14,140 - INFO - Added to TTS queue: Hey there! How can I help you today?

2025-03-17 01:52:14,510 - INFO - HTTP: "GET / HTTP/1.1" 200 -
2025-03-17 01:52:14,520 - INFO - HTTP: "GET /voices HTTP/1.1" 200 -
2025-03-17 01:52:14,768 - INFO - HTTP: "GET /queue HTTP/1.1" 200 -
2025-03-17 01:52:14,852 - INFO - HTTP: "GET /current-voice HTTP/1.1" 200 -
2025-03-17 01:52:15,828 - INFO - HTTP: "GET /next HTTP/1.1" 200 -
2025-03-17 01:52:16,090 - INFO - HTTP: "GET /queue HTTP/1.1" 200 -
2025-03-17 01:52:16,137 - INFO - HTTP: "GET /queue HTTP/1.1" 200 -
2025-03-17 01:52:16,525 - INFO - HTTP: "GET /queue HTTP/1.1" 200 -
2025-03-17 01:52:17,846 - INFO - HTTP: "GET /queue HTTP/1.1" 200 -
2025-03-17 01:52:18,674 - INFO - HTTP: "GET /queue HTTP/1.1" 200 -
2025-03-17 01:52:19,986 - INFO - HTTP: "GET /queue HTTP/1.1" 200 -
2025-03-17 01:52:20,518 - INFO - HTTP: "GET /queue HTTP/1.1" 200 -
2025-03-17 01:52:21,842 - INFO - HTTP: "GET /queue HTTP/1.1" 200 -
2025-03-17 01:52:22,533 - INFO - HTTP: "GET /queue HTTP/1.1" 200 -
2025-03-17 01:52:23,157 - INFO - HTTP: code 404, message File not found
2025-03-17 01:52:23,157 - INFO - HTTP: "GET /favicon.ico HTTP/1.1" 404 -
2025-03-17 01:52:23,534 - INFO - HTTP: "GET /queue HTTP/1.1" 200 -
2025-03-17 01:52:24,837 - INFO - HTTP: "GET /queue HTTP/1.1" 200 -
2025-03-17 01:52:25,403 - INFO - HTTP: "GET /next HTTP/1.1" 200 -
2025-03-17 01:52:25,708 - INFO - HTTP: "GET /queue HTTP/1.1" 200 -
2025-03-17 01:52:25,832 - INFO - HTTP: "GET /next HTTP/1.1" 200 -
2025-03-17 01:52:25,966 - INFO - HTTP: "GET /queue HTTP/1.1" 200 -
2025-03-17 01:52:26,520 - INFO - HTTP: "GET /next HTTP/1.1" 200 -
2025-03-17 01:52:26,832 - INFO - HTTP: "GET /queue HTTP/1.1" 200 -
2025-03-17 01:52:27,534 - INFO - HTTP: "GET /next HTTP/1.1" 200 -
2025-03-17 01:52:27,848 - INFO - HTTP: "GET /queue HTTP/1.1" 200 -
2025-03-17 01:52:28,537 - INFO - HTTP: "GET /next HTTP/1.1" 200 -
2025-03-17 01:52:28,848 - INFO - HTTP: "GET /queue HTTP/1.1" 200 -
2025-03-17 01:52:29,536 - INFO - HTTP: "GET /next HTTP/1.1" 200 -
2025-03-17 01:52:29,846 - INFO - HTTP: "GET /queue HTTP/1.1" 200 -
2025-03-17 01:52:30,531 - INFO - HTTP: "GET /next HTTP/1.1" 200 -
2025-03-17 01:52:30,848 - INFO - HTTP: "GET /queue HTTP/1.1" 200 -
2025-03-17 01:52:31,528 - INFO - HTTP: "GET /next HTTP/1.1" 200 -
2025-03-17 01:52:31,844 - INFO - HTTP: "GET /queue HTTP/1.1" 200 -
2025-03-17 01:52:32,534 - INFO - HTTP: "GET /next HTTP/1.1" 200 -
2025-03-17 01:52:32,847 - INFO - HTTP: "GET /queue HTTP/1.1" 200 -
2025-03-17 01:52:33,533 - INFO - HTTP: "GET /next HTTP/1.1" 200 -
2025-03-17 01:52:33,845 - INFO - HTTP: "GET /queue HTTP/1.1" 200 -
2025-03-17 01:52:34,527 - INFO - HTTP: "GET /next HTTP/1.1" 200 -
2025-03-17 01:52:34,838 - INFO - HTTP: "GET /queue HTTP/1.1" 200 -
2025-03-17 01:52:35,526 - INFO - HTTP: "GET /next HTTP/1.1" 200 -
2025-03-17 01:52:35,833 - INFO - HTTP: "GET /queue HTTP/1.1" 200 -
2025-03-17 01:52:36,536 - INFO - HTTP: "GET /next HTTP/1.1" 200 -
2025-03-17 01:52:36,846 - INFO - HTTP: "GET /queue HTTP/1.1" 200 -
2025-03-17 01:52:37,534 - INFO - HTTP: "GET /next HTTP/1.1" 200 -
2025-03-17 01:52:37,842 - INFO - HTTP: "GET /queue HTTP/1.1" 200 -
2025-03-17 01:52:38,528 - INFO - HTTP: "GET /next HTTP/1.1" 200 -
2025-03-17 01:52:38,835 - INFO - HTTP: "GET /queue HTTP/1.1" 200 -
2025-03-17 01:52:39,526 - INFO - HTTP: "GET /next HTTP/1.1" 200 -
2025-03-17 01:52:39,838 - INFO - HTTP: "GET /queue HTTP/1.1" 200 -
2025-03-17 01:52:40,358 - INFO - Added to TTS queue: Alright, let's dive headfirst back into the madnes...
2025-03-17 01:52:40,529 - INFO - HTTP: "GET /next HTTP/1.1" 200 -
2025-03-17 01:52:40,849 - INFO - HTTP: "GET /queue HTTP/1.1" 200 -
2025-03-17 01:52:41,112 - INFO - HTTP: "GET /queue HTTP/1.1" 200 -
2025-03-17 01:52:41,527 - INFO - HTTP: "GET /queue HTTP/1.1" 200 -
2025-03-17 01:52:42,842 - INFO - HTTP: "GET /queue HTTP/1.1" 200 -
2025-03-17 01:52:43,527 - INFO - HTTP: "GET /queue HTTP/1.1" 200 -
2025-03-17 01:52:44,828 - INFO - HTTP: "GET /queue HTTP/1.1" 200 -
2025-03-17 01:52:45,526 - INFO - HTTP: "GET /queue HTTP/1.1" 200 -
2025-03-17 01:52:45,529 - INFO - Added to TTS queue: Alright, let's keep this train rolling then! So, w...
2025-03-17 01:52:45,682 - INFO - Added to TTS queue: Okay, switching back now.

2025-03-17 01:52:46,839 - INFO - HTTP: "GET /queue HTTP/1.1" 200 -
2025-03-17 01:52:47,528 - INFO - HTTP: "GET /queue HTTP/1.1" 200 -
2025-03-17 01:52:48,832 - INFO - HTTP: "GET /queue HTTP/1.1" 200 -
2025-03-17 01:52:48,984 - INFO - HTTP: "GET /next HTTP/1.1" 200 -
2025-03-17 01:52:49,079 - INFO - HTTP: "GET /queue HTTP/1.1" 200 -
2025-03-17 01:52:49,292 - INFO - HTTP: "GET /queue HTTP/1.1" 200 -
2025-03-17 01:52:49,525 - INFO - HTTP: "GET /queue HTTP/1.1" 200 -
2025-03-17 01:52:50,845 - INFO - HTTP: "GET /queue HTTP/1.1" 200 -
2025-03-17 01:52:51,527 - INFO - HTTP: "GET /queue HTTP/1.1" 200 -
2025-03-17 01:52:52,838 - INFO - HTTP: "GET /queue HTTP/1.1" 200 -
2025-03-17 01:52:53,521 - INFO - HTTP: "GET /queue HTTP/1.1" 200 -
2025-03-17 01:52:54,834 - INFO - HTTP: "GET /queue HTTP/1.1" 200 -
2025-03-17 01:52:55,531 - INFO - HTTP: "GET /queue HTTP/1.1" 200 -
2025-03-17 01:52:56,844 - INFO - HTTP: "GET /queue HTTP/1.1" 200 -
2025-03-17 01:52:57,529 - INFO - HTTP: "GET /queue HTTP/1.1" 200 -
2025-03-17 01:52:58,839 - INFO - HTTP: "GET /queue HTTP/1.1" 200 -
2025-03-17 01:52:59,524 - INFO - HTTP: "GET /queue HTTP/1.1" 200 -
2025-03-17 01:53:00,836 - INFO - HTTP: "GET /queue HTTP/1.1" 200 -
2025-03-17 01:53:01,536 - INFO - HTTP: "GET /queue HTTP/1.1" 200 -
2025-03-17 01:53:02,833 - INFO - HTTP: "GET /queue HTTP/1.1" 200 -
2025-03-17 01:53:03,531 - INFO - HTTP: "GET /queue HTTP/1.1" 200 -
2025-03-17 01:53:04,846 - INFO - HTTP: "GET /queue HTTP/1.1" 200 -
2025-03-17 01:53:05,536 - INFO - HTTP: "GET /queue HTTP/1.1" 200 -
2025-03-17 01:53:06,836 - INFO - HTTP: "GET /queue HTTP/1.1" 200 -
2025-03-17 01:53:07,535 - INFO - HTTP: "GET /queue HTTP/1.1" 200 -
2025-03-17 01:53:08,847 - INFO - HTTP: "GET /queue HTTP/1.1" 200 -
2025-03-17 01:53:09,533 - INFO - HTTP: "GET /queue HTTP/1.1" 200 -
2025-03-17 01:53:10,835 - INFO - HTTP: "GET /queue HTTP/1.1" 200 -
2025-03-17 01:53:11,534 - INFO - HTTP: "GET /queue HTTP/1.1" 200 -
2025-03-17 01:53:12,846 - INFO - HTTP: "GET /queue HTTP/1.1" 200 -
2025-03-17 01:53:13,532 - INFO - HTTP: "GET /queue HTTP/1.1" 200 -
2025-03-17 01:53:14,834 - INFO - HTTP: "GET /queue HTTP/1.1" 200 -
2025-03-17 01:53:15,536 - INFO - HTTP: "GET /queue HTTP/1.1" 200 -
2025-03-17 01:53:16,848 - INFO - HTTP: "GET /queue HTTP/1.1" 200 -
2025-03-17 01:53:17,532 - INFO - HTTP: "GET /queue HTTP/1.1" 200 -
2025-03-17 01:53:18,831 - INFO - HTTP: "GET /queue HTTP/1.1" 200 -
2025-03-17 01:53:19,525 - INFO - HTTP: "GET /queue HTTP/1.1" 200 -
2025-03-17 01:53:20,833 - INFO - HTTP: "GET /queue HTTP/1.1" 200 -
2025-03-17 01:53:21,532 - INFO - HTTP: "GET /queue HTTP/1.1" 200 -
2025-03-17 01:53:22,829 - INFO - HTTP: "GET /queue HTTP/1.1" 200 -
2025-03-17 01:53:23,528 - INFO - HTTP: "GET /queue HTTP/1.1" 200 -
2025-03-17 01:53:24,831 - INFO - HTTP: "GET /queue HTTP/1.1" 200 -
2025-03-17 01:53:25,533 - INFO - HTTP: "GET /queue HTTP/1.1" 200 -
2025-03-17 01:53:26,828 - INFO - HTTP: "GET /queue HTTP/1.1" 200 -
2025-03-17 01:53:27,523 - INFO - HTTP: "GET /queue HTTP/1.1" 200 -
2025-03-17 01:53:28,843 - INFO - HTTP: "GET /queue HTTP/1.1" 200 -
2025-03-17 01:53:29,530 - INFO - HTTP: "GET /queue HTTP/1.1" 200 -
2025-03-17 01:53:30,841 - INFO - HTTP: "GET /queue HTTP/1.1" 200 -
2025-03-17 01:53:31,521 - INFO - HTTP: "GET /queue HTTP/1.1" 200 -
2025-03-17 01:53:32,844 - INFO - HTTP: "GET /queue HTTP/1.1" 200 -
2025-03-17 01:53:33,529 - INFO - HTTP: "GET /queue HTTP/1.1" 200 -
2025-03-17 01:53:34,839 - INFO - HTTP: "GET /queue HTTP/1.1" 200 -
2025-03-17 01:53:35,534 - INFO - HTTP: "GET /queue HTTP/1.1" 200 -
2025-03-17 01:53:36,851 - INFO - HTTP: "GET /queue HTTP/1.1" 200 -
2025-03-17 01:53:37,523 - INFO - HTTP: "GET /queue HTTP/1.1" 200 -
2025-03-17 01:53:38,833 - INFO - HTTP: "GET /queue HTTP/1.1" 200 -
2025-03-17 01:53:39,525 - INFO - HTTP: "GET /queue HTTP/1.1" 200 -
2025-03-17 01:53:40,833 - INFO - HTTP: "GET /queue HTTP/1.1" 200 -
2025-03-17 01:53:41,520 - INFO - HTTP: "GET /queue HTTP/1.1" 200 -
2025-03-17 01:53:42,832 - INFO - HTTP: "GET /queue HTTP/1.1" 200 -
2025-03-17 01:53:43,534 - INFO - HTTP: "GET /queue HTTP/1.1" 200 -
2025-03-17 01:53:44,843 - INFO - HTTP: "GET /queue HTTP/1.1" 200 -
2025-03-17 01:53:45,525 - INFO - HTTP: "GET /queue HTTP/1.1" 200 -
2025-03-17 01:53:46,835 - INFO - HTTP: "GET /queue HTTP/1.1" 200 -
2025-03-17 01:53:47,524 - INFO - HTTP: "GET /queue HTTP/1.1" 200 -
2025-03-17 01:53:48,833 - INFO - HTTP: "GET /queue HTTP/1.1" 200 -
2025-03-17 01:53:49,094 - INFO - HTTP: "GET /queue HTTP/1.1" 200 -
2025-03-17 01:53:49,532 - INFO - HTTP: "GET /queue HTTP/1.1" 200 -
2025-03-17 01:53:50,837 - INFO - HTTP: "GET /queue HTTP/1.1" 200 -
2025-03-17 01:53:51,525 - INFO - HTTP: "GET /queue HTTP/1.1" 200 -
2025-03-17 01:53:52,842 - INFO - HTTP: "GET /queue HTTP/1.1" 200 -
2025-03-17 01:53:53,525 - INFO - HTTP: "GET /queue HTTP/1.1" 200 -
2025-03-17 01:53:54,850 - INFO - HTTP: "GET /queue HTTP/1.1" 200 -
2025-03-17 01:53:55,535 - INFO - HTTP: "GET /queue HTTP/1.1" 200 -
2025-03-17 01:53:56,836 - INFO - HTTP: "GET /queue HTTP/1.1" 200 -
2025-03-17 01:53:57,535 - INFO - HTTP: "GET /queue HTTP/1.1" 200 -
2025-03-17 01:53:58,843 - INFO - HTTP: "GET /queue HTTP/1.1" 200 -
2025-03-17 01:53:59,534 - INFO - HTTP: "GET /queue HTTP/1.1" 200 -
2025-03-17 01:54:00,847 - INFO - HTTP: "GET /queue HTTP/1.1" 200 -
2025-03-17 01:54:01,529 - INFO - HTTP: "GET /queue HTTP/1.1" 200 -
2025-03-17 01:54:02,840 - INFO - HTTP: "GET /queue HTTP/1.1" 200 -
2025-03-17 01:54:03,524 - INFO - HTTP: "GET /queue HTTP/1.1" 200 -
2025-03-17 01:54:04,832 - INFO - HTTP: "GET /queue HTTP/1.1" 200 -
2025-03-17 01:54:05,532 - INFO - HTTP: "GET /queue HTTP/1.1" 200 -
2025-03-17 01:54:06,837 - INFO - HTTP: "GET /queue HTTP/1.1" 200 -
2025-03-17 01:54:07,524 - INFO - HTTP: "GET /queue HTTP/1.1" 200 -
2025-03-17 01:54:08,832 - INFO - HTTP: "GET /queue HTTP/1.1" 200 -
2025-03-17 01:54:09,532 - INFO - HTTP: "GET /queue HTTP/1.1" 200 -
2025-03-17 01:54:10,842 - INFO - HTTP: "GET /queue HTTP/1.1" 200 -
2025-03-17 01:54:11,530 - INFO - HTTP: "GET /queue HTTP/1.1" 200 -
2025-03-17 01:54:12,838 - INFO - HTTP: "GET /queue HTTP/1.1" 200 -
2025-03-17 01:54:13,523 - INFO - HTTP: "GET /queue HTTP/1.1" 200 -
2025-03-17 01:54:14,842 - INFO - HTTP: "GET /queue HTTP/1.1" 200 -
2025-03-17 01:54:15,528 - INFO - HTTP: "GET /queue HTTP/1.1" 200 -
2025-03-17 01:54:16,841 - INFO - HTTP: "GET /queue HTTP/1.1" 200 -
2025-03-17 01:54:17,526 - INFO - HTTP: "GET /queue HTTP/1.1" 200 -
2025-03-17 01:54:18,840 - INFO - HTTP: "GET /queue HTTP/1.1" 200 -
2025-03-17 01:54:19,526 - INFO - HTTP: "GET /queue HTTP/1.1" 200 -
2025-03-17 01:54:20,842 - INFO - HTTP: "GET /queue HTTP/1.1" 200 -
2025-03-17 01:54:21,530 - INFO - HTTP: "GET /queue HTTP/1.1" 200 -
2025-03-17 01:54:22,603 - INFO - HTTP: "GET /queue HTTP/1.1" 200 -
2025-03-17 01:54:22,867 - INFO - HTTP: "GET /queue HTTP/1.1" 200 -
2025-03-17 01:54:22,914 - INFO - HTTP: "GET /queue HTTP/1.1" 200 -
2025-03-17 01:54:23,397 - INFO - HTTP: "GET /queue HTTP/1.1" 200 -
2025-03-17 01:54:23,834 - INFO - HTTP: "GET /queue HTTP/1.1" 200 -
2025-03-17 01:54:24,395 - INFO - HTTP: "GET /queue HTTP/1.1" 200 -
2025-03-17 01:54:24,838 - INFO - HTTP: "GET /queue HTTP/1.1" 200 -
2025-03-17 01:54:25,391 - INFO - HTTP: "GET /queue HTTP/1.1" 200 -
2025-03-17 01:54:25,824 - INFO - HTTP: "GET /queue HTTP/1.1" 200 -
2025-03-17 01:54:26,395 - INFO - HTTP: "GET /queue HTTP/1.1" 200 -
2025-03-17 01:54:26,842 - INFO - HTTP: "GET /queue HTTP/1.1" 200 -
2025-03-17 01:54:27,388 - INFO - HTTP: "GET /queue HTTP/1.1" 200 -
2025-03-17 01:54:27,838 - INFO - HTTP: "GET /queue HTTP/1.1" 200 -
2025-03-17 01:54:28,387 - INFO - HTTP: "GET /queue HTTP/1.1" 200 -
2025-03-17 01:54:28,837 - INFO - HTTP: "GET /queue HTTP/1.1" 200 -
2025-03-17 01:54:29,384 - INFO - HTTP: "GET /queue HTTP/1.1" 200 -
2025-03-17 01:54:29,834 - INFO - HTTP: "GET /queue HTTP/1.1" 200 -
2025-03-17 01:54:30,526 - INFO - HTTP: "GET /queue HTTP/1.1" 200 -
2025-03-17 01:54:31,838 - INFO - HTTP: "GET /queue HTTP/1.1" 200 -
2025-03-17 01:54:32,533 - INFO - HTTP: "GET /queue HTTP/1.1" 200 -
2025-03-17 01:54:33,846 - INFO - HTTP: "GET /queue HTTP/1.1" 200 -
2025-03-17 01:54:34,534 - INFO - HTTP: "GET /queue HTTP/1.1" 200 -
2025-03-17 01:54:35,838 - INFO - HTTP: "GET /queue HTTP/1.1" 200 -
2025-03-17 01:54:36,522 - INFO - HTTP: "GET /queue HTTP/1.1" 200 -
2025-03-17 01:54:37,838 - INFO - HTTP: "GET /queue HTTP/1.1" 200 -
2025-03-17 01:54:38,529 - INFO - HTTP: "GET /queue HTTP/1.1" 200 -
2025-03-17 01:54:39,835 - INFO - HTTP: "GET /queue HTTP/1.1" 200 -
2025-03-17 01:54:40,522 - INFO - HTTP: "GET /queue HTTP/1.1" 200 -
2025-03-17 01:54:41,827 - INFO - HTTP: "GET /queue HTTP/1.1" 200 -
2025-03-17 01:54:42,529 - INFO - HTTP: "GET /queue HTTP/1.1" 200 -
2025-03-17 01:54:43,837 - INFO - HTTP: "GET /queue HTTP/1.1" 200 -
2025-03-17 01:54:44,523 - INFO - HTTP: "GET /queue HTTP/1.1" 200 -
2025-03-17 01:54:45,847 - INFO - HTTP: "GET /queue HTTP/1.1" 200 -
2025-03-17 01:54:46,531 - INFO - HTTP: "GET /queue HTTP/1.1" 200 -
2025-03-17 01:54:47,847 - INFO - HTTP: "GET /queue HTTP/1.1" 200 -
2025-03-17 01:54:48,528 - INFO - HTTP: "GET /queue HTTP/1.1" 200 -
2025-03-17 01:54:49,838 - INFO - HTTP: "GET /queue HTTP/1.1" 200 -
2025-03-17 01:54:50,524 - INFO - HTTP: "GET /queue HTTP/1.1" 200 -
2025-03-17 01:54:51,833 - INFO - HTTP: "GET /queue HTTP/1.1" 200 -
2025-03-17 01:54:52,534 - INFO - HTTP: "GET /queue HTTP/1.1" 200 -
2025-03-17 01:54:53,828 - INFO - HTTP: "GET /queue HTTP/1.1" 200 -
2025-03-17 01:54:54,528 - INFO - HTTP: "GET /queue HTTP/1.1" 200 -
2025-03-17 01:54:55,845 - INFO - HTTP: "GET /queue HTTP/1.1" 200 -
2025-03-17 01:54:56,528 - INFO - HTTP: "GET /queue HTTP/1.1" 200 -
2025-03-17 01:54:57,833 - INFO - HTTP: "GET /queue HTTP/1.1" 200 -
2025-03-17 01:54:58,523 - INFO - HTTP: "GET /queue HTTP/1.1" 200 -
2025-03-17 01:54:59,842 - INFO - HTTP: "GET /queue HTTP/1.1" 200 -
2025-03-17 01:55:00,530 - INFO - HTTP: "GET /queue HTTP/1.1" 200 -
2025-03-17 01:55:01,846 - INFO - HTTP: "GET /queue HTTP/1.1" 200 -
2025-03-17 01:55:02,523 - INFO - HTTP: "GET /queue HTTP/1.1" 200 -
2025-03-17 01:55:03,845 - INFO - HTTP: "GET /queue HTTP/1.1" 200 -
2025-03-17 01:55:04,533 - INFO - HTTP: "GET /queue HTTP/1.1" 200 -
2025-03-17 01:55:05,844 - INFO - HTTP: "GET /queue HTTP/1.1" 200 -
2025-03-17 01:55:06,528 - INFO - HTTP: "GET /queue HTTP/1.1" 200 -
2025-03-17 01:55:07,836 - INFO - HTTP: "GET /queue HTTP/1.1" 200 -
2025-03-17 01:55:08,532 - INFO - HTTP: "GET /queue HTTP/1.1" 200 -
2025-03-17 01:55:09,847 - INFO - HTTP: "GET /queue HTTP/1.1" 200 -
2025-03-17 01:55:10,537 - INFO - HTTP: "GET /queue HTTP/1.1" 200 -
2025-03-17 01:55:11,850 - INFO - HTTP: "GET /queue HTTP/1.1" 200 -
2025-03-17 01:55:12,522 - INFO - HTTP: "GET /queue HTTP/1.1" 200 -
2025-03-17 01:55:13,844 - INFO - HTTP: "GET /queue HTTP/1.1" 200 -
2025-03-17 01:55:14,527 - INFO - HTTP: "GET /queue HTTP/1.1" 200 -
2025-03-17 01:55:15,833 - INFO - HTTP: "GET /queue HTTP/1.1" 200 -
2025-03-17 01:55:16,523 - INFO - HTTP: "GET /queue HTTP/1.1" 200 -
2025-03-17 01:55:17,835 - INFO - HTTP: "GET /queue HTTP/1.1" 200 -
2025-03-17 01:55:18,535 - INFO - HTTP: "GET /queue HTTP/1.1" 200 -
2025-03-17 01:55:19,844 - INFO - HTTP: "GET /queue HTTP/1.1" 200 -
2025-03-17 01:55:20,530 - INFO - HTTP: "GET /queue HTTP/1.1" 200 -
2025-03-17 01:55:21,837 - INFO - HTTP: "GET /queue HTTP/1.1" 200 -
2025-03-17 01:55:22,523 - INFO - HTTP: "GET /queue HTTP/1.1" 200 -
2025-03-17 01:55:23,845 - INFO - HTTP: "GET /queue HTTP/1.1" 200 -
2025-03-17 01:55:24,532 - INFO - HTTP: "GET /queue HTTP/1.1" 200 -
2025-03-17 01:55:25,845 - INFO - HTTP: "GET /queue HTTP/1.1" 200 -
2025-03-17 01:55:26,533 - INFO - HTTP: "GET /queue HTTP/1.1" 200 -
2025-03-17 01:55:27,835 - INFO - HTTP: "GET /queue HTTP/1.1" 200 -
2025-03-17 01:55:28,523 - INFO - HTTP: "GET /queue HTTP/1.1" 200 -
2025-03-17 01:55:29,848 - INFO - HTTP: "GET /queue HTTP/1.1" 200 -
2025-03-17 01:55:30,526 - INFO - HTTP: "GET /queue HTTP/1.1" 200 -
2025-03-17 01:55:31,837 - INFO - HTTP: "GET /queue HTTP/1.1" 200 -
2025-03-17 01:55:32,535 - INFO - HTTP: "GET /queue HTTP/1.1" 200 -
2025-03-17 01:55:33,841 - INFO - HTTP: "GET /queue HTTP/1.1" 200 -
2025-03-17 01:55:34,529 - INFO - HTTP: "GET /queue HTTP/1.1" 200 -
2025-03-17 01:55:35,836 - INFO - HTTP: "GET /queue HTTP/1.1" 200 -
2025-03-17 01:55:36,536 - INFO - HTTP: "GET /queue HTTP/1.1" 200 -
2025-03-17 01:55:37,844 - INFO - HTTP: "GET /queue HTTP/1.1" 200 -
2025-03-17 01:55:38,532 - INFO - HTTP: "GET /queue HTTP/1.1" 200 -
2025-03-17 01:55:39,842 - INFO - HTTP: "GET /queue HTTP/1.1" 200 -
2025-03-17 01:55:40,522 - INFO - HTTP: "GET /queue HTTP/1.1" 200 -
2025-03-17 01:55:41,837 - INFO - HTTP: "GET /queue HTTP/1.1" 200 -
2025-03-17 01:55:42,522 - INFO - HTTP: "GET /queue HTTP/1.1" 200 -
2025-03-17 01:55:43,836 - INFO - HTTP: "GET /queue HTTP/1.1" 200 -
2025-03-17 01:55:44,525 - INFO - HTTP: "GET /queue HTTP/1.1" 200 -
2025-03-17 01:55:45,836 - INFO - HTTP: "GET /queue HTTP/1.1" 200 -
2025-03-17 01:55:46,525 - INFO - HTTP: "GET /queue HTTP/1.1" 200 -
2025-03-17 01:55:47,836 - INFO - HTTP: "GET /queue HTTP/1.1" 200 -
2025-03-17 01:55:48,528 - INFO - HTTP: "GET /queue HTTP/1.1" 200 -
2025-03-17 01:55:49,840 - INFO - HTTP: "GET /queue HTTP/1.1" 200 -
2025-03-17 01:55:50,532 - INFO - HTTP: "GET /queue HTTP/1.1" 200 -
2025-03-17 01:55:51,827 - INFO - HTTP: "GET /queue HTTP/1.1" 200 -
2025-03-17 01:55:52,526 - INFO - HTTP: "GET /queue HTTP/1.1" 200 -
2025-03-17 01:55:53,837 - INFO - HTTP: "GET /queue HTTP/1.1" 200 -
2025-03-17 01:55:54,530 - INFO - HTTP: "GET /queue HTTP/1.1" 200 -
2025-03-17 01:55:55,836 - INFO - HTTP: "GET /queue HTTP/1.1" 200 -
2025-03-17 01:55:56,528 - INFO - HTTP: "GET /queue HTTP/1.1" 200 -
2025-03-17 01:55:57,843 - INFO - HTTP: "GET /queue HTTP/1.1" 200 -
2025-03-17 01:55:58,529 - INFO - HTTP: "GET /queue HTTP/1.1" 200 -
2025-03-17 01:55:59,839 - INFO - HTTP: "GET /queue HTTP/1.1" 200 -
2025-03-17 01:56:00,524 - INFO - HTTP: "GET /queue HTTP/1.1" 200 -
2025-03-17 01:56:01,831 - INFO - HTTP: "GET /queue HTTP/1.1" 200 -
2025-03-17 01:56:02,522 - INFO - HTTP: "GET /queue HTTP/1.1" 200 -
2025-03-17 01:56:03,830 - INFO - HTTP: "GET /queue HTTP/1.1" 200 -
2025-03-17 01:56:04,535 - INFO - HTTP: "GET /queue HTTP/1.1" 200 -
2025-03-17 01:56:05,847 - INFO - HTTP: "GET /queue HTTP/1.1" 200 -
2025-03-17 01:56:06,533 - INFO - HTTP: "GET /queue HTTP/1.1" 200 -
2025-03-17 01:56:07,836 - INFO - HTTP: "GET /queue HTTP/1.1" 200 -
2025-03-17 01:56:08,522 - INFO - HTTP: "GET /queue HTTP/1.1" 200 -
2025-03-17 01:56:09,844 - INFO - HTTP: "GET /queue HTTP/1.1" 200 -
2025-03-17 01:56:10,526 - INFO - HTTP: "GET /queue HTTP/1.1" 200 -
2025-03-17 01:56:11,840 - INFO - HTTP: "GET /queue HTTP/1.1" 200 -
2025-03-17 01:56:12,522 - INFO - HTTP: "GET /queue HTTP/1.1" 200 -
2025-03-17 01:56:13,849 - INFO - HTTP: "GET /queue HTTP/1.1" 200 -
2025-03-17 01:56:14,527 - INFO - HTTP: "GET /queue HTTP/1.1" 200 -
2025-03-17 01:56:15,829 - INFO - HTTP: "GET /queue HTTP/1.1" 200 -
2025-03-17 01:56:16,527 - INFO - HTTP: "GET /queue HTTP/1.1" 200 -
2025-03-17 01:56:17,837 - INFO - HTTP: "GET /queue HTTP/1.1" 200 -
2025-03-17 01:56:18,525 - INFO - HTTP: "GET /queue HTTP/1.1" 200 -
2025-03-17 01:56:19,832 - INFO - HTTP: "GET /queue HTTP/1.1" 200 -
2025-03-17 01:56:20,536 - INFO - HTTP: "GET /queue HTTP/1.1" 200 -
2025-03-17 01:56:21,834 - INFO - HTTP: "GET /queue HTTP/1.1" 200 -
2025-03-17 01:56:22,526 - INFO - HTTP: "GET /queue HTTP/1.1" 200 -
2025-03-17 01:56:23,825 - INFO - HTTP: "GET /queue HTTP/1.1" 200 -
2025-03-17 01:56:24,533 - INFO - HTTP: "GET /queue HTTP/1.1" 200 -
2025-03-17 01:56:25,841 - INFO - HTTP: "GET /queue HTTP/1.1" 200 -
2025-03-17 01:56:26,531 - INFO - HTTP: "GET /queue HTTP/1.1" 200 -
2025-03-17 01:56:27,838 - INFO - HTTP: "GET /queue HTTP/1.1" 200 -
2025-03-17 01:56:28,535 - INFO - HTTP: "GET /queue HTTP/1.1" 200 -
2025-03-17 01:56:29,845 - INFO - HTTP: "GET /queue HTTP/1.1" 200 -
2025-03-17 01:56:30,532 - INFO - HTTP: "GET /queue HTTP/1.1" 200 -
2025-03-17 01:56:31,842 - INFO - HTTP: "GET /queue HTTP/1.1" 200 -
2025-03-17 01:56:32,528 - INFO - HTTP: "GET /queue HTTP/1.1" 200 -
2025-03-17 01:56:33,836 - INFO - HTTP: "GET /queue HTTP/1.1" 200 -
2025-03-17 01:56:34,522 - INFO - HTTP: "GET /queue HTTP/1.1" 200 -
2025-03-17 01:56:35,835 - INFO - HTTP: "GET /queue HTTP/1.1" 200 -
2025-03-17 01:56:36,098 - INFO - HTTP: "GET /next HTTP/1.1" 200 -
2025-03-17 01:56:36,224 - INFO - HTTP: "GET /queue HTTP/1.1" 200 -
2025-03-17 01:56:36,410 - INFO - HTTP: "GET /queue HTTP/1.1" 200 -
2025-03-17 01:56:36,536 - INFO - HTTP: "GET /queue HTTP/1.1" 200 -
2025-03-17 01:56:37,844 - INFO - HTTP: "GET /queue HTTP/1.1" 200 -
2025-03-17 01:56:38,518 - INFO - HTTP: "GET /queue HTTP/1.1" 200 -
2025-03-17 01:56:39,842 - INFO - HTTP: "GET /queue HTTP/1.1" 200 -
2025-03-17 01:56:39,842 - INFO - HTTP: "GET /next HTTP/1.1" 200 -
2025-03-17 01:56:40,091 - INFO - HTTP: "GET /queue HTTP/1.1" 200 -
2025-03-17 01:56:40,525 - INFO - HTTP: "GET /next HTTP/1.1" 200 -
2025-03-17 01:56:40,836 - INFO - HTTP: "GET /queue HTTP/1.1" 200 -
2025-03-17 01:56:41,535 - INFO - HTTP: "GET /next HTTP/1.1" 200 -
2025-03-17 01:56:41,846 - INFO - HTTP: "GET /queue HTTP/1.1" 200 -
2025-03-17 01:56:42,528 - INFO - HTTP: "GET /next HTTP/1.1" 200 -
2025-03-17 01:56:42,839 - INFO - HTTP: "GET /queue HTTP/1.1" 200 -
2025-03-17 01:56:43,524 - INFO - HTTP: "GET /next HTTP/1.1" 200 -
2025-03-17 01:56:43,837 - INFO - HTTP: "GET /queue HTTP/1.1" 200 -
2025-03-17 01:56:44,530 - INFO - HTTP: "GET /next HTTP/1.1" 200 -
2025-03-17 01:56:44,836 - INFO - HTTP: "GET /queue HTTP/1.1" 200 -
2025-03-17 01:56:45,523 - INFO - HTTP: "GET /next HTTP/1.1" 200 -
2025-03-17 01:56:45,833 - INFO - HTTP: "GET /queue HTTP/1.1" 200 -
2025-03-17 01:56:46,525 - INFO - HTTP: "GET /next HTTP/1.1" 200 -
2025-03-17 01:56:46,834 - INFO - HTTP: "GET /queue HTTP/1.1" 200 -
2025-03-17 11:42:48,373 - INFO - Settings loaded. Current voice: male_01.wav
2025-03-17 11:42:48,374 - INFO - Starting TTS player server...
2025-03-17 11:42:48,376 - INFO - TTS player server started on port 8765
2025-03-17 11:42:48,376 - INFO - Using voice: male_01.wav
2025-03-17 11:42:49,017 - INFO - TTS player opened in browser at http://localhost:8765
2025-03-17 11:42:49,024 - INFO - Added to TTS queue: Hey there! How can I help you today?

2025-03-17 11:42:49,465 - INFO - HTTP: "GET / HTTP/1.1" 200 -
2025-03-17 11:42:49,493 - INFO - HTTP: "GET /voices HTTP/1.1" 200 -
2025-03-17 11:42:49,714 - INFO - HTTP: "GET /queue HTTP/1.1" 200 -
2025-03-17 11:42:49,839 - INFO - HTTP: "GET /current-voice HTTP/1.1" 200 -
2025-03-17 11:42:50,823 - INFO - HTTP: "GET /next HTTP/1.1" 200 -
2025-03-17 11:42:51,090 - INFO - HTTP: "GET /queue HTTP/1.1" 200 -
2025-03-17 11:42:51,138 - INFO - HTTP: "GET /queue HTTP/1.1" 200 -
2025-03-17 11:42:51,493 - INFO - HTTP: "GET /queue HTTP/1.1" 200 -
2025-03-17 11:42:52,805 - INFO - HTTP: "GET /queue HTTP/1.1" 200 -
2025-03-17 11:42:53,503 - INFO - HTTP: "GET /queue HTTP/1.1" 200 -
2025-03-17 11:42:54,806 - INFO - HTTP: "GET /queue HTTP/1.1" 200 -
2025-03-17 11:42:55,494 - INFO - HTTP: "GET /queue HTTP/1.1" 200 -
2025-03-17 11:42:56,085 - INFO - HTTP: code 404, message File not found
2025-03-17 11:42:56,086 - INFO - HTTP: "GET /favicon.ico HTTP/1.1" 404 -
2025-03-17 11:42:56,495 - INFO - HTTP: "GET /queue HTTP/1.1" 200 -
2025-03-17 11:42:57,813 - INFO - HTTP: "GET /queue HTTP/1.1" 200 -
2025-03-17 11:42:58,347 - INFO - HTTP: "GET /next HTTP/1.1" 200 -
2025-03-17 11:42:58,654 - INFO - HTTP: "GET /queue HTTP/1.1" 200 -
2025-03-17 11:42:58,795 - INFO - HTTP: "GET /next HTTP/1.1" 200 -
2025-03-17 11:42:58,918 - INFO - HTTP: "GET /queue HTTP/1.1" 200 -
2025-03-17 11:42:59,499 - INFO - HTTP: "GET /next HTTP/1.1" 200 -
2025-03-17 11:42:59,812 - INFO - HTTP: "GET /queue HTTP/1.1" 200 -
2025-03-17 11:43:00,499 - INFO - HTTP: "GET /next HTTP/1.1" 200 -
2025-03-17 11:43:00,807 - INFO - HTTP: "GET /queue HTTP/1.1" 200 -
2025-03-17 11:43:01,507 - INFO - HTTP: "GET /next HTTP/1.1" 200 -
2025-03-17 11:43:01,823 - INFO - HTTP: "GET /queue HTTP/1.1" 200 -
2025-03-17 11:43:02,494 - INFO - HTTP: "GET /next HTTP/1.1" 200 -
2025-03-17 11:43:02,816 - INFO - HTTP: "GET /queue HTTP/1.1" 200 -
2025-03-17 11:43:03,500 - INFO - HTTP: "GET /next HTTP/1.1" 200 -
2025-03-17 11:43:03,810 - INFO - HTTP: "GET /queue HTTP/1.1" 200 -
2025-03-17 11:43:04,503 - INFO - HTTP: "GET /next HTTP/1.1" 200 -
2025-03-17 11:43:04,813 - INFO - HTTP: "GET /queue HTTP/1.1" 200 -
2025-03-17 11:43:05,486 - INFO - HTTP: "GET /next HTTP/1.1" 200 -
2025-03-17 11:43:05,795 - INFO - HTTP: "GET /queue HTTP/1.1" 200 -
2025-03-17 11:43:06,489 - INFO - HTTP: "GET /next HTTP/1.1" 200 -
2025-03-17 11:43:06,795 - INFO - HTTP: "GET /queue HTTP/1.1" 200 -
2025-03-17 11:43:07,498 - INFO - HTTP: "GET /next HTTP/1.1" 200 -
2025-03-17 11:43:07,807 - INFO - HTTP: "GET /queue HTTP/1.1" 200 -
2025-03-17 11:43:08,497 - INFO - HTTP: "GET /next HTTP/1.1" 200 -
2025-03-17 11:43:08,808 - INFO - HTTP: "GET /queue HTTP/1.1" 200 -
2025-03-17 11:43:09,495 - INFO - HTTP: "GET /next HTTP/1.1" 200 -
2025-03-17 11:43:09,807 - INFO - HTTP: "GET /queue HTTP/1.1" 200 -
2025-03-17 11:43:10,069 - INFO - HTTP: "GET /next HTTP/1.1" 200 -
2025-03-17 11:43:10,132 - INFO - HTTP: "GET /queue HTTP/1.1" 200 -
2025-03-17 11:43:10,493 - INFO - HTTP: "GET /next HTTP/1.1" 200 -
2025-03-17 11:43:10,807 - INFO - HTTP: "GET /queue HTTP/1.1" 200 -
2025-03-17 11:43:11,498 - INFO - HTTP: "GET /next HTTP/1.1" 200 -
2025-03-17 11:43:11,809 - INFO - HTTP: "GET /queue HTTP/1.1" 200 -
2025-03-17 11:43:12,496 - INFO - HTTP: "GET /next HTTP/1.1" 200 -
2025-03-17 11:43:12,804 - INFO - HTTP: "GET /queue HTTP/1.1" 200 -
2025-03-17 11:43:13,490 - INFO - HTTP: "GET /next HTTP/1.1" 200 -
2025-03-17 11:43:13,801 - INFO - HTTP: "GET /queue HTTP/1.1" 200 -
2025-03-17 11:43:14,066 - INFO - HTTP: "GET /next HTTP/1.1" 200 -
2025-03-17 11:43:14,191 - INFO - HTTP: "GET /queue HTTP/1.1" 200 -
2025-03-17 11:43:14,501 - INFO - HTTP: "GET /next HTTP/1.1" 200 -
2025-03-17 11:43:14,813 - INFO - HTTP: "GET /queue HTTP/1.1" 200 -
2025-03-17 11:43:15,497 - INFO - HTTP: "GET /next HTTP/1.1" 200 -
2025-03-17 11:43:15,807 - INFO - HTTP: "GET /queue HTTP/1.1" 200 -
2025-03-17 11:43:16,493 - INFO - HTTP: "GET /next HTTP/1.1" 200 -
2025-03-17 11:43:16,803 - INFO - HTTP: "GET /queue HTTP/1.1" 200 -
2025-03-17 11:43:17,492 - INFO - HTTP: "GET /next HTTP/1.1" 200 -
2025-03-17 11:43:17,803 - INFO - HTTP: "GET /queue HTTP/1.1" 200 -
2025-03-17 11:43:18,489 - INFO - HTTP: "GET /next HTTP/1.1" 200 -
2025-03-17 11:43:18,797 - INFO - HTTP: "GET /queue HTTP/1.1" 200 -
2025-03-17 11:43:19,515 - INFO - HTTP: "GET /next HTTP/1.1" 200 -
2025-03-17 11:43:19,829 - INFO - HTTP: "GET /queue HTTP/1.1" 200 -
2025-03-17 11:43:20,497 - INFO - HTTP: "GET /next HTTP/1.1" 200 -
2025-03-17 11:43:20,811 - INFO - HTTP: "GET /queue HTTP/1.1" 200 -
2025-03-17 11:43:21,496 - INFO - HTTP: "GET /next HTTP/1.1" 200 -
2025-03-17 11:43:21,805 - INFO - HTTP: "GET /queue HTTP/1.1" 200 -
2025-03-17 11:43:22,493 - INFO - HTTP: "GET /next HTTP/1.1" 200 -
2025-03-17 11:43:22,806 - INFO - HTTP: "GET /queue HTTP/1.1" 200 -
2025-03-17 11:43:23,492 - INFO - HTTP: "GET /next HTTP/1.1" 200 -
2025-03-17 11:43:23,804 - INFO - HTTP: "GET /queue HTTP/1.1" 200 -
2025-03-17 11:43:24,489 - INFO - HTTP: "GET /next HTTP/1.1" 200 -
2025-03-17 11:43:24,803 - INFO - HTTP: "GET /queue HTTP/1.1" 200 -
2025-03-17 11:43:25,493 - INFO - HTTP: "GET /next HTTP/1.1" 200 -
2025-03-17 11:43:25,803 - INFO - HTTP: "GET /queue HTTP/1.1" 200 -
2025-03-17 11:43:26,267 - INFO - HTTP: "GET /next HTTP/1.1" 200 -
2025-03-17 11:43:26,577 - INFO - HTTP: "GET /queue HTTP/1.1" 200 -
2025-03-17 11:43:26,809 - INFO - HTTP: "GET /next HTTP/1.1" 200 -
2025-03-17 11:43:26,847 - INFO - HTTP: "GET /queue HTTP/1.1" 200 -
2025-03-17 11:43:27,810 - INFO - HTTP: "GET /next HTTP/1.1" 200 -
2025-03-17 11:43:28,076 - INFO - HTTP: "GET /queue HTTP/1.1" 200 -
2025-03-17 11:43:28,500 - INFO - HTTP: "GET /next HTTP/1.1" 200 -
2025-03-17 11:43:28,814 - INFO - HTTP: "GET /queue HTTP/1.1" 200 -
2025-03-17 11:43:29,489 - INFO - HTTP: "GET /next HTTP/1.1" 200 -
2025-03-17 11:43:29,806 - INFO - HTTP: "GET /queue HTTP/1.1" 200 -
2025-03-17 11:43:30,493 - INFO - HTTP: "GET /next HTTP/1.1" 200 -
2025-03-17 11:43:30,805 - INFO - HTTP: "GET /queue HTTP/1.1" 200 -
2025-03-17 11:43:31,496 - INFO - HTTP: "GET /next HTTP/1.1" 200 -
2025-03-17 11:43:31,808 - INFO - HTTP: "GET /queue HTTP/1.1" 200 -
2025-03-17 11:43:32,496 - INFO - HTTP: "GET /next HTTP/1.1" 200 -
2025-03-17 11:43:32,814 - INFO - HTTP: "GET /queue HTTP/1.1" 200 -
2025-03-17 11:43:33,490 - INFO - HTTP: "GET /next HTTP/1.1" 200 -
2025-03-17 11:43:33,804 - INFO - HTTP: "GET /queue HTTP/1.1" 200 -
2025-03-17 11:43:34,495 - INFO - HTTP: "GET /next HTTP/1.1" 200 -
2025-03-17 11:43:34,817 - INFO - HTTP: "GET /queue HTTP/1.1" 200 -
2025-03-17 11:43:35,502 - INFO - HTTP: "GET /next HTTP/1.1" 200 -
2025-03-17 11:43:35,815 - INFO - HTTP: "GET /queue HTTP/1.1" 200 -
2025-03-17 11:43:36,503 - INFO - HTTP: "GET /next HTTP/1.1" 200 -
2025-03-17 11:43:36,816 - INFO - HTTP: "GET /queue HTTP/1.1" 200 -
2025-03-17 11:43:37,490 - INFO - HTTP: "GET /next HTTP/1.1" 200 -
2025-03-17 11:43:37,800 - INFO - HTTP: "GET /queue HTTP/1.1" 200 -
2025-03-17 11:43:38,501 - INFO - HTTP: "GET /next HTTP/1.1" 200 -
2025-03-17 11:43:38,817 - INFO - HTTP: "GET /queue HTTP/1.1" 200 -
2025-03-17 11:43:39,492 - INFO - HTTP: "GET /next HTTP/1.1" 200 -
2025-03-17 11:43:39,804 - INFO - HTTP: "GET /queue HTTP/1.1" 200 -
2025-03-17 11:43:40,489 - INFO - HTTP: "GET /next HTTP/1.1" 200 -
2025-03-17 11:43:40,816 - INFO - HTTP: "GET /queue HTTP/1.1" 200 -
2025-03-17 11:43:41,502 - INFO - HTTP: "GET /next HTTP/1.1" 200 -
2025-03-17 11:43:41,814 - INFO - HTTP: "GET /queue HTTP/1.1" 200 -
2025-03-17 11:43:42,503 - INFO - HTTP: "GET /next HTTP/1.1" 200 -
2025-03-17 11:43:42,817 - INFO - HTTP: "GET /queue HTTP/1.1" 200 -
2025-03-17 11:43:43,490 - INFO - HTTP: "GET /next HTTP/1.1" 200 -
2025-03-17 11:43:43,802 - INFO - HTTP: "GET /queue HTTP/1.1" 200 -
2025-03-17 11:43:44,489 - INFO - HTTP: "GET /next HTTP/1.1" 200 -
2025-03-17 11:43:44,801 - INFO - HTTP: "GET /queue HTTP/1.1" 200 -
2025-03-17 11:43:45,502 - INFO - HTTP: "GET /next HTTP/1.1" 200 -
2025-03-17 11:43:45,817 - INFO - HTTP: "GET /queue HTTP/1.1" 200 -
2025-03-17 11:43:46,493 - INFO - HTTP: "GET /next HTTP/1.1" 200 -
2025-03-17 11:43:46,601 - INFO - Added to TTS queue: Sure, I'm always happy to have a name! What did yo...
2025-03-17 11:43:46,813 - INFO - HTTP: "GET /queue HTTP/1.1" 200 -
2025-03-17 11:43:47,498 - INFO - HTTP: "GET /next HTTP/1.1" 200 -
2025-03-17 11:43:47,809 - INFO - HTTP: "GET /queue HTTP/1.1" 200 -
2025-03-17 11:43:48,074 - INFO - HTTP: "GET /queue HTTP/1.1" 200 -
2025-03-17 11:43:48,498 - INFO - HTTP: "GET /queue HTTP/1.1" 200 -
2025-03-17 11:43:49,789 - INFO - HTTP: "GET /queue HTTP/1.1" 200 -
2025-03-17 11:43:50,499 - INFO - HTTP: "GET /queue HTTP/1.1" 200 -
2025-03-17 11:43:51,811 - INFO - HTTP: "GET /queue HTTP/1.1" 200 -
2025-03-17 11:43:52,499 - INFO - HTTP: "GET /queue HTTP/1.1" 200 -
2025-03-17 11:43:53,810 - INFO - HTTP: "GET /queue HTTP/1.1" 200 -
2025-03-17 11:43:54,059 - INFO - HTTP: "GET /next HTTP/1.1" 200 -
2025-03-17 11:43:54,248 - INFO - HTTP: "GET /queue HTTP/1.1" 200 -
2025-03-17 11:43:54,488 - INFO - HTTP: "GET /next HTTP/1.1" 200 -
2025-03-17 11:43:54,793 - INFO - HTTP: "GET /queue HTTP/1.1" 200 -
2025-03-17 11:43:55,499 - INFO - HTTP: "GET /next HTTP/1.1" 200 -
2025-03-17 11:43:55,810 - INFO - HTTP: "GET /queue HTTP/1.1" 200 -
2025-03-17 11:43:56,499 - INFO - HTTP: "GET /next HTTP/1.1" 200 -
2025-03-17 11:43:56,809 - INFO - HTTP: "GET /queue HTTP/1.1" 200 -
2025-03-17 11:43:57,499 - INFO - HTTP: "GET /next HTTP/1.1" 200 -
2025-03-17 11:43:57,809 - INFO - HTTP: "GET /queue HTTP/1.1" 200 -
2025-03-17 11:43:58,500 - INFO - HTTP: "GET /next HTTP/1.1" 200 -
2025-03-17 11:43:58,811 - INFO - HTTP: "GET /queue HTTP/1.1" 200 -
2025-03-17 11:43:59,498 - INFO - HTTP: "GET /next HTTP/1.1" 200 -
2025-03-17 11:43:59,815 - INFO - HTTP: "GET /queue HTTP/1.1" 200 -
2025-03-17 11:44:00,496 - INFO - HTTP: "GET /next HTTP/1.1" 200 -
2025-03-17 11:44:00,811 - INFO - HTTP: "GET /queue HTTP/1.1" 200 -
2025-03-17 11:44:01,046 - INFO - Added to TTS queue: Syphrt, that's an interesting name! I'll remember ...
2025-03-17 11:44:01,499 - INFO - HTTP: "GET /next HTTP/1.1" 200 -
2025-03-17 11:44:01,824 - INFO - HTTP: "GET /queue HTTP/1.1" 200 -
2025-03-17 11:44:02,091 - INFO - HTTP: "GET /queue HTTP/1.1" 200 -
2025-03-17 11:44:02,496 - INFO - HTTP: "GET /queue HTTP/1.1" 200 -
2025-03-17 11:44:03,803 - INFO - HTTP: "GET /queue HTTP/1.1" 200 -
2025-03-17 11:44:04,489 - INFO - HTTP: "GET /queue HTTP/1.1" 200 -
2025-03-17 11:44:05,805 - INFO - HTTP: "GET /queue HTTP/1.1" 200 -
2025-03-17 11:44:06,493 - INFO - HTTP: "GET /queue HTTP/1.1" 200 -
2025-03-17 11:44:07,804 - INFO - HTTP: "GET /queue HTTP/1.1" 200 -
2025-03-17 11:44:08,495 - INFO - HTTP: "GET /queue HTTP/1.1" 200 -
2025-03-17 11:44:09,796 - INFO - HTTP: "GET /queue HTTP/1.1" 200 -
2025-03-17 11:44:10,060 - INFO - HTTP: "GET /next HTTP/1.1" 200 -
2025-03-17 11:44:10,293 - INFO - HTTP: "GET /queue HTTP/1.1" 200 -
2025-03-17 11:44:10,497 - INFO - HTTP: "GET /next HTTP/1.1" 200 -
2025-03-17 11:44:10,809 - INFO - HTTP: "GET /queue HTTP/1.1" 200 -
2025-03-17 11:44:11,490 - INFO - HTTP: "GET /next HTTP/1.1" 200 -
2025-03-17 11:44:11,807 - INFO - HTTP: "GET /queue HTTP/1.1" 200 -
2025-03-17 11:44:12,493 - INFO - HTTP: "GET /next HTTP/1.1" 200 -
2025-03-17 11:44:12,807 - INFO - HTTP: "GET /queue HTTP/1.1" 200 -
2025-03-17 11:44:13,489 - INFO - HTTP: "GET /next HTTP/1.1" 200 -
2025-03-17 11:44:13,802 - INFO - HTTP: "GET /queue HTTP/1.1" 200 -
2025-03-17 11:44:14,504 - INFO - HTTP: "GET /next HTTP/1.1" 200 -
2025-03-17 11:44:14,817 - INFO - HTTP: "GET /queue HTTP/1.1" 200 -
2025-03-17 11:44:15,492 - INFO - HTTP: "GET /next HTTP/1.1" 200 -
2025-03-17 11:44:15,810 - INFO - HTTP: "GET /queue HTTP/1.1" 200 -
2025-03-17 11:44:16,490 - INFO - HTTP: "GET /next HTTP/1.1" 200 -
2025-03-17 11:44:16,810 - INFO - HTTP: "GET /queue HTTP/1.1" 200 -
2025-03-17 11:44:17,489 - INFO - HTTP: "GET /next HTTP/1.1" 200 -
2025-03-17 11:44:17,805 - INFO - HTTP: "GET /queue HTTP/1.1" 200 -
2025-03-17 11:44:18,489 - INFO - HTTP: "GET /next HTTP/1.1" 200 -
2025-03-17 11:44:18,808 - INFO - HTTP: "GET /queue HTTP/1.1" 200 -
2025-03-17 11:44:19,499 - INFO - HTTP: "GET /next HTTP/1.1" 200 -
2025-03-17 11:44:19,826 - INFO - HTTP: "GET /queue HTTP/1.1" 200 -
2025-03-17 11:44:19,939 - INFO - Added to TTS queue: Okay, switching back now.

2025-03-17 11:44:20,488 - INFO - Added to TTS queue: Okay, switching back now.

2025-03-17 11:44:20,502 - INFO - HTTP: "GET /next HTTP/1.1" 200 -
2025-03-17 11:44:20,660 - INFO - Added to TTS queue: Okay, switching back now.

2025-03-17 11:44:20,823 - INFO - HTTP: "GET /queue HTTP/1.1" 200 -
2025-03-17 11:44:21,085 - INFO - HTTP: "GET /queue HTTP/1.1" 200 -
2025-03-17 11:44:21,493 - INFO - HTTP: "GET /queue HTTP/1.1" 200 -
2025-03-17 11:44:22,808 - INFO - HTTP: "GET /queue HTTP/1.1" 200 -
2025-03-17 11:44:23,492 - INFO - HTTP: "GET /queue HTTP/1.1" 200 -
2025-03-17 11:44:24,405 - INFO - HTTP: "GET /next HTTP/1.1" 200 -
2025-03-17 11:44:24,668 - INFO - HTTP: "GET /queue HTTP/1.1" 200 -
2025-03-17 11:44:24,715 - INFO - HTTP: "GET /queue HTTP/1.1" 200 -
2025-03-17 11:44:24,981 - INFO - HTTP: "GET /queue HTTP/1.1" 200 -
2025-03-17 11:44:25,497 - INFO - HTTP: "GET /queue HTTP/1.1" 200 -
2025-03-17 11:44:26,803 - INFO - HTTP: "GET /queue HTTP/1.1" 200 -
2025-03-17 11:44:27,057 - INFO - HTTP: "GET /next HTTP/1.1" 200 -
2025-03-17 11:44:27,065 - INFO - HTTP: "GET /queue HTTP/1.1" 200 -
2025-03-17 11:44:27,379 - INFO - HTTP: "GET /queue HTTP/1.1" 200 -
2025-03-17 11:44:27,796 - INFO - HTTP: "GET /queue HTTP/1.1" 200 -
2025-03-17 11:44:28,491 - INFO - HTTP: "GET /queue HTTP/1.1" 200 -
2025-03-17 11:44:29,804 - INFO - HTTP: "GET /queue HTTP/1.1" 200 -
2025-03-17 11:44:30,069 - INFO - HTTP: "GET /next HTTP/1.1" 200 -
2025-03-17 11:44:30,335 - INFO - HTTP: "GET /queue HTTP/1.1" 200 -
2025-03-17 11:44:30,492 - INFO - HTTP: "GET /next HTTP/1.1" 200 -
2025-03-17 11:44:30,802 - INFO - HTTP: "GET /queue HTTP/1.1" 200 -
2025-03-17 11:44:31,486 - INFO - HTTP: "GET /next HTTP/1.1" 200 -
2025-03-17 11:44:31,802 - INFO - HTTP: "GET /queue HTTP/1.1" 200 -
2025-03-17 11:44:32,503 - INFO - HTTP: "GET /next HTTP/1.1" 200 -
2025-03-17 11:44:32,810 - INFO - HTTP: "GET /queue HTTP/1.1" 200 -
2025-03-17 11:44:33,498 - INFO - HTTP: "GET /next HTTP/1.1" 200 -
2025-03-17 11:44:33,805 - INFO - HTTP: "GET /queue HTTP/1.1" 200 -
2025-03-17 11:44:34,494 - INFO - HTTP: "GET /next HTTP/1.1" 200 -
2025-03-17 11:44:34,828 - INFO - HTTP: "GET /queue HTTP/1.1" 200 -
2025-03-17 11:44:35,487 - INFO - HTTP: "GET /next HTTP/1.1" 200 -
2025-03-17 11:44:35,803 - INFO - HTTP: "GET /queue HTTP/1.1" 200 -
2025-03-17 11:44:36,494 - INFO - HTTP: "GET /next HTTP/1.1" 200 -
2025-03-17 11:44:36,808 - INFO - HTTP: "GET /queue HTTP/1.1" 200 -
2025-03-17 11:44:37,493 - INFO - HTTP: "GET /next HTTP/1.1" 200 -
2025-03-17 11:44:37,803 - INFO - HTTP: "GET /queue HTTP/1.1" 200 -
2025-03-17 11:44:38,492 - INFO - HTTP: "GET /next HTTP/1.1" 200 -
2025-03-17 11:44:38,803 - INFO - HTTP: "GET /queue HTTP/1.1" 200 -
2025-03-17 11:44:39,503 - INFO - HTTP: "GET /next HTTP/1.1" 200 -
2025-03-17 11:44:39,812 - INFO - HTTP: "GET /queue HTTP/1.1" 200 -
2025-03-17 11:44:40,486 - INFO - HTTP: "GET /next HTTP/1.1" 200 -
2025-03-17 11:44:40,803 - INFO - HTTP: "GET /queue HTTP/1.1" 200 -
2025-03-17 11:44:41,494 - INFO - HTTP: "GET /next HTTP/1.1" 200 -
2025-03-17 11:44:41,809 - INFO - HTTP: "GET /queue HTTP/1.1" 200 -
2025-03-17 11:44:42,494 - INFO - HTTP: "GET /next HTTP/1.1" 200 -
2025-03-17 11:44:42,802 - INFO - HTTP: "GET /queue HTTP/1.1" 200 -
2025-03-17 11:44:43,495 - INFO - HTTP: "GET /next HTTP/1.1" 200 -
2025-03-17 11:44:43,814 - INFO - HTTP: "GET /queue HTTP/1.1" 200 -
2025-03-17 11:44:44,496 - INFO - HTTP: "GET /next HTTP/1.1" 200 -
2025-03-17 11:44:44,810 - INFO - HTTP: "GET /queue HTTP/1.1" 200 -
2025-03-17 11:44:45,487 - INFO - HTTP: "GET /next HTTP/1.1" 200 -
2025-03-17 11:44:45,801 - INFO - HTTP: "GET /queue HTTP/1.1" 200 -
2025-03-17 11:44:46,500 - INFO - HTTP: "GET /next HTTP/1.1" 200 -
2025-03-17 11:44:46,819 - INFO - HTTP: "GET /queue HTTP/1.1" 200 -
2025-03-17 11:44:47,489 - INFO - HTTP: "GET /next HTTP/1.1" 200 -
2025-03-17 11:44:47,799 - INFO - HTTP: "GET /queue HTTP/1.1" 200 -
2025-03-17 11:44:48,501 - INFO - HTTP: "GET /next HTTP/1.1" 200 -
2025-03-17 11:44:48,812 - INFO - HTTP: "GET /queue HTTP/1.1" 200 -
2025-03-17 11:44:49,499 - INFO - HTTP: "GET /next HTTP/1.1" 200 -
2025-03-17 11:44:49,812 - INFO - HTTP: "GET /queue HTTP/1.1" 200 -
2025-03-17 11:44:50,501 - INFO - HTTP: "GET /next HTTP/1.1" 200 -
2025-03-17 11:44:50,812 - INFO - HTTP: "GET /queue HTTP/1.1" 200 -
2025-03-17 11:44:51,501 - INFO - HTTP: "GET /next HTTP/1.1" 200 -
2025-03-17 11:44:51,812 - INFO - HTTP: "GET /queue HTTP/1.1" 200 -
2025-03-17 11:44:52,500 - INFO - HTTP: "GET /next HTTP/1.1" 200 -
2025-03-17 11:44:52,812 - INFO - HTTP: "GET /queue HTTP/1.1" 200 -
2025-03-17 11:44:53,500 - INFO - HTTP: "GET /next HTTP/1.1" 200 -
2025-03-17 11:44:53,814 - INFO - HTTP: "GET /queue HTTP/1.1" 200 -
2025-03-17 11:44:54,497 - INFO - HTTP: "GET /next HTTP/1.1" 200 -
2025-03-17 11:44:54,802 - INFO - HTTP: "GET /queue HTTP/1.1" 200 -
2025-03-17 11:44:55,490 - INFO - HTTP: "GET /next HTTP/1.1" 200 -
2025-03-17 11:44:55,797 - INFO - HTTP: "GET /queue HTTP/1.1" 200 -
2025-03-17 11:44:56,488 - INFO - HTTP: "GET /next HTTP/1.1" 200 -
2025-03-17 11:44:56,807 - INFO - HTTP: "GET /queue HTTP/1.1" 200 -
2025-03-17 11:44:57,492 - INFO - HTTP: "GET /next HTTP/1.1" 200 -
2025-03-17 11:44:57,804 - INFO - HTTP: "GET /queue HTTP/1.1" 200 -
2025-03-17 11:44:58,504 - INFO - HTTP: "GET /next HTTP/1.1" 200 -
2025-03-17 11:44:58,819 - INFO - HTTP: "GET /queue HTTP/1.1" 200 -
2025-03-17 11:44:59,494 - INFO - HTTP: "GET /next HTTP/1.1" 200 -
2025-03-17 11:44:59,810 - INFO - HTTP: "GET /queue HTTP/1.1" 200 -
2025-03-17 11:45:00,487 - INFO - HTTP: "GET /next HTTP/1.1" 200 -
2025-03-17 11:45:00,807 - INFO - HTTP: "GET /queue HTTP/1.1" 200 -
2025-03-17 11:45:01,502 - INFO - HTTP: "GET /next HTTP/1.1" 200 -
2025-03-17 11:45:01,812 - INFO - HTTP: "GET /queue HTTP/1.1" 200 -
2025-03-17 11:45:02,500 - INFO - HTTP: "GET /next HTTP/1.1" 200 -
2025-03-17 11:45:02,811 - INFO - HTTP: "GET /queue HTTP/1.1" 200 -
2025-03-17 11:45:03,501 - INFO - HTTP: "GET /next HTTP/1.1" 200 -
2025-03-17 11:45:03,813 - INFO - HTTP: "GET /queue HTTP/1.1" 200 -
2025-03-17 11:45:04,497 - INFO - HTTP: "GET /next HTTP/1.1" 200 -
2025-03-17 11:45:04,810 - INFO - HTTP: "GET /queue HTTP/1.1" 200 -
2025-03-17 11:45:05,495 - INFO - HTTP: "GET /next HTTP/1.1" 200 -
2025-03-17 11:45:05,809 - INFO - HTTP: "GET /queue HTTP/1.1" 200 -
2025-03-17 11:45:06,496 - INFO - HTTP: "GET /next HTTP/1.1" 200 -
2025-03-17 11:45:06,807 - INFO - HTTP: "GET /queue HTTP/1.1" 200 -
2025-03-17 11:45:07,496 - INFO - HTTP: "GET /next HTTP/1.1" 200 -
2025-03-17 11:45:07,808 - INFO - HTTP: "GET /queue HTTP/1.1" 200 -
2025-03-17 11:45:08,504 - INFO - HTTP: "GET /next HTTP/1.1" 200 -
2025-03-17 11:45:08,812 - INFO - HTTP: "GET /queue HTTP/1.1" 200 -
2025-03-17 11:45:09,488 - INFO - HTTP: "GET /next HTTP/1.1" 200 -
2025-03-17 11:45:09,803 - INFO - HTTP: "GET /queue HTTP/1.1" 200 -
2025-03-17 11:45:10,501 - INFO - HTTP: "GET /next HTTP/1.1" 200 -
2025-03-17 11:45:10,812 - INFO - HTTP: "GET /queue HTTP/1.1" 200 -
2025-03-17 11:45:11,488 - INFO - HTTP: "GET /next HTTP/1.1" 200 -
2025-03-17 11:45:11,795 - INFO - HTTP: "GET /queue HTTP/1.1" 200 -
2025-03-17 11:45:12,500 - INFO - HTTP: "GET /next HTTP/1.1" 200 -
2025-03-17 11:45:12,812 - INFO - HTTP: "GET /queue HTTP/1.1" 200 -
2025-03-17 11:45:13,500 - INFO - HTTP: "GET /next HTTP/1.1" 200 -
2025-03-17 11:45:13,810 - INFO - HTTP: "GET /queue HTTP/1.1" 200 -
2025-03-17 11:45:14,499 - INFO - HTTP: "GET /next HTTP/1.1" 200 -
2025-03-17 11:45:14,807 - INFO - HTTP: "GET /queue HTTP/1.1" 200 -
2025-03-17 11:45:15,488 - INFO - HTTP: "GET /next HTTP/1.1" 200 -
2025-03-17 11:45:15,804 - INFO - HTTP: "GET /queue HTTP/1.1" 200 -
2025-03-17 11:45:16,500 - INFO - HTTP: "GET /next HTTP/1.1" 200 -
2025-03-17 11:45:16,815 - INFO - HTTP: "GET /queue HTTP/1.1" 200 -
2025-03-17 11:45:17,505 - INFO - HTTP: "GET /next HTTP/1.1" 200 -
2025-03-17 11:45:17,820 - INFO - HTTP: "GET /queue HTTP/1.1" 200 -
2025-03-17 11:45:18,488 - INFO - HTTP: "GET /next HTTP/1.1" 200 -
2025-03-17 11:45:18,799 - INFO - HTTP: "GET /queue HTTP/1.1" 200 -
2025-03-17 11:45:19,519 - INFO - HTTP: "GET /next HTTP/1.1" 200 -
2025-03-17 11:45:19,838 - INFO - HTTP: "GET /queue HTTP/1.1" 200 -
2025-03-17 11:45:20,491 - INFO - HTTP: "GET /next HTTP/1.1" 200 -
2025-03-17 11:45:20,797 - INFO - HTTP: "GET /queue HTTP/1.1" 200 -
2025-03-17 11:45:21,488 - INFO - HTTP: "GET /next HTTP/1.1" 200 -
2025-03-17 11:45:21,806 - INFO - HTTP: "GET /queue HTTP/1.1" 200 -
2025-03-17 11:45:22,504 - INFO - HTTP: "GET /next HTTP/1.1" 200 -
2025-03-17 11:45:22,825 - INFO - HTTP: "GET /queue HTTP/1.1" 200 -
2025-03-17 11:45:23,495 - INFO - HTTP: "GET /next HTTP/1.1" 200 -
2025-03-17 11:45:23,806 - INFO - HTTP: "GET /queue HTTP/1.1" 200 -
2025-03-17 11:45:24,493 - INFO - HTTP: "GET /next HTTP/1.1" 200 -
2025-03-17 11:45:24,806 - INFO - HTTP: "GET /queue HTTP/1.1" 200 -
2025-03-17 11:45:25,504 - INFO - HTTP: "GET /next HTTP/1.1" 200 -
2025-03-17 11:45:25,816 - INFO - HTTP: "GET /queue HTTP/1.1" 200 -
2025-03-17 11:45:26,488 - INFO - HTTP: "GET /next HTTP/1.1" 200 -
2025-03-17 11:45:26,798 - INFO - HTTP: "GET /queue HTTP/1.1" 200 -
2025-03-17 11:45:27,504 - INFO - HTTP: "GET /next HTTP/1.1" 200 -
2025-03-17 11:45:27,820 - INFO - HTTP: "GET /queue HTTP/1.1" 200 -
2025-03-17 11:45:28,499 - INFO - HTTP: "GET /next HTTP/1.1" 200 -
2025-03-17 11:45:28,818 - INFO - HTTP: "GET /queue HTTP/1.1" 200 -
2025-03-17 11:45:29,493 - INFO - HTTP: "GET /next HTTP/1.1" 200 -
2025-03-17 11:45:29,805 - INFO - HTTP: "GET /queue HTTP/1.1" 200 -
2025-03-17 11:45:30,505 - INFO - HTTP: "GET /next HTTP/1.1" 200 -
2025-03-17 11:45:30,815 - INFO - HTTP: "GET /queue HTTP/1.1" 200 -
2025-03-17 11:45:31,499 - INFO - HTTP: "GET /next HTTP/1.1" 200 -
2025-03-17 11:45:31,812 - INFO - HTTP: "GET /queue HTTP/1.1" 200 -
2025-03-17 11:45:32,500 - INFO - HTTP: "GET /next HTTP/1.1" 200 -
2025-03-17 11:45:32,820 - INFO - HTTP: "GET /queue HTTP/1.1" 200 -
2025-03-17 11:45:33,489 - INFO - HTTP: "GET /next HTTP/1.1" 200 -
2025-03-17 11:45:33,801 - INFO - HTTP: "GET /queue HTTP/1.1" 200 -
2025-03-17 11:45:34,503 - INFO - HTTP: "GET /next HTTP/1.1" 200 -
2025-03-17 11:45:34,812 - INFO - HTTP: "GET /queue HTTP/1.1" 200 -
2025-03-17 11:45:35,504 - INFO - HTTP: "GET /next HTTP/1.1" 200 -
2025-03-17 11:45:35,812 - INFO - HTTP: "GET /queue HTTP/1.1" 200 -
2025-03-17 11:45:36,501 - INFO - HTTP: "GET /next HTTP/1.1" 200 -
2025-03-17 11:45:36,812 - INFO - HTTP: "GET /queue HTTP/1.1" 200 -
2025-03-17 11:45:37,500 - INFO - HTTP: "GET /next HTTP/1.1" 200 -
2025-03-17 11:45:37,809 - INFO - HTTP: "GET /queue HTTP/1.1" 200 -
2025-03-17 11:45:38,506 - INFO - HTTP: "GET /next HTTP/1.1" 200 -
2025-03-17 11:45:38,827 - INFO - HTTP: "GET /queue HTTP/1.1" 200 -
2025-03-17 11:45:39,492 - INFO - HTTP: "GET /next HTTP/1.1" 200 -
2025-03-17 11:45:39,811 - INFO - HTTP: "GET /queue HTTP/1.1" 200 -
2025-03-17 11:45:40,499 - INFO - HTTP: "GET /next HTTP/1.1" 200 -
2025-03-17 11:45:40,814 - INFO - HTTP: "GET /queue HTTP/1.1" 200 -
2025-03-17 11:45:41,492 - INFO - HTTP: "GET /next HTTP/1.1" 200 -
2025-03-17 11:45:41,803 - INFO - HTTP: "GET /queue HTTP/1.1" 200 -
2025-03-17 11:45:42,490 - INFO - HTTP: "GET /next HTTP/1.1" 200 -
2025-03-17 11:45:42,801 - INFO - HTTP: "GET /queue HTTP/1.1" 200 -
2025-03-17 11:45:43,490 - INFO - HTTP: "GET /next HTTP/1.1" 200 -
2025-03-17 11:45:43,803 - INFO - HTTP: "GET /queue HTTP/1.1" 200 -
2025-03-17 11:45:44,490 - INFO - HTTP: "GET /next HTTP/1.1" 200 -
2025-03-17 11:45:44,805 - INFO - HTTP: "GET /queue HTTP/1.1" 200 -
2025-03-17 11:45:45,490 - INFO - HTTP: "GET /next HTTP/1.1" 200 -
2025-03-17 11:45:45,797 - INFO - HTTP: "GET /queue HTTP/1.1" 200 -
2025-03-17 11:45:46,499 - INFO - HTTP: "GET /next HTTP/1.1" 200 -
2025-03-17 11:45:46,817 - INFO - HTTP: "GET /queue HTTP/1.1" 200 -
2025-03-17 11:45:47,490 - INFO - HTTP: "GET /next HTTP/1.1" 200 -
2025-03-17 11:45:47,802 - INFO - HTTP: "GET /queue HTTP/1.1" 200 -
2025-03-17 11:45:48,492 - INFO - HTTP: "GET /next HTTP/1.1" 200 -
2025-03-17 11:45:48,803 - INFO - HTTP: "GET /queue HTTP/1.1" 200 -
2025-03-17 11:45:49,491 - INFO - HTTP: "GET /next HTTP/1.1" 200 -
2025-03-17 11:45:49,805 - INFO - HTTP: "GET /queue HTTP/1.1" 200 -
2025-03-17 11:45:50,496 - INFO - HTTP: "GET /next HTTP/1.1" 200 -
2025-03-17 11:45:50,805 - INFO - HTTP: "GET /queue HTTP/1.1" 200 -
2025-03-17 11:45:51,495 - INFO - HTTP: "GET /next HTTP/1.1" 200 -
2025-03-17 11:45:51,811 - INFO - HTTP: "GET /queue HTTP/1.1" 200 -
2025-03-17 11:45:52,493 - INFO - HTTP: "GET /next HTTP/1.1" 200 -
2025-03-17 11:45:52,812 - INFO - HTTP: "GET /queue HTTP/1.1" 200 -
2025-03-17 11:45:53,488 - INFO - HTTP: "GET /next HTTP/1.1" 200 -
2025-03-17 11:45:53,802 - INFO - HTTP: "GET /queue HTTP/1.1" 200 -
2025-03-17 11:45:54,491 - INFO - HTTP: "GET /next HTTP/1.1" 200 -
2025-03-17 11:45:54,800 - INFO - HTTP: "GET /queue HTTP/1.1" 200 -
2025-03-17 11:45:55,506 - INFO - HTTP: "GET /next HTTP/1.1" 200 -
2025-03-17 11:45:55,829 - INFO - HTTP: "GET /queue HTTP/1.1" 200 -
2025-03-17 11:45:56,490 - INFO - HTTP: "GET /next HTTP/1.1" 200 -
2025-03-17 11:45:56,803 - INFO - HTTP: "GET /queue HTTP/1.1" 200 -
2025-03-17 11:45:57,490 - INFO - HTTP: "GET /next HTTP/1.1" 200 -
2025-03-17 11:45:57,802 - INFO - HTTP: "GET /queue HTTP/1.1" 200 -
2025-03-17 11:45:58,492 - INFO - HTTP: "GET /next HTTP/1.1" 200 -
2025-03-17 11:45:58,805 - INFO - HTTP: "GET /queue HTTP/1.1" 200 -
2025-03-17 11:45:59,489 - INFO - HTTP: "GET /next HTTP/1.1" 200 -
2025-03-17 11:45:59,800 - INFO - HTTP: "GET /queue HTTP/1.1" 200 -
2025-03-17 11:46:00,492 - INFO - HTTP: "GET /next HTTP/1.1" 200 -
2025-03-17 11:46:00,801 - INFO - HTTP: "GET /queue HTTP/1.1" 200 -
2025-03-17 11:46:01,494 - INFO - HTTP: "GET /next HTTP/1.1" 200 -
2025-03-17 11:46:01,801 - INFO - HTTP: "GET /queue HTTP/1.1" 200 -
2025-03-17 11:46:02,500 - INFO - HTTP: "GET /next HTTP/1.1" 200 -
2025-03-17 11:46:02,817 - INFO - HTTP: "GET /queue HTTP/1.1" 200 -
2025-03-17 11:46:03,492 - INFO - HTTP: "GET /next HTTP/1.1" 200 -
2025-03-17 11:46:03,802 - INFO - HTTP: "GET /queue HTTP/1.1" 200 -
2025-03-17 11:46:04,493 - INFO - HTTP: "GET /next HTTP/1.1" 200 -
2025-03-17 11:46:04,808 - INFO - HTTP: "GET /queue HTTP/1.1" 200 -
2025-03-17 11:46:05,501 - INFO - HTTP: "GET /next HTTP/1.1" 200 -
2025-03-17 11:46:05,810 - INFO - HTTP: "GET /queue HTTP/1.1" 200 -
2025-03-17 11:46:06,500 - INFO - HTTP: "GET /next HTTP/1.1" 200 -
2025-03-17 11:46:06,820 - INFO - HTTP: "GET /queue HTTP/1.1" 200 -
2025-03-17 11:46:07,495 - INFO - HTTP: "GET /next HTTP/1.1" 200 -
2025-03-17 11:46:07,806 - INFO - HTTP: "GET /queue HTTP/1.1" 200 -
2025-03-17 11:46:08,498 - INFO - HTTP: "GET /next HTTP/1.1" 200 -
2025-03-17 11:46:08,808 - INFO - HTTP: "GET /queue HTTP/1.1" 200 -
2025-03-17 11:46:09,500 - INFO - HTTP: "GET /next HTTP/1.1" 200 -
2025-03-17 11:46:09,813 - INFO - HTTP: "GET /queue HTTP/1.1" 200 -
2025-03-17 11:46:10,504 - INFO - HTTP: "GET /next HTTP/1.1" 200 -
2025-03-17 11:46:10,815 - INFO - HTTP: "GET /queue HTTP/1.1" 200 -
2025-03-17 11:46:11,490 - INFO - HTTP: "GET /next HTTP/1.1" 200 -
2025-03-17 11:46:11,799 - INFO - HTTP: "GET /queue HTTP/1.1" 200 -
2025-03-17 11:46:12,489 - INFO - HTTP: "GET /next HTTP/1.1" 200 -
2025-03-17 11:46:12,800 - INFO - HTTP: "GET /queue HTTP/1.1" 200 -
2025-03-17 11:46:13,504 - INFO - HTTP: "GET /next HTTP/1.1" 200 -
2025-03-17 11:46:13,818 - INFO - HTTP: "GET /queue HTTP/1.1" 200 -
2025-03-17 11:46:14,492 - INFO - HTTP: "GET /next HTTP/1.1" 200 -
2025-03-17 11:46:14,800 - INFO - HTTP: "GET /queue HTTP/1.1" 200 -
2025-03-17 11:46:15,489 - INFO - HTTP: "GET /next HTTP/1.1" 200 -
2025-03-17 11:46:15,801 - INFO - HTTP: "GET /queue HTTP/1.1" 200 -
2025-03-17 11:46:16,504 - INFO - HTTP: "GET /next HTTP/1.1" 200 -
2025-03-17 11:46:16,816 - INFO - HTTP: "GET /queue HTTP/1.1" 200 -
2025-03-17 11:46:17,491 - INFO - HTTP: "GET /next HTTP/1.1" 200 -
2025-03-17 11:46:17,800 - INFO - HTTP: "GET /queue HTTP/1.1" 200 -
2025-03-17 11:46:18,490 - INFO - HTTP: "GET /next HTTP/1.1" 200 -
2025-03-17 11:46:18,801 - INFO - HTTP: "GET /queue HTTP/1.1" 200 -
2025-03-17 11:46:19,501 - INFO - HTTP: "GET /next HTTP/1.1" 200 -
2025-03-17 11:46:19,817 - INFO - HTTP: "GET /queue HTTP/1.1" 200 -
2025-03-17 11:46:20,491 - INFO - HTTP: "GET /next HTTP/1.1" 200 -
2025-03-17 11:46:20,805 - INFO - HTTP: "GET /queue HTTP/1.1" 200 -
2025-03-17 11:46:21,493 - INFO - HTTP: "GET /next HTTP/1.1" 200 -
2025-03-17 11:46:21,806 - INFO - HTTP: "GET /queue HTTP/1.1" 200 -
2025-03-17 11:46:22,490 - INFO - HTTP: "GET /next HTTP/1.1" 200 -
2025-03-17 11:46:22,802 - INFO - HTTP: "GET /queue HTTP/1.1" 200 -
2025-03-17 11:46:23,490 - INFO - HTTP: "GET /next HTTP/1.1" 200 -
2025-03-17 11:46:23,802 - INFO - HTTP: "GET /queue HTTP/1.1" 200 -
2025-03-17 11:46:24,489 - INFO - HTTP: "GET /next HTTP/1.1" 200 -
2025-03-17 11:46:24,802 - INFO - HTTP: "GET /queue HTTP/1.1" 200 -
2025-03-17 11:46:25,504 - INFO - HTTP: "GET /next HTTP/1.1" 200 -
2025-03-17 11:46:25,816 - INFO - HTTP: "GET /queue HTTP/1.1" 200 -
2025-03-17 11:46:26,505 - INFO - HTTP: "GET /next HTTP/1.1" 200 -
2025-03-17 11:46:26,814 - INFO - HTTP: "GET /queue HTTP/1.1" 200 -
2025-03-17 11:46:27,500 - INFO - HTTP: "GET /next HTTP/1.1" 200 -
2025-03-17 11:46:27,817 - INFO - HTTP: "GET /queue HTTP/1.1" 200 -
2025-03-17 11:46:28,502 - INFO - HTTP: "GET /next HTTP/1.1" 200 -
2025-03-17 11:46:28,815 - INFO - HTTP: "GET /queue HTTP/1.1" 200 -
2025-03-17 11:46:29,506 - INFO - HTTP: "GET /next HTTP/1.1" 200 -
2025-03-17 11:46:29,815 - INFO - HTTP: "GET /queue HTTP/1.1" 200 -
2025-03-17 11:46:30,490 - INFO - HTTP: "GET /next HTTP/1.1" 200 -
2025-03-17 11:46:30,802 - INFO - HTTP: "GET /queue HTTP/1.1" 200 -
2025-03-17 11:46:31,488 - INFO - HTTP: "GET /next HTTP/1.1" 200 -
2025-03-17 11:46:31,800 - INFO - HTTP: "GET /queue HTTP/1.1" 200 -
2025-03-17 11:46:32,502 - INFO - HTTP: "GET /next HTTP/1.1" 200 -
2025-03-17 11:46:32,816 - INFO - HTTP: "GET /queue HTTP/1.1" 200 -
2025-03-17 11:46:33,496 - INFO - HTTP: "GET /next HTTP/1.1" 200 -
2025-03-17 11:46:33,815 - INFO - HTTP: "GET /queue HTTP/1.1" 200 -
2025-03-17 11:46:34,499 - INFO - HTTP: "GET /next HTTP/1.1" 200 -
2025-03-17 11:46:34,816 - INFO - HTTP: "GET /queue HTTP/1.1" 200 -
2025-03-17 11:46:35,498 - INFO - HTTP: "GET /next HTTP/1.1" 200 -
2025-03-17 11:46:35,807 - INFO - HTTP: "GET /queue HTTP/1.1" 200 -
2025-03-17 11:46:36,489 - INFO - HTTP: "GET /next HTTP/1.1" 200 -
2025-03-17 11:46:36,809 - INFO - HTTP: "GET /queue HTTP/1.1" 200 -
2025-03-17 11:46:37,495 - INFO - HTTP: "GET /next HTTP/1.1" 200 -
2025-03-17 11:46:37,805 - INFO - HTTP: "GET /queue HTTP/1.1" 200 -
2025-03-17 11:46:38,493 - INFO - HTTP: "GET /next HTTP/1.1" 200 -
2025-03-17 11:46:38,814 - INFO - HTTP: "GET /queue HTTP/1.1" 200 -
2025-03-17 11:46:39,496 - INFO - HTTP: "GET /next HTTP/1.1" 200 -
2025-03-17 11:46:39,811 - INFO - HTTP: "GET /queue HTTP/1.1" 200 -
2025-03-17 11:46:40,496 - INFO - HTTP: "GET /next HTTP/1.1" 200 -
2025-03-17 11:46:40,810 - INFO - HTTP: "GET /queue HTTP/1.1" 200 -
2025-03-17 11:46:41,487 - INFO - HTTP: "GET /next HTTP/1.1" 200 -
2025-03-17 11:46:41,796 - INFO - HTTP: "GET /queue HTTP/1.1" 200 -
2025-03-17 11:46:42,497 - INFO - HTTP: "GET /next HTTP/1.1" 200 -
2025-03-17 11:46:42,818 - INFO - HTTP: "GET /queue HTTP/1.1" 200 -
2025-03-17 11:46:43,490 - INFO - HTTP: "GET /next HTTP/1.1" 200 -
2025-03-17 11:46:43,803 - INFO - HTTP: "GET /queue HTTP/1.1" 200 -
2025-03-17 11:46:56,238 - INFO - Settings loaded. Current voice: male_01.wav
2025-03-17 11:46:56,238 - INFO - Starting TTS player server...
2025-03-17 11:46:56,239 - INFO - TTS player server started on port 8765
2025-03-17 11:46:56,239 - INFO - Using voice: male_01.wav
2025-03-17 11:46:56,502 - INFO - HTTP: "GET /next HTTP/1.1" 200 -
2025-03-17 11:46:56,813 - INFO - HTTP: "GET /queue HTTP/1.1" 200 -
2025-03-17 11:46:56,844 - INFO - TTS player opened in browser at http://localhost:8765
2025-03-17 11:46:56,846 - INFO - Added to TTS queue: Hey there! How can I help you today?

2025-03-17 11:46:57,082 - INFO - HTTP: "GET / HTTP/1.1" 200 -
2025-03-17 11:46:57,252 - INFO - HTTP: "GET /voices HTTP/1.1" 200 -
2025-03-17 11:46:57,408 - INFO - HTTP: "GET /queue HTTP/1.1" 200 -
2025-03-17 11:46:57,425 - INFO - HTTP: "GET /current-voice HTTP/1.1" 200 -
2025-03-17 11:46:57,676 - INFO - HTTP: "GET /next HTTP/1.1" 200 -
2025-03-17 11:46:57,987 - INFO - HTTP: "GET /queue HTTP/1.1" 200 -
2025-03-17 11:46:58,251 - INFO - HTTP: "GET /queue HTTP/1.1" 200 -
2025-03-17 11:46:58,298 - INFO - HTTP: "GET /next HTTP/1.1" 200 -
2025-03-17 11:46:58,423 - INFO - HTTP: "GET /queue HTTP/1.1" 200 -
2025-03-17 11:46:58,675 - INFO - HTTP: "GET /queue HTTP/1.1" 200 -
2025-03-17 11:46:59,421 - INFO - HTTP: "GET /next HTTP/1.1" 200 -
2025-03-17 11:46:59,687 - INFO - HTTP: "GET /queue HTTP/1.1" 200 -
2025-03-17 11:46:59,735 - INFO - HTTP: "GET /queue HTTP/1.1" 200 -
2025-03-17 11:47:00,110 - INFO - HTTP: "GET /next HTTP/1.1" 200 -
2025-03-17 11:47:00,419 - INFO - HTTP: "GET /queue HTTP/1.1" 200 -
2025-03-17 11:47:01,108 - INFO - HTTP: "GET /next HTTP/1.1" 200 -
2025-03-17 11:47:01,420 - INFO - HTTP: "GET /queue HTTP/1.1" 200 -
2025-03-17 11:47:02,108 - INFO - HTTP: "GET /next HTTP/1.1" 200 -
2025-03-17 11:47:02,428 - INFO - HTTP: "GET /queue HTTP/1.1" 200 -
2025-03-17 11:47:03,119 - INFO - HTTP: "GET /next HTTP/1.1" 200 -
2025-03-17 11:47:03,428 - INFO - HTTP: "GET /queue HTTP/1.1" 200 -
2025-03-17 11:47:04,105 - INFO - HTTP: "GET /next HTTP/1.1" 200 -
2025-03-17 11:47:04,418 - INFO - HTTP: "GET /queue HTTP/1.1" 200 -
2025-03-17 11:47:05,108 - INFO - HTTP: "GET /next HTTP/1.1" 200 -
2025-03-17 11:47:05,421 - INFO - HTTP: "GET /queue HTTP/1.1" 200 -
2025-03-17 11:47:06,108 - INFO - HTTP: "GET /next HTTP/1.1" 200 -
2025-03-17 11:47:06,418 - INFO - HTTP: "GET /queue HTTP/1.1" 200 -
2025-03-17 11:47:07,120 - INFO - HTTP: "GET /next HTTP/1.1" 200 -
2025-03-17 11:47:07,433 - INFO - HTTP: "GET /queue HTTP/1.1" 200 -
2025-03-17 11:47:08,123 - INFO - HTTP: "GET /next HTTP/1.1" 200 -
2025-03-17 11:47:08,433 - INFO - HTTP: "GET /queue HTTP/1.1" 200 -
2025-03-17 11:47:09,117 - INFO - HTTP: "GET /next HTTP/1.1" 200 -
2025-03-17 11:47:09,428 - INFO - HTTP: "GET /queue HTTP/1.1" 200 -
2025-03-17 11:47:10,118 - INFO - HTTP: "GET /next HTTP/1.1" 200 -
2025-03-17 11:47:10,429 - INFO - HTTP: "GET /queue HTTP/1.1" 200 -
2025-03-17 11:47:11,111 - INFO - HTTP: "GET /next HTTP/1.1" 200 -
2025-03-17 11:47:11,422 - INFO - HTTP: "GET /queue HTTP/1.1" 200 -
2025-03-17 11:47:12,114 - INFO - HTTP: "GET /next HTTP/1.1" 200 -
2025-03-17 11:47:12,434 - INFO - HTTP: "GET /queue HTTP/1.1" 200 -
2025-03-17 11:47:12,961 - INFO - Added to TTS queue: I'm doing well, thanks for asking! What's on your ...
2025-03-17 11:47:13,107 - INFO - HTTP: "GET /next HTTP/1.1" 200 -
2025-03-17 11:47:13,437 - INFO - HTTP: "GET /queue HTTP/1.1" 200 -
2025-03-17 11:47:13,704 - INFO - HTTP: "GET /queue HTTP/1.1" 200 -
2025-03-17 11:47:14,104 - INFO - HTTP: "GET /queue HTTP/1.1" 200 -
2025-03-17 11:47:15,416 - INFO - HTTP: "GET /queue HTTP/1.1" 200 -
2025-03-17 11:47:15,795 - INFO - HTTP: code 404, message File not found
2025-03-17 11:47:15,795 - INFO - HTTP: "GET /favicon.ico HTTP/1.1" 404 -
2025-03-17 11:47:16,420 - INFO - HTTP: "GET /queue HTTP/1.1" 200 -
2025-03-17 11:47:17,112 - INFO - HTTP: "GET /queue HTTP/1.1" 200 -
2025-03-17 11:47:18,421 - INFO - HTTP: "GET /queue HTTP/1.1" 200 -
2025-03-17 11:47:18,855 - INFO - HTTP: "GET /next HTTP/1.1" 200 -
2025-03-17 11:47:19,168 - INFO - HTTP: "GET /queue HTTP/1.1" 200 -
2025-03-17 11:47:19,410 - INFO - HTTP: "GET /next HTTP/1.1" 200 -
2025-03-17 11:47:19,435 - INFO - HTTP: "GET /queue HTTP/1.1" 200 -
2025-03-17 11:47:20,107 - INFO - HTTP: "GET /next HTTP/1.1" 200 -
2025-03-17 11:47:20,418 - INFO - HTTP: "GET /queue HTTP/1.1" 200 -
2025-03-17 11:47:21,113 - INFO - HTTP: "GET /next HTTP/1.1" 200 -
2025-03-17 11:47:21,423 - INFO - HTTP: "GET /queue HTTP/1.1" 200 -
2025-03-17 11:47:22,106 - INFO - HTTP: "GET /next HTTP/1.1" 200 -
2025-03-17 11:47:22,415 - INFO - HTTP: "GET /queue HTTP/1.1" 200 -
2025-03-17 11:47:23,120 - INFO - HTTP: "GET /next HTTP/1.1" 200 -
2025-03-17 11:47:23,434 - INFO - HTTP: "GET /queue HTTP/1.1" 200 -
2025-03-17 11:47:24,108 - INFO - HTTP: "GET /next HTTP/1.1" 200 -
2025-03-17 11:47:24,418 - INFO - HTTP: "GET /queue HTTP/1.1" 200 -
2025-03-17 11:47:25,111 - INFO - HTTP: "GET /next HTTP/1.1" 200 -
2025-03-17 11:47:25,430 - INFO - HTTP: "GET /queue HTTP/1.1" 200 -
2025-03-17 11:47:26,112 - INFO - HTTP: "GET /next HTTP/1.1" 200 -
2025-03-17 11:47:26,431 - INFO - HTTP: "GET /queue HTTP/1.1" 200 -
2025-03-17 11:47:27,117 - INFO - HTTP: "GET /next HTTP/1.1" 200 -
2025-03-17 11:47:27,425 - INFO - HTTP: "GET /queue HTTP/1.1" 200 -
2025-03-17 11:47:28,114 - INFO - HTTP: "GET /next HTTP/1.1" 200 -
2025-03-17 11:47:28,424 - INFO - HTTP: "GET /queue HTTP/1.1" 200 -
2025-03-17 11:47:29,109 - INFO - HTTP: "GET /next HTTP/1.1" 200 -
2025-03-17 11:47:29,420 - INFO - HTTP: "GET /queue HTTP/1.1" 200 -
2025-03-17 11:47:29,906 - INFO - Added to TTS queue: Okay, I'm locked in. Invincible War, here we go! B...
2025-03-17 11:47:30,106 - INFO - HTTP: "GET /next HTTP/1.1" 200 -
2025-03-17 11:47:30,455 - INFO - HTTP: "GET /queue HTTP/1.1" 200 -
2025-03-17 11:47:30,723 - INFO - HTTP: "GET /queue HTTP/1.1" 200 -
2025-03-17 11:47:31,115 - INFO - HTTP: "GET /queue HTTP/1.1" 200 -
2025-03-17 11:47:32,428 - INFO - HTTP: "GET /queue HTTP/1.1" 200 -
2025-03-17 11:47:33,115 - INFO - HTTP: "GET /queue HTTP/1.1" 200 -
2025-03-17 11:47:34,430 - INFO - HTTP: "GET /queue HTTP/1.1" 200 -
2025-03-17 11:47:35,118 - INFO - HTTP: "GET /queue HTTP/1.1" 200 -
2025-03-17 11:47:35,219 - INFO - Added to TTS queue: Alright, Felix, let's keep this train rollin'! We'...
2025-03-17 11:47:35,421 - INFO - Added to TTS queue: Okay, switching back now.

2025-03-17 11:47:36,427 - INFO - HTTP: "GET /queue HTTP/1.1" 200 -
2025-03-17 11:47:37,116 - INFO - HTTP: "GET /queue HTTP/1.1" 200 -
2025-03-17 11:47:38,425 - INFO - HTTP: "GET /queue HTTP/1.1" 200 -
2025-03-17 11:47:39,107 - INFO - HTTP: "GET /queue HTTP/1.1" 200 -
2025-03-17 11:47:40,425 - INFO - HTTP: "GET /queue HTTP/1.1" 200 -
2025-03-17 11:47:41,105 - INFO - HTTP: "GET /queue HTTP/1.1" 200 -
2025-03-17 11:47:42,423 - INFO - HTTP: "GET /queue HTTP/1.1" 200 -
2025-03-17 11:47:43,115 - INFO - HTTP: "GET /queue HTTP/1.1" 200 -
2025-03-17 11:47:44,432 - INFO - HTTP: "GET /queue HTTP/1.1" 200 -
2025-03-17 11:47:45,119 - INFO - HTTP: "GET /queue HTTP/1.1" 200 -
2025-03-17 11:47:46,419 - INFO - HTTP: "GET /queue HTTP/1.1" 200 -
2025-03-17 11:47:47,119 - INFO - HTTP: "GET /queue HTTP/1.1" 200 -
2025-03-17 11:47:48,429 - INFO - HTTP: "GET /queue HTTP/1.1" 200 -
2025-03-17 11:47:49,117 - INFO - HTTP: "GET /queue HTTP/1.1" 200 -
2025-03-17 11:47:50,427 - INFO - HTTP: "GET /queue HTTP/1.1" 200 -
2025-03-17 11:47:51,113 - INFO - HTTP: "GET /queue HTTP/1.1" 200 -
2025-03-17 11:47:52,420 - INFO - HTTP: "GET /queue HTTP/1.1" 200 -
2025-03-17 11:47:53,104 - INFO - HTTP: "GET /queue HTTP/1.1" 200 -
2025-03-17 11:47:54,417 - INFO - HTTP: "GET /queue HTTP/1.1" 200 -
2025-03-17 11:47:55,109 - INFO - HTTP: "GET /queue HTTP/1.1" 200 -
2025-03-17 11:47:56,416 - INFO - HTTP: "GET /queue HTTP/1.1" 200 -
2025-03-17 11:47:57,107 - INFO - HTTP: "GET /queue HTTP/1.1" 200 -
2025-03-17 11:47:58,429 - INFO - HTTP: "GET /queue HTTP/1.1" 200 -
2025-03-17 11:47:59,108 - INFO - HTTP: "GET /queue HTTP/1.1" 200 -
2025-03-17 11:48:00,421 - INFO - HTTP: "GET /queue HTTP/1.1" 200 -
2025-03-17 11:48:01,112 - INFO - HTTP: "GET /queue HTTP/1.1" 200 -
2025-03-17 11:48:02,418 - INFO - HTTP: "GET /queue HTTP/1.1" 200 -
2025-03-17 11:48:03,107 - INFO - HTTP: "GET /queue HTTP/1.1" 200 -
2025-03-17 11:48:04,416 - INFO - HTTP: "GET /queue HTTP/1.1" 200 -
2025-03-17 11:48:05,119 - INFO - HTTP: "GET /queue HTTP/1.1" 200 -
2025-03-17 11:48:06,425 - INFO - HTTP: "GET /queue HTTP/1.1" 200 -
2025-03-17 11:48:07,113 - INFO - HTTP: "GET /queue HTTP/1.1" 200 -
2025-03-17 11:48:08,415 - INFO - HTTP: "GET /queue HTTP/1.1" 200 -
2025-03-17 11:48:09,107 - INFO - HTTP: "GET /queue HTTP/1.1" 200 -
2025-03-17 11:48:10,416 - INFO - HTTP: "GET /queue HTTP/1.1" 200 -
2025-03-17 11:48:11,114 - INFO - HTTP: "GET /queue HTTP/1.1" 200 -
2025-03-17 11:48:12,427 - INFO - HTTP: "GET /queue HTTP/1.1" 200 -
2025-03-17 11:48:13,121 - INFO - HTTP: "GET /queue HTTP/1.1" 200 -
2025-03-17 11:48:14,424 - INFO - HTTP: "GET /queue HTTP/1.1" 200 -
2025-03-17 11:48:15,111 - INFO - HTTP: "GET /queue HTTP/1.1" 200 -
2025-03-17 11:48:16,425 - INFO - HTTP: "GET /queue HTTP/1.1" 200 -
2025-03-17 11:48:17,118 - INFO - HTTP: "GET /queue HTTP/1.1" 200 -
2025-03-17 11:48:18,419 - INFO - HTTP: "GET /queue HTTP/1.1" 200 -
2025-03-17 11:48:19,106 - INFO - HTTP: "GET /queue HTTP/1.1" 200 -
2025-03-17 11:48:20,416 - INFO - HTTP: "GET /queue HTTP/1.1" 200 -
2025-03-17 11:48:21,105 - INFO - HTTP: "GET /queue HTTP/1.1" 200 -
2025-03-17 11:48:22,431 - INFO - HTTP: "GET /queue HTTP/1.1" 200 -
2025-03-17 11:48:23,105 - INFO - HTTP: "GET /queue HTTP/1.1" 200 -
2025-03-17 11:48:24,422 - INFO - HTTP: "GET /queue HTTP/1.1" 200 -
2025-03-17 11:48:25,107 - INFO - HTTP: "GET /queue HTTP/1.1" 200 -
2025-03-17 11:48:26,418 - INFO - HTTP: "GET /queue HTTP/1.1" 200 -
2025-03-17 11:48:27,116 - INFO - HTTP: "GET /queue HTTP/1.1" 200 -
2025-03-17 11:48:28,416 - INFO - HTTP: "GET /queue HTTP/1.1" 200 -
2025-03-17 11:48:29,114 - INFO - HTTP: "GET /queue HTTP/1.1" 200 -
2025-03-17 11:48:30,408 - INFO - HTTP: "GET /queue HTTP/1.1" 200 -
2025-03-17 11:48:31,107 - INFO - HTTP: "GET /queue HTTP/1.1" 200 -
2025-03-17 11:48:32,445 - INFO - HTTP: "GET /queue HTTP/1.1" 200 -
2025-03-17 11:48:33,105 - INFO - HTTP: "GET /queue HTTP/1.1" 200 -
2025-03-17 11:48:34,419 - INFO - HTTP: "GET /queue HTTP/1.1" 200 -
2025-03-17 11:48:35,110 - INFO - HTTP: "GET /queue HTTP/1.1" 200 -
2025-03-17 11:48:36,433 - INFO - HTTP: "GET /queue HTTP/1.1" 200 -
2025-03-17 11:48:37,118 - INFO - HTTP: "GET /queue HTTP/1.1" 200 -
2025-03-17 11:48:38,410 - INFO - HTTP: "GET /queue HTTP/1.1" 200 -
2025-03-17 11:48:39,108 - INFO - HTTP: "GET /queue HTTP/1.1" 200 -
2025-03-17 11:48:40,416 - INFO - HTTP: "GET /queue HTTP/1.1" 200 -
2025-03-17 11:48:41,119 - INFO - HTTP: "GET /queue HTTP/1.1" 200 -
2025-03-17 11:48:42,418 - INFO - HTTP: "GET /queue HTTP/1.1" 200 -
2025-03-17 11:48:43,106 - INFO - HTTP: "GET /queue HTTP/1.1" 200 -
2025-03-17 11:48:44,421 - INFO - HTTP: "GET /queue HTTP/1.1" 200 -
2025-03-17 11:48:45,108 - INFO - HTTP: "GET /queue HTTP/1.1" 200 -
2025-03-17 11:48:46,417 - INFO - HTTP: "GET /queue HTTP/1.1" 200 -
2025-03-17 11:48:47,107 - INFO - HTTP: "GET /queue HTTP/1.1" 200 -
2025-03-17 11:48:48,415 - INFO - HTTP: "GET /queue HTTP/1.1" 200 -
2025-03-17 11:48:49,112 - INFO - HTTP: "GET /queue HTTP/1.1" 200 -
2025-03-17 11:48:50,422 - INFO - HTTP: "GET /queue HTTP/1.1" 200 -
2025-03-17 11:48:51,112 - INFO - HTTP: "GET /queue HTTP/1.1" 200 -
2025-03-17 11:48:52,421 - INFO - HTTP: "GET /queue HTTP/1.1" 200 -
2025-03-17 11:48:53,110 - INFO - HTTP: "GET /queue HTTP/1.1" 200 -
2025-03-17 11:48:54,423 - INFO - HTTP: "GET /queue HTTP/1.1" 200 -
2025-03-17 11:48:55,111 - INFO - HTTP: "GET /queue HTTP/1.1" 200 -
2025-03-17 11:48:56,452 - INFO - HTTP: "GET /queue HTTP/1.1" 200 -
2025-03-17 11:48:57,107 - INFO - HTTP: "GET /queue HTTP/1.1" 200 -
2025-03-17 11:48:58,432 - INFO - HTTP: "GET /queue HTTP/1.1" 200 -
2025-03-17 11:48:59,105 - INFO - HTTP: "GET /queue HTTP/1.1" 200 -
2025-03-17 11:49:00,420 - INFO - HTTP: "GET /queue HTTP/1.1" 200 -
2025-03-17 11:49:01,108 - INFO - HTTP: "GET /queue HTTP/1.1" 200 -
2025-03-17 11:49:02,426 - INFO - HTTP: "GET /queue HTTP/1.1" 200 -
2025-03-17 11:49:03,116 - INFO - HTTP: "GET /queue HTTP/1.1" 200 -
2025-03-17 11:49:04,428 - INFO - HTTP: "GET /queue HTTP/1.1" 200 -
2025-03-17 11:49:05,107 - INFO - HTTP: "GET /queue HTTP/1.1" 200 -
2025-03-17 11:49:06,418 - INFO - HTTP: "GET /queue HTTP/1.1" 200 -
2025-03-17 11:49:07,106 - INFO - HTTP: "GET /queue HTTP/1.1" 200 -
2025-03-17 11:49:08,415 - INFO - HTTP: "GET /queue HTTP/1.1" 200 -
2025-03-17 11:49:09,116 - INFO - HTTP: "GET /queue HTTP/1.1" 200 -
2025-03-17 11:49:10,460 - INFO - HTTP: "GET /queue HTTP/1.1" 200 -
2025-03-17 11:49:11,105 - INFO - HTTP: "GET /queue HTTP/1.1" 200 -
2025-03-17 11:49:12,429 - INFO - HTTP: "GET /queue HTTP/1.1" 200 -
2025-03-17 11:49:13,117 - INFO - HTTP: "GET /queue HTTP/1.1" 200 -
2025-03-17 11:49:14,432 - INFO - HTTP: "GET /queue HTTP/1.1" 200 -
2025-03-17 11:49:15,106 - INFO - HTTP: "GET /queue HTTP/1.1" 200 -
2025-03-17 11:49:16,410 - INFO - HTTP: "GET /queue HTTP/1.1" 200 -
2025-03-17 11:49:17,116 - INFO - HTTP: "GET /queue HTTP/1.1" 200 -
2025-03-17 11:49:18,423 - INFO - HTTP: "GET /queue HTTP/1.1" 200 -
2025-03-17 11:49:19,106 - INFO - HTTP: "GET /queue HTTP/1.1" 200 -
2025-03-17 11:49:20,420 - INFO - HTTP: "GET /queue HTTP/1.1" 200 -
2025-03-17 11:49:21,107 - INFO - HTTP: "GET /queue HTTP/1.1" 200 -
2025-03-17 11:49:22,416 - INFO - HTTP: "GET /queue HTTP/1.1" 200 -
2025-03-17 11:49:23,118 - INFO - HTTP: "GET /queue HTTP/1.1" 200 -
2025-03-17 11:49:24,413 - INFO - HTTP: "GET /queue HTTP/1.1" 200 -
2025-03-17 11:49:25,114 - INFO - HTTP: "GET /queue HTTP/1.1" 200 -
2025-03-17 11:49:26,431 - INFO - HTTP: "GET /queue HTTP/1.1" 200 -
2025-03-17 11:49:27,118 - INFO - HTTP: "GET /queue HTTP/1.1" 200 -
2025-03-17 11:49:28,428 - INFO - HTTP: "GET /queue HTTP/1.1" 200 -
2025-03-17 11:49:29,117 - INFO - HTTP: "GET /queue HTTP/1.1" 200 -
2025-03-17 11:49:30,428 - INFO - HTTP: "GET /queue HTTP/1.1" 200 -
2025-03-17 11:49:31,114 - INFO - HTTP: "GET /queue HTTP/1.1" 200 -
2025-03-17 11:49:32,426 - INFO - HTTP: "GET /queue HTTP/1.1" 200 -
2025-03-17 11:49:33,105 - INFO - HTTP: "GET /queue HTTP/1.1" 200 -
2025-03-17 11:49:34,419 - INFO - HTTP: "GET /queue HTTP/1.1" 200 -
2025-03-17 11:49:35,118 - INFO - HTTP: "GET /queue HTTP/1.1" 200 -
2025-03-17 11:49:36,417 - INFO - HTTP: "GET /queue HTTP/1.1" 200 -
2025-03-17 11:49:37,114 - INFO - HTTP: "GET /queue HTTP/1.1" 200 -
2025-03-17 11:49:38,430 - INFO - HTTP: "GET /queue HTTP/1.1" 200 -
2025-03-17 11:49:39,117 - INFO - HTTP: "GET /queue HTTP/1.1" 200 -
2025-03-17 11:49:40,428 - INFO - HTTP: "GET /queue HTTP/1.1" 200 -
2025-03-17 11:49:41,111 - INFO - HTTP: "GET /queue HTTP/1.1" 200 -
2025-03-17 11:49:42,422 - INFO - HTTP: "GET /queue HTTP/1.1" 200 -
2025-03-17 11:49:43,111 - INFO - HTTP: "GET /queue HTTP/1.1" 200 -
2025-03-17 11:49:44,424 - INFO - HTTP: "GET /queue HTTP/1.1" 200 -
2025-03-17 11:49:45,117 - INFO - HTTP: "GET /queue HTTP/1.1" 200 -
2025-03-17 11:49:46,424 - INFO - HTTP: "GET /queue HTTP/1.1" 200 -
2025-03-17 11:49:47,108 - INFO - HTTP: "GET /queue HTTP/1.1" 200 -
2025-03-17 11:49:48,422 - INFO - HTTP: "GET /queue HTTP/1.1" 200 -
2025-03-17 11:49:49,105 - INFO - HTTP: "GET /queue HTTP/1.1" 200 -
2025-03-17 11:49:50,416 - INFO - HTTP: "GET /queue HTTP/1.1" 200 -
2025-03-17 11:49:51,108 - INFO - HTTP: "GET /queue HTTP/1.1" 200 -
2025-03-17 11:49:52,428 - INFO - HTTP: "GET /queue HTTP/1.1" 200 -
2025-03-17 11:49:53,113 - INFO - HTTP: "GET /queue HTTP/1.1" 200 -
2025-03-17 11:49:54,423 - INFO - HTTP: "GET /queue HTTP/1.1" 200 -
2025-03-17 11:49:55,110 - INFO - HTTP: "GET /queue HTTP/1.1" 200 -
2025-03-17 11:49:56,421 - INFO - HTTP: "GET /queue HTTP/1.1" 200 -
2025-03-17 11:49:57,108 - INFO - HTTP: "GET /queue HTTP/1.1" 200 -
2025-03-17 11:49:58,427 - INFO - HTTP: "GET /queue HTTP/1.1" 200 -
2025-03-17 11:49:59,117 - INFO - HTTP: "GET /queue HTTP/1.1" 200 -
2025-03-17 11:50:00,429 - INFO - HTTP: "GET /queue HTTP/1.1" 200 -
2025-03-17 11:50:01,114 - INFO - HTTP: "GET /queue HTTP/1.1" 200 -
2025-03-17 11:50:02,422 - INFO - HTTP: "GET /queue HTTP/1.1" 200 -
2025-03-17 11:50:03,107 - INFO - HTTP: "GET /queue HTTP/1.1" 200 -
2025-03-17 11:50:04,422 - INFO - HTTP: "GET /queue HTTP/1.1" 200 -
2025-03-17 11:50:05,109 - INFO - HTTP: "GET /queue HTTP/1.1" 200 -
2025-03-17 11:50:06,417 - INFO - HTTP: "GET /queue HTTP/1.1" 200 -
2025-03-17 11:50:07,107 - INFO - HTTP: "GET /queue HTTP/1.1" 200 -
2025-03-17 11:50:08,419 - INFO - HTTP: "GET /queue HTTP/1.1" 200 -
2025-03-17 11:50:09,105 - INFO - HTTP: "GET /queue HTTP/1.1" 200 -
2025-03-17 11:50:10,435 - INFO - HTTP: "GET /queue HTTP/1.1" 200 -
2025-03-17 11:50:11,114 - INFO - HTTP: "GET /queue HTTP/1.1" 200 -
2025-03-17 11:50:12,425 - INFO - HTTP: "GET /queue HTTP/1.1" 200 -
2025-03-17 11:50:13,113 - INFO - HTTP: "GET /queue HTTP/1.1" 200 -
2025-03-17 11:50:14,415 - INFO - HTTP: "GET /queue HTTP/1.1" 200 -
2025-03-17 11:50:15,114 - INFO - HTTP: "GET /queue HTTP/1.1" 200 -
2025-03-17 11:50:16,423 - INFO - HTTP: "GET /queue HTTP/1.1" 200 -
2025-03-17 11:50:17,105 - INFO - HTTP: "GET /queue HTTP/1.1" 200 -
2025-03-17 11:50:18,425 - INFO - HTTP: "GET /queue HTTP/1.1" 200 -
2025-03-17 11:50:19,109 - INFO - HTTP: "GET /queue HTTP/1.1" 200 -
2025-03-17 11:50:20,417 - INFO - HTTP: "GET /queue HTTP/1.1" 200 -
2025-03-17 11:50:21,105 - INFO - HTTP: "GET /queue HTTP/1.1" 200 -
2025-03-17 11:50:22,418 - INFO - HTTP: "GET /queue HTTP/1.1" 200 -
2025-03-17 11:50:23,123 - INFO - HTTP: "GET /queue HTTP/1.1" 200 -
2025-03-17 11:50:24,437 - INFO - HTTP: "GET /queue HTTP/1.1" 200 -
2025-03-17 11:50:25,110 - INFO - HTTP: "GET /queue HTTP/1.1" 200 -
2025-03-17 11:50:26,421 - INFO - HTTP: "GET /queue HTTP/1.1" 200 -
2025-03-17 11:50:27,107 - INFO - HTTP: "GET /queue HTTP/1.1" 200 -
2025-03-17 11:50:28,410 - INFO - HTTP: "GET /queue HTTP/1.1" 200 -
2025-03-17 11:50:29,109 - INFO - HTTP: "GET /queue HTTP/1.1" 200 -
2025-03-17 11:50:30,426 - INFO - HTTP: "GET /queue HTTP/1.1" 200 -
2025-03-17 11:50:31,118 - INFO - HTTP: "GET /queue HTTP/1.1" 200 -
2025-03-17 11:50:32,415 - INFO - HTTP: "GET /queue HTTP/1.1" 200 -
2025-03-17 11:50:33,115 - INFO - HTTP: "GET /queue HTTP/1.1" 200 -
2025-03-17 11:50:34,428 - INFO - HTTP: "GET /queue HTTP/1.1" 200 -
2025-03-17 11:50:35,111 - INFO - HTTP: "GET /queue HTTP/1.1" 200 -
2025-03-17 11:50:36,415 - INFO - HTTP: "GET /queue HTTP/1.1" 200 -
2025-03-17 11:50:37,104 - INFO - HTTP: "GET /queue HTTP/1.1" 200 -
2025-03-17 11:50:38,416 - INFO - HTTP: "GET /queue HTTP/1.1" 200 -
2025-03-17 11:50:39,116 - INFO - HTTP: "GET /queue HTTP/1.1" 200 -
2025-03-17 11:50:40,426 - INFO - HTTP: "GET /queue HTTP/1.1" 200 -
2025-03-17 11:50:41,115 - INFO - HTTP: "GET /queue HTTP/1.1" 200 -
2025-03-17 11:50:42,420 - INFO - HTTP: "GET /queue HTTP/1.1" 200 -
2025-03-17 11:50:43,127 - INFO - HTTP: "GET /queue HTTP/1.1" 200 -
2025-03-17 11:50:44,411 - INFO - HTTP: "GET /queue HTTP/1.1" 200 -
2025-03-17 11:50:45,130 - INFO - HTTP: "GET /queue HTTP/1.1" 200 -
2025-03-17 11:50:46,448 - INFO - HTTP: "GET /queue HTTP/1.1" 200 -
2025-03-17 11:50:47,105 - INFO - HTTP: "GET /queue HTTP/1.1" 200 -
2025-03-17 11:50:48,420 - INFO - HTTP: "GET /queue HTTP/1.1" 200 -
2025-03-17 11:50:49,104 - INFO - HTTP: "GET /queue HTTP/1.1" 200 -
2025-03-17 11:50:50,424 - INFO - HTTP: "GET /queue HTTP/1.1" 200 -
2025-03-17 11:50:51,109 - INFO - HTTP: "GET /queue HTTP/1.1" 200 -
2025-03-17 11:50:52,420 - INFO - HTTP: "GET /queue HTTP/1.1" 200 -
2025-03-17 11:50:53,119 - INFO - HTTP: "GET /queue HTTP/1.1" 200 -
2025-03-17 11:50:54,431 - INFO - HTTP: "GET /queue HTTP/1.1" 200 -
2025-03-17 11:50:55,114 - INFO - HTTP: "GET /queue HTTP/1.1" 200 -
2025-03-17 11:50:56,417 - INFO - HTTP: "GET /queue HTTP/1.1" 200 -
2025-03-17 11:50:57,106 - INFO - HTTP: "GET /queue HTTP/1.1" 200 -
2025-03-17 11:50:58,430 - INFO - HTTP: "GET /queue HTTP/1.1" 200 -
2025-03-17 11:50:59,115 - INFO - HTTP: "GET /queue HTTP/1.1" 200 -
2025-03-17 11:51:00,428 - INFO - HTTP: "GET /queue HTTP/1.1" 200 -
2025-03-17 11:51:01,118 - INFO - HTTP: "GET /queue HTTP/1.1" 200 -
2025-03-17 11:51:02,413 - INFO - HTTP: "GET /queue HTTP/1.1" 200 -
2025-03-17 11:51:03,105 - INFO - HTTP: "GET /queue HTTP/1.1" 200 -
2025-03-17 11:51:04,417 - INFO - HTTP: "GET /queue HTTP/1.1" 200 -
2025-03-17 11:51:05,111 - INFO - HTTP: "GET /queue HTTP/1.1" 200 -
2025-03-17 11:51:06,422 - INFO - HTTP: "GET /queue HTTP/1.1" 200 -
2025-03-17 11:51:07,108 - INFO - HTTP: "GET /queue HTTP/1.1" 200 -
2025-03-17 11:51:08,425 - INFO - HTTP: "GET /queue HTTP/1.1" 200 -
2025-03-17 11:51:09,113 - INFO - HTTP: "GET /queue HTTP/1.1" 200 -
2025-03-17 11:51:10,409 - INFO - HTTP: "GET /queue HTTP/1.1" 200 -
2025-03-17 11:51:11,112 - INFO - HTTP: "GET /queue HTTP/1.1" 200 -
2025-03-17 11:51:12,428 - INFO - HTTP: "GET /queue HTTP/1.1" 200 -
2025-03-17 11:51:13,115 - INFO - HTTP: "GET /queue HTTP/1.1" 200 -
2025-03-17 11:51:14,446 - INFO - HTTP: "GET /queue HTTP/1.1" 200 -
2025-03-17 11:51:15,117 - INFO - HTTP: "GET /queue HTTP/1.1" 200 -
2025-03-17 11:51:16,435 - INFO - HTTP: "GET /queue HTTP/1.1" 200 -
2025-03-17 11:51:17,118 - INFO - HTTP: "GET /queue HTTP/1.1" 200 -
2025-03-17 11:51:18,427 - INFO - HTTP: "GET /queue HTTP/1.1" 200 -
2025-03-17 11:51:19,116 - INFO - HTTP: "GET /queue HTTP/1.1" 200 -
2025-03-17 11:51:20,428 - INFO - HTTP: "GET /queue HTTP/1.1" 200 -
2025-03-17 11:51:21,119 - INFO - HTTP: "GET /queue HTTP/1.1" 200 -
2025-03-17 11:51:22,417 - INFO - HTTP: "GET /queue HTTP/1.1" 200 -
2025-03-17 11:51:23,118 - INFO - HTTP: "GET /queue HTTP/1.1" 200 -
2025-03-17 11:51:24,424 - INFO - HTTP: "GET /queue HTTP/1.1" 200 -
2025-03-17 11:51:25,113 - INFO - HTTP: "GET /queue HTTP/1.1" 200 -
2025-03-17 11:51:26,431 - INFO - HTTP: "GET /queue HTTP/1.1" 200 -
2025-03-17 11:51:27,108 - INFO - HTTP: "GET /queue HTTP/1.1" 200 -
2025-03-17 11:51:28,423 - INFO - HTTP: "GET /queue HTTP/1.1" 200 -
2025-03-17 11:51:29,115 - INFO - HTTP: "GET /queue HTTP/1.1" 200 -
2025-03-17 11:51:30,415 - INFO - HTTP: "GET /queue HTTP/1.1" 200 -
2025-03-17 11:51:31,107 - INFO - HTTP: "GET /queue HTTP/1.1" 200 -
2025-03-17 11:51:32,426 - INFO - HTTP: "GET /queue HTTP/1.1" 200 -
2025-03-17 11:51:33,116 - INFO - HTTP: "GET /queue HTTP/1.1" 200 -
2025-03-17 11:51:34,436 - INFO - HTTP: "GET /queue HTTP/1.1" 200 -
2025-03-17 11:51:35,113 - INFO - HTTP: "GET /queue HTTP/1.1" 200 -
2025-03-17 11:51:36,416 - INFO - HTTP: "GET /queue HTTP/1.1" 200 -
2025-03-17 11:51:36,683 - INFO - HTTP: "GET /next HTTP/1.1" 200 -
2025-03-17 11:51:36,730 - INFO - HTTP: "GET /queue HTTP/1.1" 200 -
2025-03-17 11:51:36,998 - INFO - HTTP: "GET /queue HTTP/1.1" 200 -
2025-03-17 11:51:37,107 - INFO - HTTP: "GET /queue HTTP/1.1" 200 -
2025-03-17 11:51:38,425 - INFO - HTTP: "GET /queue HTTP/1.1" 200 -
2025-03-17 11:51:39,109 - INFO - HTTP: "GET /queue HTTP/1.1" 200 -
2025-03-17 11:51:40,439 - INFO - HTTP: "GET /queue HTTP/1.1" 200 -
2025-03-17 11:51:41,107 - INFO - HTTP: "GET /queue HTTP/1.1" 200 -
2025-03-17 11:51:42,419 - INFO - HTTP: "GET /queue HTTP/1.1" 200 -
2025-03-17 11:51:43,108 - INFO - HTTP: "GET /queue HTTP/1.1" 200 -
2025-03-17 11:51:44,422 - INFO - HTTP: "GET /queue HTTP/1.1" 200 -
2025-03-17 11:51:45,107 - INFO - HTTP: "GET /queue HTTP/1.1" 200 -
2025-03-17 11:51:46,427 - INFO - HTTP: "GET /queue HTTP/1.1" 200 -
2025-03-17 11:51:47,116 - INFO - HTTP: "GET /queue HTTP/1.1" 200 -
2025-03-17 11:51:48,426 - INFO - HTTP: "GET /queue HTTP/1.1" 200 -
2025-03-17 11:51:49,111 - INFO - HTTP: "GET /queue HTTP/1.1" 200 -
2025-03-17 11:51:50,429 - INFO - HTTP: "GET /queue HTTP/1.1" 200 -
2025-03-17 11:51:51,113 - INFO - HTTP: "GET /queue HTTP/1.1" 200 -
2025-03-17 11:51:52,423 - INFO - HTTP: "GET /queue HTTP/1.1" 200 -
2025-03-17 11:51:53,113 - INFO - HTTP: "GET /queue HTTP/1.1" 200 -
2025-03-17 11:51:54,426 - INFO - HTTP: "GET /queue HTTP/1.1" 200 -
2025-03-17 11:51:55,116 - INFO - HTTP: "GET /queue HTTP/1.1" 200 -
2025-03-17 11:51:56,426 - INFO - HTTP: "GET /queue HTTP/1.1" 200 -
2025-03-17 11:51:57,115 - INFO - HTTP: "GET /queue HTTP/1.1" 200 -
2025-03-17 11:51:58,424 - INFO - HTTP: "GET /queue HTTP/1.1" 200 -
2025-03-17 11:51:59,110 - INFO - HTTP: "GET /queue HTTP/1.1" 200 -
2025-03-17 11:52:00,419 - INFO - HTTP: "GET /queue HTTP/1.1" 200 -
2025-03-17 11:52:01,108 - INFO - HTTP: "GET /queue HTTP/1.1" 200 -
2025-03-17 11:52:02,422 - INFO - HTTP: "GET /queue HTTP/1.1" 200 -
2025-03-17 11:52:03,109 - INFO - HTTP: "GET /queue HTTP/1.1" 200 -
2025-03-17 11:52:04,416 - INFO - HTTP: "GET /queue HTTP/1.1" 200 -
2025-03-17 11:52:05,117 - INFO - HTTP: "GET /queue HTTP/1.1" 200 -
2025-03-17 11:52:06,428 - INFO - HTTP: "GET /queue HTTP/1.1" 200 -
2025-03-17 11:52:07,130 - INFO - HTTP: "GET /queue HTTP/1.1" 200 -
2025-03-17 11:52:08,425 - INFO - HTTP: "GET /queue HTTP/1.1" 200 -
2025-03-17 11:52:09,117 - INFO - HTTP: "GET /queue HTTP/1.1" 200 -
2025-03-17 11:52:10,415 - INFO - HTTP: "GET /queue HTTP/1.1" 200 -
2025-03-17 11:52:11,110 - INFO - HTTP: "GET /queue HTTP/1.1" 200 -
2025-03-17 11:52:12,423 - INFO - HTTP: "GET /queue HTTP/1.1" 200 -
2025-03-17 11:52:13,110 - INFO - HTTP: "GET /queue HTTP/1.1" 200 -
2025-03-17 11:52:14,428 - INFO - HTTP: "GET /queue HTTP/1.1" 200 -
2025-03-17 11:52:15,105 - INFO - HTTP: "GET /queue HTTP/1.1" 200 -
2025-03-17 11:52:16,420 - INFO - HTTP: "GET /queue HTTP/1.1" 200 -
2025-03-17 11:52:17,111 - INFO - HTTP: "GET /queue HTTP/1.1" 200 -
2025-03-17 11:52:18,419 - INFO - HTTP: "GET /queue HTTP/1.1" 200 -
2025-03-17 11:52:19,105 - INFO - HTTP: "GET /queue HTTP/1.1" 200 -
2025-03-17 11:52:20,417 - INFO - HTTP: "GET /queue HTTP/1.1" 200 -
2025-03-17 11:52:21,118 - INFO - HTTP: "GET /queue HTTP/1.1" 200 -
2025-03-17 11:52:22,427 - INFO - HTTP: "GET /queue HTTP/1.1" 200 -
2025-03-17 11:52:23,107 - INFO - HTTP: "GET /queue HTTP/1.1" 200 -
2025-03-17 11:52:24,414 - INFO - HTTP: "GET /queue HTTP/1.1" 200 -
2025-03-17 11:52:25,111 - INFO - HTTP: "GET /queue HTTP/1.1" 200 -
2025-03-17 11:52:26,418 - INFO - HTTP: "GET /queue HTTP/1.1" 200 -
2025-03-17 11:52:27,111 - INFO - HTTP: "GET /queue HTTP/1.1" 200 -
2025-03-17 11:52:28,419 - INFO - HTTP: "GET /queue HTTP/1.1" 200 -
2025-03-17 11:52:29,108 - INFO - HTTP: "GET /queue HTTP/1.1" 200 -
2025-03-17 11:52:30,420 - INFO - HTTP: "GET /queue HTTP/1.1" 200 -
2025-03-17 11:52:31,112 - INFO - HTTP: "GET /queue HTTP/1.1" 200 -
2025-03-17 11:52:32,416 - INFO - HTTP: "GET /queue HTTP/1.1" 200 -
2025-03-17 11:52:33,105 - INFO - HTTP: "GET /queue HTTP/1.1" 200 -
2025-03-17 11:52:34,472 - INFO - HTTP: "GET /queue HTTP/1.1" 200 -
2025-03-17 11:52:35,104 - INFO - HTTP: "GET /queue HTTP/1.1" 200 -
2025-03-17 11:52:36,413 - INFO - HTTP: "GET /queue HTTP/1.1" 200 -
2025-03-17 11:52:37,115 - INFO - HTTP: "GET /queue HTTP/1.1" 200 -
2025-03-17 11:52:38,426 - INFO - HTTP: "GET /queue HTTP/1.1" 200 -
2025-03-17 11:52:39,113 - INFO - HTTP: "GET /queue HTTP/1.1" 200 -
2025-03-17 11:52:40,426 - INFO - HTTP: "GET /queue HTTP/1.1" 200 -
2025-03-17 11:52:41,110 - INFO - HTTP: "GET /queue HTTP/1.1" 200 -
2025-03-17 11:52:42,412 - INFO - HTTP: "GET /queue HTTP/1.1" 200 -
2025-03-17 11:52:43,105 - INFO - HTTP: "GET /queue HTTP/1.1" 200 -
2025-03-17 11:52:44,422 - INFO - HTTP: "GET /queue HTTP/1.1" 200 -
2025-03-17 11:52:45,106 - INFO - HTTP: "GET /queue HTTP/1.1" 200 -
2025-03-17 11:52:46,423 - INFO - HTTP: "GET /queue HTTP/1.1" 200 -
2025-03-17 11:52:47,109 - INFO - HTTP: "GET /queue HTTP/1.1" 200 -
2025-03-17 11:52:48,428 - INFO - HTTP: "GET /queue HTTP/1.1" 200 -
2025-03-17 11:52:49,105 - INFO - HTTP: "GET /queue HTTP/1.1" 200 -
2025-03-17 11:52:50,416 - INFO - HTTP: "GET /queue HTTP/1.1" 200 -
2025-03-17 11:52:51,119 - INFO - HTTP: "GET /queue HTTP/1.1" 200 -
2025-03-17 11:52:52,431 - INFO - HTTP: "GET /queue HTTP/1.1" 200 -
2025-03-17 11:52:53,105 - INFO - HTTP: "GET /queue HTTP/1.1" 200 -
2025-03-17 11:52:54,412 - INFO - HTTP: "GET /queue HTTP/1.1" 200 -
2025-03-17 11:52:55,121 - INFO - HTTP: "GET /queue HTTP/1.1" 200 -
2025-03-17 11:52:56,428 - INFO - HTTP: "GET /queue HTTP/1.1" 200 -
2025-03-17 11:52:57,105 - INFO - HTTP: "GET /queue HTTP/1.1" 200 -
2025-03-17 11:52:58,423 - INFO - HTTP: "GET /queue HTTP/1.1" 200 -
2025-03-17 11:52:59,118 - INFO - HTTP: "GET /queue HTTP/1.1" 200 -
2025-03-17 11:53:00,416 - INFO - HTTP: "GET /queue HTTP/1.1" 200 -
2025-03-17 11:53:01,105 - INFO - HTTP: "GET /queue HTTP/1.1" 200 -
2025-03-17 11:53:02,420 - INFO - HTTP: "GET /queue HTTP/1.1" 200 -
2025-03-17 11:53:03,104 - INFO - HTTP: "GET /queue HTTP/1.1" 200 -
2025-03-17 11:53:04,417 - INFO - HTTP: "GET /queue HTTP/1.1" 200 -
2025-03-17 11:53:05,109 - INFO - HTTP: "GET /queue HTTP/1.1" 200 -
2025-03-17 11:53:06,420 - INFO - HTTP: "GET /queue HTTP/1.1" 200 -
2025-03-17 11:53:07,112 - INFO - HTTP: "GET /queue HTTP/1.1" 200 -
2025-03-17 11:53:08,425 - INFO - HTTP: "GET /queue HTTP/1.1" 200 -
2025-03-17 11:53:09,114 - INFO - HTTP: "GET /queue HTTP/1.1" 200 -
2025-03-17 11:53:10,422 - INFO - HTTP: "GET /queue HTTP/1.1" 200 -
2025-03-17 11:53:11,105 - INFO - HTTP: "GET /queue HTTP/1.1" 200 -
2025-03-17 11:53:12,416 - INFO - HTTP: "GET /queue HTTP/1.1" 200 -
2025-03-17 11:53:13,108 - INFO - HTTP: "GET /queue HTTP/1.1" 200 -
2025-03-17 11:53:14,434 - INFO - HTTP: "GET /queue HTTP/1.1" 200 -
2025-03-17 11:53:15,107 - INFO - HTTP: "GET /queue HTTP/1.1" 200 -
2025-03-17 11:53:16,419 - INFO - HTTP: "GET /queue HTTP/1.1" 200 -
2025-03-17 11:53:17,105 - INFO - HTTP: "GET /queue HTTP/1.1" 200 -
2025-03-17 11:53:18,420 - INFO - HTTP: "GET /queue HTTP/1.1" 200 -
2025-03-17 11:53:19,108 - INFO - HTTP: "GET /queue HTTP/1.1" 200 -
2025-03-17 11:53:20,417 - INFO - HTTP: "GET /queue HTTP/1.1" 200 -
2025-03-17 11:53:21,108 - INFO - HTTP: "GET /queue HTTP/1.1" 200 -
2025-03-17 11:53:22,411 - INFO - HTTP: "GET /queue HTTP/1.1" 200 -
2025-03-17 11:53:23,114 - INFO - HTTP: "GET /queue HTTP/1.1" 200 -
2025-03-17 11:53:24,427 - INFO - HTTP: "GET /queue HTTP/1.1" 200 -
2025-03-17 11:53:25,118 - INFO - HTTP: "GET /queue HTTP/1.1" 200 -
2025-03-17 11:53:26,430 - INFO - HTTP: "GET /queue HTTP/1.1" 200 -
2025-03-17 11:53:27,106 - INFO - HTTP: "GET /queue HTTP/1.1" 200 -
2025-03-17 11:53:28,416 - INFO - HTTP: "GET /queue HTTP/1.1" 200 -
2025-03-17 11:53:29,111 - INFO - HTTP: "GET /queue HTTP/1.1" 200 -
2025-03-17 11:53:30,422 - INFO - HTTP: "GET /queue HTTP/1.1" 200 -
2025-03-17 11:53:31,118 - INFO - HTTP: "GET /queue HTTP/1.1" 200 -
2025-03-17 11:53:32,428 - INFO - HTTP: "GET /queue HTTP/1.1" 200 -
2025-03-17 11:53:33,104 - INFO - HTTP: "GET /queue HTTP/1.1" 200 -
2025-03-17 11:53:34,428 - INFO - HTTP: "GET /queue HTTP/1.1" 200 -
2025-03-17 11:53:35,118 - INFO - HTTP: "GET /queue HTTP/1.1" 200 -
2025-03-17 11:53:36,434 - INFO - HTTP: "GET /queue HTTP/1.1" 200 -
2025-03-17 11:53:37,118 - INFO - HTTP: "GET /queue HTTP/1.1" 200 -
2025-03-17 11:53:38,431 - INFO - HTTP: "GET /queue HTTP/1.1" 200 -
2025-03-17 11:53:39,115 - INFO - HTTP: "GET /queue HTTP/1.1" 200 -
2025-03-17 11:53:40,424 - INFO - HTTP: "GET /queue HTTP/1.1" 200 -
2025-03-17 11:53:41,106 - INFO - HTTP: "GET /queue HTTP/1.1" 200 -
2025-03-17 11:53:42,407 - INFO - HTTP: "GET /queue HTTP/1.1" 200 -
2025-03-17 11:53:43,113 - INFO - HTTP: "GET /queue HTTP/1.1" 200 -
2025-03-17 11:53:44,421 - INFO - HTTP: "GET /queue HTTP/1.1" 200 -
2025-03-17 11:53:45,107 - INFO - HTTP: "GET /queue HTTP/1.1" 200 -
2025-03-17 11:53:46,418 - INFO - HTTP: "GET /queue HTTP/1.1" 200 -
2025-03-17 11:53:47,106 - INFO - HTTP: "GET /queue HTTP/1.1" 200 -
2025-03-17 11:53:48,415 - INFO - HTTP: "GET /queue HTTP/1.1" 200 -
2025-03-17 11:53:49,115 - INFO - HTTP: "GET /queue HTTP/1.1" 200 -
2025-03-17 11:53:50,420 - INFO - HTTP: "GET /queue HTTP/1.1" 200 -
2025-03-17 11:53:51,108 - INFO - HTTP: "GET /queue HTTP/1.1" 200 -
2025-03-17 11:53:52,428 - INFO - HTTP: "GET /queue HTTP/1.1" 200 -
2025-03-17 11:53:53,114 - INFO - HTTP: "GET /queue HTTP/1.1" 200 -
2025-03-17 11:53:54,430 - INFO - HTTP: "GET /queue HTTP/1.1" 200 -
2025-03-17 11:53:55,105 - INFO - HTTP: "GET /queue HTTP/1.1" 200 -
2025-03-17 11:53:56,429 - INFO - HTTP: "GET /queue HTTP/1.1" 200 -
2025-03-17 11:53:57,117 - INFO - HTTP: "GET /queue HTTP/1.1" 200 -
2025-03-17 11:53:58,427 - INFO - HTTP: "GET /queue HTTP/1.1" 200 -
2025-03-17 11:53:59,113 - INFO - HTTP: "GET /queue HTTP/1.1" 200 -
2025-03-17 11:54:00,441 - INFO - HTTP: "GET /queue HTTP/1.1" 200 -
2025-03-17 11:54:01,107 - INFO - HTTP: "GET /queue HTTP/1.1" 200 -
2025-03-17 11:54:02,422 - INFO - HTTP: "GET /queue HTTP/1.1" 200 -
2025-03-17 11:54:03,108 - INFO - HTTP: "GET /queue HTTP/1.1" 200 -
2025-03-17 11:54:04,439 - INFO - HTTP: "GET /queue HTTP/1.1" 200 -
2025-03-17 11:54:05,118 - INFO - HTTP: "GET /queue HTTP/1.1" 200 -
2025-03-17 11:54:06,418 - INFO - HTTP: "GET /queue HTTP/1.1" 200 -
2025-03-17 11:54:07,115 - INFO - HTTP: "GET /queue HTTP/1.1" 200 -
2025-03-17 11:54:08,406 - INFO - HTTP: "GET /queue HTTP/1.1" 200 -
2025-03-17 11:54:09,113 - INFO - HTTP: "GET /queue HTTP/1.1" 200 -
2025-03-17 11:54:10,413 - INFO - HTTP: "GET /queue HTTP/1.1" 200 -
2025-03-17 11:54:11,107 - INFO - HTTP: "GET /queue HTTP/1.1" 200 -
2025-03-17 11:54:12,416 - INFO - HTTP: "GET /queue HTTP/1.1" 200 -
2025-03-17 11:54:13,105 - INFO - HTTP: "GET /queue HTTP/1.1" 200 -
2025-03-17 11:54:14,430 - INFO - HTTP: "GET /queue HTTP/1.1" 200 -
2025-03-17 11:54:15,106 - INFO - HTTP: "GET /queue HTTP/1.1" 200 -
2025-03-17 11:54:16,425 - INFO - HTTP: "GET /queue HTTP/1.1" 200 -
2025-03-17 11:54:17,111 - INFO - HTTP: "GET /queue HTTP/1.1" 200 -
2025-03-17 11:54:18,426 - INFO - HTTP: "GET /queue HTTP/1.1" 200 -
2025-03-17 11:54:19,117 - INFO - HTTP: "GET /queue HTTP/1.1" 200 -
2025-03-17 11:54:20,446 - INFO - HTTP: "GET /queue HTTP/1.1" 200 -
2025-03-17 11:54:21,104 - INFO - HTTP: "GET /queue HTTP/1.1" 200 -
2025-03-17 11:54:22,417 - INFO - HTTP: "GET /queue HTTP/1.1" 200 -
2025-03-17 11:54:23,116 - INFO - HTTP: "GET /queue HTTP/1.1" 200 -
2025-03-17 11:54:24,416 - INFO - HTTP: "GET /queue HTTP/1.1" 200 -
2025-03-17 11:54:25,108 - INFO - HTTP: "GET /queue HTTP/1.1" 200 -
2025-03-17 11:54:26,416 - INFO - HTTP: "GET /queue HTTP/1.1" 200 -
2025-03-17 11:54:27,106 - INFO - HTTP: "GET /queue HTTP/1.1" 200 -
2025-03-17 11:54:28,415 - INFO - HTTP: "GET /queue HTTP/1.1" 200 -
2025-03-17 11:54:29,112 - INFO - HTTP: "GET /queue HTTP/1.1" 200 -
2025-03-17 11:54:30,416 - INFO - HTTP: "GET /queue HTTP/1.1" 200 -
2025-03-17 11:54:31,107 - INFO - HTTP: "GET /queue HTTP/1.1" 200 -
2025-03-17 11:54:32,430 - INFO - HTTP: "GET /queue HTTP/1.1" 200 -
2025-03-17 11:54:33,116 - INFO - HTTP: "GET /queue HTTP/1.1" 200 -
2025-03-17 11:54:34,417 - INFO - HTTP: "GET /queue HTTP/1.1" 200 -
2025-03-17 11:54:35,110 - INFO - HTTP: "GET /queue HTTP/1.1" 200 -
2025-03-17 11:54:36,421 - INFO - HTTP: "GET /queue HTTP/1.1" 200 -
2025-03-17 11:54:37,107 - INFO - HTTP: "GET /queue HTTP/1.1" 200 -
2025-03-17 11:54:38,407 - INFO - HTTP: "GET /queue HTTP/1.1" 200 -
2025-03-17 11:54:39,112 - INFO - HTTP: "GET /queue HTTP/1.1" 200 -
2025-03-17 11:54:40,426 - INFO - HTTP: "GET /queue HTTP/1.1" 200 -
2025-03-17 11:54:41,115 - INFO - HTTP: "GET /queue HTTP/1.1" 200 -
2025-03-17 11:54:42,428 - INFO - HTTP: "GET /queue HTTP/1.1" 200 -
2025-03-17 11:54:43,115 - INFO - HTTP: "GET /queue HTTP/1.1" 200 -
2025-03-17 11:54:44,426 - INFO - HTTP: "GET /queue HTTP/1.1" 200 -
2025-03-17 11:54:45,121 - INFO - HTTP: "GET /queue HTTP/1.1" 200 -
2025-03-17 11:54:46,429 - INFO - HTTP: "GET /queue HTTP/1.1" 200 -
2025-03-17 11:54:47,107 - INFO - HTTP: "GET /queue HTTP/1.1" 200 -
2025-03-17 11:54:48,421 - INFO - HTTP: "GET /queue HTTP/1.1" 200 -
2025-03-17 11:54:49,109 - INFO - HTTP: "GET /queue HTTP/1.1" 200 -
2025-03-17 11:54:50,418 - INFO - HTTP: "GET /queue HTTP/1.1" 200 -
2025-03-17 11:54:51,119 - INFO - HTTP: "GET /queue HTTP/1.1" 200 -
2025-03-17 11:54:52,431 - INFO - HTTP: "GET /queue HTTP/1.1" 200 -
2025-03-17 11:54:53,111 - INFO - HTTP: "GET /queue HTTP/1.1" 200 -
2025-03-17 11:54:54,426 - INFO - HTTP: "GET /queue HTTP/1.1" 200 -
2025-03-17 11:54:55,108 - INFO - HTTP: "GET /queue HTTP/1.1" 200 -
2025-03-17 11:54:56,416 - INFO - HTTP: "GET /queue HTTP/1.1" 200 -
2025-03-17 11:54:57,119 - INFO - HTTP: "GET /queue HTTP/1.1" 200 -
2025-03-17 11:54:58,425 - INFO - HTTP: "GET /queue HTTP/1.1" 200 -
2025-03-17 11:54:59,113 - INFO - HTTP: "GET /queue HTTP/1.1" 200 -
2025-03-17 11:55:00,422 - INFO - HTTP: "GET /queue HTTP/1.1" 200 -
2025-03-17 11:55:01,117 - INFO - HTTP: "GET /queue HTTP/1.1" 200 -
2025-03-17 11:55:02,416 - INFO - HTTP: "GET /queue HTTP/1.1" 200 -
2025-03-17 11:55:03,107 - INFO - HTTP: "GET /queue HTTP/1.1" 200 -
2025-03-17 11:55:04,420 - INFO - HTTP: "GET /queue HTTP/1.1" 200 -
2025-03-17 11:55:05,108 - INFO - HTTP: "GET /queue HTTP/1.1" 200 -
2025-03-17 11:55:06,419 - INFO - HTTP: "GET /queue HTTP/1.1" 200 -
2025-03-17 11:55:07,133 - INFO - HTTP: "GET /queue HTTP/1.1" 200 -
2025-03-17 11:55:08,421 - INFO - HTTP: "GET /queue HTTP/1.1" 200 -
2025-03-17 11:55:09,117 - INFO - HTTP: "GET /queue HTTP/1.1" 200 -
2025-03-17 11:55:10,428 - INFO - HTTP: "GET /queue HTTP/1.1" 200 -
2025-03-17 11:55:11,111 - INFO - HTTP: "GET /queue HTTP/1.1" 200 -
2025-03-17 11:55:12,423 - INFO - HTTP: "GET /queue HTTP/1.1" 200 -
2025-03-17 11:55:13,107 - INFO - HTTP: "GET /queue HTTP/1.1" 200 -
2025-03-17 11:55:14,417 - INFO - HTTP: "GET /queue HTTP/1.1" 200 -
2025-03-17 11:55:15,105 - INFO - HTTP: "GET /queue HTTP/1.1" 200 -
2025-03-17 11:55:16,429 - INFO - HTTP: "GET /queue HTTP/1.1" 200 -
2025-03-17 11:55:17,114 - INFO - HTTP: "GET /queue HTTP/1.1" 200 -
2025-03-17 11:55:18,415 - INFO - HTTP: "GET /queue HTTP/1.1" 200 -
2025-03-17 11:55:19,115 - INFO - HTTP: "GET /queue HTTP/1.1" 200 -
2025-03-17 11:55:20,424 - INFO - HTTP: "GET /queue HTTP/1.1" 200 -
2025-03-17 11:55:21,104 - INFO - HTTP: "GET /queue HTTP/1.1" 200 -
2025-03-17 11:55:22,418 - INFO - HTTP: "GET /queue HTTP/1.1" 200 -
2025-03-17 11:55:23,407 - INFO - HTTP: "GET /queue HTTP/1.1" 200 -
2025-03-17 11:55:24,116 - INFO - HTTP: "GET /queue HTTP/1.1" 200 -
2025-03-17 11:55:25,417 - INFO - HTTP: "GET /queue HTTP/1.1" 200 -
2025-03-17 11:55:26,105 - INFO - HTTP: "GET /queue HTTP/1.1" 200 -
2025-03-17 11:55:27,414 - INFO - HTTP: "GET /queue HTTP/1.1" 200 -
2025-03-17 11:55:28,116 - INFO - HTTP: "GET /queue HTTP/1.1" 200 -
2025-03-17 11:55:29,420 - INFO - HTTP: "GET /queue HTTP/1.1" 200 -
2025-03-17 11:55:30,107 - INFO - HTTP: "GET /queue HTTP/1.1" 200 -
2025-03-17 11:55:31,417 - INFO - HTTP: "GET /queue HTTP/1.1" 200 -
2025-03-17 11:55:32,105 - INFO - HTTP: "GET /queue HTTP/1.1" 200 -
2025-03-17 11:55:33,420 - INFO - HTTP: "GET /queue HTTP/1.1" 200 -
2025-03-17 11:55:34,108 - INFO - HTTP: "GET /queue HTTP/1.1" 200 -
2025-03-17 11:55:35,419 - INFO - HTTP: "GET /queue HTTP/1.1" 200 -
2025-03-17 11:55:36,110 - INFO - HTTP: "GET /queue HTTP/1.1" 200 -
2025-03-17 11:55:37,422 - INFO - HTTP: "GET /queue HTTP/1.1" 200 -
2025-03-17 11:55:38,111 - INFO - HTTP: "GET /queue HTTP/1.1" 200 -
2025-03-17 11:55:39,425 - INFO - HTTP: "GET /queue HTTP/1.1" 200 -
2025-03-17 11:55:40,111 - INFO - HTTP: "GET /queue HTTP/1.1" 200 -
2025-03-17 11:55:41,423 - INFO - HTTP: "GET /queue HTTP/1.1" 200 -
2025-03-17 11:55:41,839 - INFO - HTTP: "GET /next HTTP/1.1" 200 -
2025-03-17 11:55:42,154 - INFO - HTTP: "GET /queue HTTP/1.1" 200 -
2025-03-17 11:55:42,418 - INFO - HTTP: "GET /queue HTTP/1.1" 200 -
2025-03-17 11:55:42,464 - INFO - HTTP: "GET /queue HTTP/1.1" 200 -
2025-03-17 11:55:43,106 - INFO - HTTP: "GET /queue HTTP/1.1" 200 -
2025-03-17 11:55:44,420 - INFO - HTTP: "GET /queue HTTP/1.1" 200 -
2025-03-17 11:55:44,797 - INFO - HTTP: "GET /next HTTP/1.1" 200 -
2025-03-17 11:55:45,117 - INFO - HTTP: "GET /queue HTTP/1.1" 200 -
2025-03-17 11:55:45,374 - INFO - HTTP: "GET /next HTTP/1.1" 200 -
2025-03-17 11:55:45,422 - INFO - HTTP: "GET /queue HTTP/1.1" 200 -
2025-03-17 11:55:46,118 - INFO - HTTP: "GET /next HTTP/1.1" 200 -
2025-03-17 11:55:46,428 - INFO - HTTP: "GET /queue HTTP/1.1" 200 -
2025-03-17 11:55:47,110 - INFO - HTTP: "GET /next HTTP/1.1" 200 -
2025-03-17 11:55:47,422 - INFO - HTTP: "GET /queue HTTP/1.1" 200 -
2025-03-17 11:55:48,109 - INFO - HTTP: "GET /next HTTP/1.1" 200 -
2025-03-17 11:55:48,419 - INFO - HTTP: "GET /queue HTTP/1.1" 200 -
2025-03-17 11:55:49,108 - INFO - HTTP: "GET /next HTTP/1.1" 200 -
2025-03-17 11:55:49,419 - INFO - HTTP: "GET /queue HTTP/1.1" 200 -
2025-03-17 11:55:50,106 - INFO - HTTP: "GET /next HTTP/1.1" 200 -
2025-03-17 11:55:50,417 - INFO - HTTP: "GET /queue HTTP/1.1" 200 -
2025-03-17 11:55:51,108 - INFO - HTTP: "GET /next HTTP/1.1" 200 -
2025-03-17 11:55:51,416 - INFO - HTTP: "GET /queue HTTP/1.1" 200 -
2025-03-17 11:55:52,125 - INFO - HTTP: "GET /next HTTP/1.1" 200 -
2025-03-17 11:55:52,432 - INFO - HTTP: "GET /queue HTTP/1.1" 200 -
2025-03-17 11:55:53,122 - INFO - HTTP: "GET /next HTTP/1.1" 200 -
2025-03-17 11:55:53,444 - INFO - HTTP: "GET /queue HTTP/1.1" 200 -
2025-03-17 11:55:54,112 - INFO - HTTP: "GET /next HTTP/1.1" 200 -
2025-03-17 11:55:54,424 - INFO - HTTP: "GET /queue HTTP/1.1" 200 -
2025-03-17 11:55:55,115 - INFO - HTTP: "GET /next HTTP/1.1" 200 -
2025-03-17 11:55:55,423 - INFO - HTTP: "GET /queue HTTP/1.1" 200 -
2025-03-17 11:55:56,113 - INFO - HTTP: "GET /next HTTP/1.1" 200 -
2025-03-17 11:55:56,424 - INFO - HTTP: "GET /queue HTTP/1.1" 200 -
2025-03-17 11:55:57,110 - INFO - HTTP: "GET /next HTTP/1.1" 200 -
2025-03-17 11:55:57,431 - INFO - HTTP: "GET /queue HTTP/1.1" 200 -
2025-03-17 11:55:58,107 - INFO - HTTP: "GET /next HTTP/1.1" 200 -
2025-03-17 11:55:58,413 - INFO - HTTP: "GET /queue HTTP/1.1" 200 -
2025-03-17 11:55:59,116 - INFO - HTTP: "GET /next HTTP/1.1" 200 -
2025-03-17 11:55:59,424 - INFO - HTTP: "GET /queue HTTP/1.1" 200 -
2025-03-17 11:56:00,111 - INFO - HTTP: "GET /next HTTP/1.1" 200 -
2025-03-17 11:56:00,418 - INFO - HTTP: "GET /queue HTTP/1.1" 200 -
2025-03-17 11:56:01,109 - INFO - HTTP: "GET /next HTTP/1.1" 200 -
2025-03-17 11:56:01,429 - INFO - HTTP: "GET /queue HTTP/1.1" 200 -
2025-03-17 11:56:02,106 - INFO - HTTP: "GET /next HTTP/1.1" 200 -
2025-03-17 11:56:02,417 - INFO - HTTP: "GET /queue HTTP/1.1" 200 -
2025-03-17 11:56:03,425 - INFO - HTTP: "GET /next HTTP/1.1" 200 -
2025-03-17 11:56:03,688 - INFO - HTTP: "GET /queue HTTP/1.1" 200 -
2025-03-17 11:56:04,110 - INFO - HTTP: "GET /next HTTP/1.1" 200 -
2025-03-17 11:56:04,426 - INFO - HTTP: "GET /queue HTTP/1.1" 200 -
2025-03-17 11:56:05,110 - INFO - HTTP: "GET /next HTTP/1.1" 200 -
2025-03-17 11:56:05,421 - INFO - HTTP: "GET /queue HTTP/1.1" 200 -
2025-03-17 11:56:06,109 - INFO - HTTP: "GET /next HTTP/1.1" 200 -
2025-03-17 11:56:06,422 - INFO - HTTP: "GET /queue HTTP/1.1" 200 -
2025-03-17 11:56:07,119 - INFO - HTTP: "GET /next HTTP/1.1" 200 -
2025-03-17 11:56:07,431 - INFO - HTTP: "GET /queue HTTP/1.1" 200 -
2025-03-17 11:56:08,118 - INFO - HTTP: "GET /next HTTP/1.1" 200 -
2025-03-17 11:56:08,431 - INFO - HTTP: "GET /queue HTTP/1.1" 200 -
2025-03-17 11:56:09,117 - INFO - HTTP: "GET /next HTTP/1.1" 200 -
2025-03-17 11:56:09,429 - INFO - HTTP: "GET /queue HTTP/1.1" 200 -
2025-03-17 11:56:10,105 - INFO - HTTP: "GET /next HTTP/1.1" 200 -
2025-03-17 11:56:10,418 - INFO - HTTP: "GET /queue HTTP/1.1" 200 -
2025-03-17 11:56:11,106 - INFO - HTTP: "GET /next HTTP/1.1" 200 -
2025-03-17 11:56:11,419 - INFO - HTTP: "GET /queue HTTP/1.1" 200 -
2025-03-17 11:56:12,105 - INFO - HTTP: "GET /next HTTP/1.1" 200 -
2025-03-17 11:56:12,415 - INFO - HTTP: "GET /queue HTTP/1.1" 200 -
2025-03-17 11:56:13,108 - INFO - HTTP: "GET /next HTTP/1.1" 200 -
2025-03-17 11:56:13,420 - INFO - HTTP: "GET /queue HTTP/1.1" 200 -
2025-03-17 11:56:14,112 - INFO - HTTP: "GET /next HTTP/1.1" 200 -
2025-03-17 11:56:14,425 - INFO - HTTP: "GET /queue HTTP/1.1" 200 -
2025-03-17 11:56:15,685 - INFO - HTTP: "GET /next HTTP/1.1" 200 -
2025-03-17 11:56:15,990 - INFO - HTTP: "GET /queue HTTP/1.1" 200 -
2025-03-17 11:56:16,680 - INFO - HTTP: "GET /next HTTP/1.1" 200 -
2025-03-17 11:56:16,992 - INFO - HTTP: "GET /queue HTTP/1.1" 200 -
2025-03-17 11:56:17,681 - INFO - HTTP: "GET /next HTTP/1.1" 200 -
2025-03-17 11:56:17,993 - INFO - HTTP: "GET /queue HTTP/1.1" 200 -
2025-03-17 11:56:18,686 - INFO - HTTP: "GET /next HTTP/1.1" 200 -
2025-03-17 11:56:19,000 - INFO - HTTP: "GET /queue HTTP/1.1" 200 -
2025-03-17 11:56:19,674 - INFO - HTTP: "GET /next HTTP/1.1" 200 -
2025-03-17 11:56:19,983 - INFO - HTTP: "GET /queue HTTP/1.1" 200 -
2025-03-17 11:56:20,678 - INFO - HTTP: "GET /next HTTP/1.1" 200 -
2025-03-17 11:56:20,985 - INFO - HTTP: "GET /queue HTTP/1.1" 200 -
2025-03-17 11:56:21,674 - INFO - HTTP: "GET /next HTTP/1.1" 200 -
2025-03-17 11:56:21,985 - INFO - HTTP: "GET /queue HTTP/1.1" 200 -
2025-03-17 11:56:22,682 - INFO - HTTP: "GET /next HTTP/1.1" 200 -
2025-03-17 11:56:22,989 - INFO - HTTP: "GET /queue HTTP/1.1" 200 -
2025-03-17 11:56:23,684 - INFO - HTTP: "GET /next HTTP/1.1" 200 -
2025-03-17 11:56:24,003 - INFO - HTTP: "GET /queue HTTP/1.1" 200 -
2025-03-17 11:56:24,678 - INFO - HTTP: "GET /next HTTP/1.1" 200 -
2025-03-17 11:56:24,988 - INFO - HTTP: "GET /queue HTTP/1.1" 200 -
2025-03-17 11:56:25,674 - INFO - HTTP: "GET /next HTTP/1.1" 200 -
2025-03-17 11:56:25,988 - INFO - HTTP: "GET /queue HTTP/1.1" 200 -
2025-03-17 11:56:26,673 - INFO - HTTP: "GET /next HTTP/1.1" 200 -
2025-03-17 11:56:26,987 - INFO - HTTP: "GET /queue HTTP/1.1" 200 -
2025-03-17 11:56:27,673 - INFO - HTTP: "GET /next HTTP/1.1" 200 -
2025-03-17 11:56:27,987 - INFO - HTTP: "GET /queue HTTP/1.1" 200 -
2025-03-17 11:56:28,685 - INFO - HTTP: "GET /next HTTP/1.1" 200 -
2025-03-17 11:56:28,996 - INFO - HTTP: "GET /queue HTTP/1.1" 200 -
2025-03-17 11:56:29,690 - INFO - HTTP: "GET /next HTTP/1.1" 200 -
2025-03-17 11:56:30,012 - INFO - HTTP: "GET /queue HTTP/1.1" 200 -
2025-03-17 11:56:30,684 - INFO - HTTP: "GET /next HTTP/1.1" 200 -
2025-03-17 11:56:30,996 - INFO - HTTP: "GET /queue HTTP/1.1" 200 -
2025-03-17 11:56:31,686 - INFO - HTTP: "GET /next HTTP/1.1" 200 -
2025-03-17 11:56:31,999 - INFO - HTTP: "GET /queue HTTP/1.1" 200 -
2025-03-17 11:56:32,676 - INFO - HTTP: "GET /next HTTP/1.1" 200 -
2025-03-17 11:56:32,981 - INFO - HTTP: "GET /queue HTTP/1.1" 200 -
2025-03-17 11:56:33,673 - INFO - HTTP: "GET /next HTTP/1.1" 200 -
2025-03-17 11:56:34,003 - INFO - HTTP: "GET /queue HTTP/1.1" 200 -
2025-03-17 11:56:34,676 - INFO - HTTP: "GET /next HTTP/1.1" 200 -
2025-03-17 11:56:34,984 - INFO - HTTP: "GET /queue HTTP/1.1" 200 -
2025-03-17 11:56:35,676 - INFO - HTTP: "GET /next HTTP/1.1" 200 -
2025-03-17 11:56:35,988 - INFO - HTTP: "GET /queue HTTP/1.1" 200 -
2025-03-17 11:56:36,680 - INFO - HTTP: "GET /next HTTP/1.1" 200 -
2025-03-17 11:56:37,001 - INFO - HTTP: "GET /queue HTTP/1.1" 200 -
2025-03-17 11:56:37,686 - INFO - HTTP: "GET /next HTTP/1.1" 200 -
2025-03-17 11:56:37,994 - INFO - HTTP: "GET /queue HTTP/1.1" 200 -
2025-03-17 11:56:38,684 - INFO - HTTP: "GET /next HTTP/1.1" 200 -
2025-03-17 11:56:38,995 - INFO - HTTP: "GET /queue HTTP/1.1" 200 -
2025-03-17 11:56:39,683 - INFO - HTTP: "GET /next HTTP/1.1" 200 -
2025-03-17 11:56:39,994 - INFO - HTTP: "GET /queue HTTP/1.1" 200 -
2025-03-17 11:56:40,675 - INFO - HTTP: "GET /next HTTP/1.1" 200 -
2025-03-17 11:56:40,981 - INFO - HTTP: "GET /queue HTTP/1.1" 200 -
2025-03-17 11:56:41,686 - INFO - HTTP: "GET /next HTTP/1.1" 200 -
2025-03-17 11:56:41,996 - INFO - HTTP: "GET /queue HTTP/1.1" 200 -
2025-03-17 11:56:42,673 - INFO - HTTP: "GET /next HTTP/1.1" 200 -
2025-03-17 11:56:42,987 - INFO - HTTP: "GET /queue HTTP/1.1" 200 -
2025-03-17 11:56:43,672 - INFO - HTTP: "GET /next HTTP/1.1" 200 -
2025-03-17 11:56:43,983 - INFO - HTTP: "GET /queue HTTP/1.1" 200 -
2025-03-17 11:56:44,685 - INFO - HTTP: "GET /next HTTP/1.1" 200 -
2025-03-17 11:56:44,997 - INFO - HTTP: "GET /queue HTTP/1.1" 200 -
2025-03-17 11:56:45,685 - INFO - HTTP: "GET /next HTTP/1.1" 200 -
2025-03-17 11:56:45,999 - INFO - HTTP: "GET /queue HTTP/1.1" 200 -
2025-03-17 11:56:46,672 - INFO - HTTP: "GET /next HTTP/1.1" 200 -
2025-03-17 11:56:46,980 - INFO - HTTP: "GET /queue HTTP/1.1" 200 -
2025-03-17 11:56:47,672 - INFO - HTTP: "GET /next HTTP/1.1" 200 -
2025-03-17 11:56:47,980 - INFO - HTTP: "GET /queue HTTP/1.1" 200 -
2025-03-17 11:56:48,690 - INFO - HTTP: "GET /next HTTP/1.1" 200 -
2025-03-17 11:56:49,002 - INFO - HTTP: "GET /queue HTTP/1.1" 200 -
2025-03-17 11:56:49,674 - INFO - HTTP: "GET /next HTTP/1.1" 200 -
2025-03-17 11:56:49,985 - INFO - HTTP: "GET /queue HTTP/1.1" 200 -
2025-03-17 11:56:50,681 - INFO - HTTP: "GET /next HTTP/1.1" 200 -
2025-03-17 11:56:50,995 - INFO - HTTP: "GET /queue HTTP/1.1" 200 -
2025-03-17 11:56:51,679 - INFO - HTTP: "GET /next HTTP/1.1" 200 -
2025-03-17 11:56:51,997 - INFO - HTTP: "GET /queue HTTP/1.1" 200 -
2025-03-17 11:56:52,685 - INFO - HTTP: "GET /next HTTP/1.1" 200 -
2025-03-17 11:56:52,993 - INFO - HTTP: "GET /queue HTTP/1.1" 200 -
2025-03-17 11:56:53,683 - INFO - HTTP: "GET /next HTTP/1.1" 200 -
2025-03-17 11:56:53,994 - INFO - HTTP: "GET /queue HTTP/1.1" 200 -
2025-03-17 11:56:54,680 - INFO - HTTP: "GET /next HTTP/1.1" 200 -
2025-03-17 11:56:54,994 - INFO - HTTP: "GET /queue HTTP/1.1" 200 -
2025-03-17 11:56:55,671 - INFO - HTTP: "GET /next HTTP/1.1" 200 -
2025-03-17 11:56:55,979 - INFO - HTTP: "GET /queue HTTP/1.1" 200 -
2025-03-17 11:57:48,688 - INFO - HTTP: "GET /next HTTP/1.1" 200 -
2025-03-17 11:57:49,000 - INFO - HTTP: "GET /queue HTTP/1.1" 200 -
2025-03-17 11:58:48,682 - INFO - HTTP: "GET /next HTTP/1.1" 200 -
2025-03-17 11:58:49,008 - INFO - HTTP: "GET /queue HTTP/1.1" 200 -
2025-03-17 11:59:49,005 - INFO - HTTP: "GET /next HTTP/1.1" 200 -
2025-03-17 11:59:49,269 - INFO - HTTP: "GET /queue HTTP/1.1" 200 -
2025-03-17 12:00:48,676 - INFO - HTTP: "GET /next HTTP/1.1" 200 -
2025-03-17 12:00:48,984 - INFO - HTTP: "GET /queue HTTP/1.1" 200 -
2025-03-17 12:01:48,679 - INFO - HTTP: "GET /next HTTP/1.1" 200 -
2025-03-17 12:01:48,990 - INFO - HTTP: "GET /queue HTTP/1.1" 200 -
2025-03-17 12:02:48,681 - INFO - HTTP: "GET /next HTTP/1.1" 200 -
2025-03-17 12:02:49,006 - INFO - HTTP: "GET /queue HTTP/1.1" 200 -
2025-03-17 12:03:49,000 - INFO - HTTP: "GET /next HTTP/1.1" 200 -
2025-03-17 12:03:49,268 - INFO - HTTP: "GET /queue HTTP/1.1" 200 -
2025-03-17 12:04:48,692 - INFO - HTTP: "GET /next HTTP/1.1" 200 -
2025-03-17 12:04:49,008 - INFO - HTTP: "GET /queue HTTP/1.1" 200 -
2025-03-17 12:05:48,686 - INFO - HTTP: "GET /next HTTP/1.1" 200 -
2025-03-17 12:05:48,996 - INFO - HTTP: "GET /queue HTTP/1.1" 200 -
2025-03-17 12:06:48,673 - INFO - HTTP: "GET /next HTTP/1.1" 200 -
2025-03-17 12:06:48,985 - INFO - HTTP: "GET /queue HTTP/1.1" 200 -
2025-03-17 12:07:48,683 - INFO - HTTP: "GET /next HTTP/1.1" 200 -
2025-03-17 12:07:49,003 - INFO - HTTP: "GET /queue HTTP/1.1" 200 -
2025-03-17 12:08:48,669 - INFO - HTTP: "GET /next HTTP/1.1" 200 -
2025-03-17 12:08:48,982 - INFO - HTTP: "GET /queue HTTP/1.1" 200 -
2025-03-17 12:09:48,685 - INFO - HTTP: "GET /next HTTP/1.1" 200 -
2025-03-17 12:09:48,997 - INFO - HTTP: "GET /queue HTTP/1.1" 200 -
2025-03-17 12:10:48,678 - INFO - HTTP: "GET /next HTTP/1.1" 200 -
2025-03-17 12:10:48,986 - INFO - HTTP: "GET /queue HTTP/1.1" 200 -
2025-03-17 12:11:48,987 - INFO - HTTP: "GET /next HTTP/1.1" 200 -
2025-03-17 12:11:49,251 - INFO - HTTP: "GET /queue HTTP/1.1" 200 -
2025-03-17 12:12:48,983 - INFO - HTTP: "GET /next HTTP/1.1" 200 -
2025-03-17 12:12:49,240 - INFO - HTTP: "GET /queue HTTP/1.1" 200 -
2025-03-17 12:13:48,987 - INFO - HTTP: "GET /next HTTP/1.1" 200 -
2025-03-17 12:13:49,252 - INFO - HTTP: "GET /queue HTTP/1.1" 200 -
2025-03-17 12:14:48,680 - INFO - HTTP: "GET /next HTTP/1.1" 200 -
2025-03-17 12:14:48,989 - INFO - HTTP: "GET /queue HTTP/1.1" 200 -
2025-03-17 12:15:48,682 - INFO - HTTP: "GET /next HTTP/1.1" 200 -
2025-03-17 12:15:49,003 - INFO - HTTP: "GET /queue HTTP/1.1" 200 -
2025-03-17 12:16:48,676 - INFO - HTTP: "GET /next HTTP/1.1" 200 -
2025-03-17 12:16:48,990 - INFO - HTTP: "GET /queue HTTP/1.1" 200 -
2025-03-17 12:17:48,676 - INFO - HTTP: "GET /next HTTP/1.1" 200 -
2025-03-17 12:17:48,996 - INFO - HTTP: "GET /queue HTTP/1.1" 200 -
2025-03-17 12:18:48,684 - INFO - HTTP: "GET /next HTTP/1.1" 200 -
2025-03-17 12:18:49,005 - INFO - HTTP: "GET /queue HTTP/1.1" 200 -
2025-03-17 12:19:48,675 - INFO - HTTP: "GET /next HTTP/1.1" 200 -
2025-03-17 12:19:48,984 - INFO - HTTP: "GET /queue HTTP/1.1" 200 -
2025-03-17 12:20:48,690 - INFO - HTTP: "GET /next HTTP/1.1" 200 -
2025-03-17 12:20:48,998 - INFO - HTTP: "GET /queue HTTP/1.1" 200 -
2025-03-17 12:21:48,996 - INFO - HTTP: "GET /next HTTP/1.1" 200 -
2025-03-17 12:21:49,253 - INFO - HTTP: "GET /queue HTTP/1.1" 200 -
2025-03-17 12:22:49,001 - INFO - HTTP: "GET /next HTTP/1.1" 200 -
2025-03-17 12:22:49,255 - INFO - HTTP: "GET /queue HTTP/1.1" 200 -
2025-03-17 12:23:48,993 - INFO - HTTP: "GET /next HTTP/1.1" 200 -
2025-03-17 12:23:49,246 - INFO - HTTP: "GET /queue HTTP/1.1" 200 -
2025-03-17 12:24:48,995 - INFO - HTTP: "GET /next HTTP/1.1" 200 -
2025-03-17 12:24:49,261 - INFO - HTTP: "GET /queue HTTP/1.1" 200 -
2025-03-17 12:25:48,990 - INFO - HTTP: "GET /next HTTP/1.1" 200 -
2025-03-17 12:25:49,260 - INFO - HTTP: "GET /queue HTTP/1.1" 200 -
2025-03-17 12:26:48,678 - INFO - HTTP: "GET /next HTTP/1.1" 200 -
2025-03-17 12:26:49,004 - INFO - HTTP: "GET /queue HTTP/1.1" 200 -
2025-03-17 12:27:48,676 - INFO - HTTP: "GET /next HTTP/1.1" 200 -
2025-03-17 12:27:48,985 - INFO - HTTP: "GET /queue HTTP/1.1" 200 -
2025-03-17 12:28:48,994 - INFO - HTTP: "GET /next HTTP/1.1" 200 -
2025-03-17 12:28:49,259 - INFO - HTTP: "GET /queue HTTP/1.1" 200 -
2025-03-17 12:29:48,675 - INFO - HTTP: "GET /next HTTP/1.1" 200 -
2025-03-17 12:29:48,983 - INFO - HTTP: "GET /queue HTTP/1.1" 200 -
2025-03-17 12:30:48,682 - INFO - HTTP: "GET /next HTTP/1.1" 200 -
2025-03-17 12:30:48,991 - INFO - HTTP: "GET /queue HTTP/1.1" 200 -
2025-03-17 12:31:48,686 - INFO - HTTP: "GET /next HTTP/1.1" 200 -
2025-03-17 12:31:49,009 - INFO - HTTP: "GET /queue HTTP/1.1" 200 -
2025-03-17 12:32:48,991 - INFO - HTTP: "GET /next HTTP/1.1" 200 -
2025-03-17 12:32:49,253 - INFO - HTTP: "GET /queue HTTP/1.1" 200 -
2025-03-17 12:33:48,688 - INFO - HTTP: "GET /next HTTP/1.1" 200 -
2025-03-17 12:33:49,010 - INFO - HTTP: "GET /queue HTTP/1.1" 200 -
2025-03-17 12:34:48,678 - INFO - HTTP: "GET /next HTTP/1.1" 200 -
2025-03-17 12:34:48,990 - INFO - HTTP: "GET /queue HTTP/1.1" 200 -
2025-03-17 13:08:11,958 - INFO - Settings loaded. Current voice: male_01.wav
2025-03-17 13:08:11,958 - INFO - Starting TTS player server...
2025-03-17 13:08:11,960 - INFO - TTS player server started on port 8765
2025-03-17 13:08:11,960 - INFO - Using voice: male_01.wav
2025-03-17 13:08:12,602 - INFO - TTS player opened in browser at http://localhost:8765
2025-03-17 13:08:12,604 - INFO - Added to TTS queue: Hey there! How can I help you today?

2025-03-17 13:08:13,027 - INFO - HTTP: "GET / HTTP/1.1" 200 -
2025-03-17 13:08:13,062 - INFO - HTTP: "GET /voices HTTP/1.1" 200 -
2025-03-17 13:08:13,290 - INFO - HTTP: "GET /queue HTTP/1.1" 200 -
2025-03-17 13:08:13,431 - INFO - HTTP: "GET /current-voice HTTP/1.1" 200 -
2025-03-17 13:08:14,371 - INFO - HTTP: "GET /next HTTP/1.1" 200 -
2025-03-17 13:08:14,635 - INFO - HTTP: "GET /queue HTTP/1.1" 200 -
2025-03-17 13:08:14,683 - INFO - HTTP: "GET /queue HTTP/1.1" 200 -
2025-03-17 13:08:15,062 - INFO - HTTP: "GET /queue HTTP/1.1" 200 -
2025-03-17 13:08:16,382 - INFO - HTTP: "GET /queue HTTP/1.1" 200 -
2025-03-17 13:08:17,068 - INFO - HTTP: "GET /queue HTTP/1.1" 200 -
2025-03-17 13:08:18,373 - INFO - HTTP: "GET /queue HTTP/1.1" 200 -
2025-03-17 13:08:19,061 - INFO - HTTP: "GET /queue HTTP/1.1" 200 -
2025-03-17 13:08:20,386 - INFO - HTTP: "GET /queue HTTP/1.1" 200 -
2025-03-17 13:08:21,063 - INFO - HTTP: "GET /queue HTTP/1.1" 200 -
2025-03-17 13:08:22,380 - INFO - HTTP: "GET /queue HTTP/1.1" 200 -
2025-03-17 13:08:23,071 - INFO - HTTP: "GET /queue HTTP/1.1" 200 -
2025-03-17 13:08:24,369 - INFO - HTTP: "GET /queue HTTP/1.1" 200 -
2025-03-17 13:08:25,075 - INFO - HTTP: "GET /queue HTTP/1.1" 200 -
2025-03-17 13:08:26,381 - INFO - HTTP: "GET /queue HTTP/1.1" 200 -
2025-03-17 13:08:27,067 - INFO - HTTP: "GET /queue HTTP/1.1" 200 -
2025-03-17 13:08:28,374 - INFO - HTTP: "GET /queue HTTP/1.1" 200 -
2025-03-17 13:08:29,673 - INFO - HTTP: "GET /queue HTTP/1.1" 200 -
2025-03-17 13:08:30,985 - INFO - HTTP: "GET /queue HTTP/1.1" 200 -
2025-03-17 13:08:31,678 - INFO - HTTP: "GET /queue HTTP/1.1" 200 -
2025-03-17 13:08:32,996 - INFO - HTTP: "GET /queue HTTP/1.1" 200 -
2025-03-17 13:08:33,682 - INFO - HTTP: "GET /queue HTTP/1.1" 200 -
2025-03-17 13:08:34,996 - INFO - HTTP: "GET /queue HTTP/1.1" 200 -
2025-03-17 13:08:35,672 - INFO - HTTP: "GET /queue HTTP/1.1" 200 -
2025-03-17 13:08:36,987 - INFO - HTTP: "GET /queue HTTP/1.1" 200 -
2025-03-17 13:08:37,675 - INFO - HTTP: "GET /queue HTTP/1.1" 200 -
2025-03-17 13:08:38,989 - INFO - HTTP: "GET /queue HTTP/1.1" 200 -
2025-03-17 13:08:39,674 - INFO - HTTP: "GET /queue HTTP/1.1" 200 -
2025-03-17 13:08:40,987 - INFO - HTTP: "GET /queue HTTP/1.1" 200 -
2025-03-17 13:08:41,677 - INFO - HTTP: "GET /queue HTTP/1.1" 200 -
2025-03-17 13:08:42,989 - INFO - HTTP: "GET /queue HTTP/1.1" 200 -
2025-03-17 13:08:43,682 - INFO - HTTP: "GET /queue HTTP/1.1" 200 -
2025-03-17 13:08:44,989 - INFO - HTTP: "GET /queue HTTP/1.1" 200 -
2025-03-17 13:08:45,676 - INFO - HTTP: "GET /queue HTTP/1.1" 200 -
2025-03-17 13:08:45,709 - INFO - Added to TTS queue: Alright, let's dive back into the Invincible War, ...
2025-03-17 13:08:47,000 - INFO - HTTP: "GET /queue HTTP/1.1" 200 -
2025-03-17 13:08:47,670 - INFO - HTTP: "GET /queue HTTP/1.1" 200 -
2025-03-17 13:08:48,988 - INFO - HTTP: "GET /queue HTTP/1.1" 200 -
2025-03-17 13:08:48,990 - INFO - HTTP: "GET /next HTTP/1.1" 200 -
2025-03-17 13:08:49,253 - INFO - HTTP: "GET /queue HTTP/1.1" 200 -
2025-03-17 13:08:49,334 - INFO - HTTP: "GET /queue HTTP/1.1" 200 -
2025-03-17 13:08:49,675 - INFO - HTTP: "GET /queue HTTP/1.1" 200 -
2025-03-17 13:08:50,982 - INFO - HTTP: "GET /queue HTTP/1.1" 200 -
2025-03-17 13:08:51,222 - INFO - Added to TTS queue: Aight, cool. So, let's say we're picking up with I...
2025-03-17 13:08:51,672 - INFO - HTTP: "GET /queue HTTP/1.1" 200 -
2025-03-17 13:08:52,985 - INFO - HTTP: "GET /queue HTTP/1.1" 200 -
2025-03-17 13:08:53,674 - INFO - HTTP: "GET /queue HTTP/1.1" 200 -
2025-03-17 13:08:54,982 - INFO - HTTP: "GET /queue HTTP/1.1" 200 -
2025-03-17 13:08:55,671 - INFO - HTTP: "GET /queue HTTP/1.1" 200 -
2025-03-17 13:08:56,982 - INFO - HTTP: "GET /queue HTTP/1.1" 200 -
2025-03-17 13:08:57,685 - INFO - HTTP: "GET /queue HTTP/1.1" 200 -
2025-03-17 13:08:57,804 - INFO - Added to TTS queue: Okay, switching back now.

2025-03-17 13:08:58,984 - INFO - HTTP: "GET /queue HTTP/1.1" 200 -
2025-03-17 13:08:59,687 - INFO - HTTP: "GET /queue HTTP/1.1" 200 -
2025-03-17 13:09:00,984 - INFO - HTTP: "GET /queue HTTP/1.1" 200 -
2025-03-17 13:09:01,686 - INFO - HTTP: "GET /queue HTTP/1.1" 200 -
2025-03-17 13:09:02,994 - INFO - HTTP: "GET /queue HTTP/1.1" 200 -
2025-03-17 13:09:03,683 - INFO - HTTP: "GET /queue HTTP/1.1" 200 -
2025-03-17 13:09:04,999 - INFO - HTTP: "GET /queue HTTP/1.1" 200 -
2025-03-17 13:09:05,686 - INFO - HTTP: "GET /queue HTTP/1.1" 200 -
2025-03-17 13:09:06,995 - INFO - HTTP: "GET /queue HTTP/1.1" 200 -
2025-03-17 13:09:07,685 - INFO - HTTP: "GET /queue HTTP/1.1" 200 -
2025-03-17 13:09:08,979 - INFO - HTTP: "GET /queue HTTP/1.1" 200 -
2025-03-17 13:09:09,682 - INFO - HTTP: "GET /queue HTTP/1.1" 200 -
2025-03-17 13:09:10,996 - INFO - HTTP: "GET /queue HTTP/1.1" 200 -
2025-03-17 13:09:11,682 - INFO - HTTP: "GET /queue HTTP/1.1" 200 -
2025-03-17 13:09:12,982 - INFO - HTTP: "GET /queue HTTP/1.1" 200 -
2025-03-17 13:09:13,687 - INFO - HTTP: "GET /queue HTTP/1.1" 200 -
2025-03-17 13:09:14,994 - INFO - HTTP: "GET /queue HTTP/1.1" 200 -
2025-03-17 13:09:15,681 - INFO - HTTP: "GET /queue HTTP/1.1" 200 -
2025-03-17 13:09:16,993 - INFO - HTTP: "GET /queue HTTP/1.1" 200 -
2025-03-17 13:09:17,679 - INFO - HTTP: "GET /queue HTTP/1.1" 200 -
2025-03-17 13:09:18,977 - INFO - HTTP: "GET /queue HTTP/1.1" 200 -
2025-03-17 13:09:19,671 - INFO - HTTP: "GET /queue HTTP/1.1" 200 -
2025-03-17 13:09:20,982 - INFO - HTTP: "GET /queue HTTP/1.1" 200 -
2025-03-17 13:09:21,672 - INFO - HTTP: "GET /queue HTTP/1.1" 200 -
2025-03-17 13:09:22,983 - INFO - HTTP: "GET /queue HTTP/1.1" 200 -
2025-03-17 13:09:23,681 - INFO - HTTP: "GET /queue HTTP/1.1" 200 -
2025-03-17 13:09:24,994 - INFO - HTTP: "GET /queue HTTP/1.1" 200 -
2025-03-17 13:09:25,681 - INFO - HTTP: "GET /queue HTTP/1.1" 200 -
2025-03-17 13:09:26,992 - INFO - HTTP: "GET /queue HTTP/1.1" 200 -
2025-03-17 13:09:27,587 - INFO - HTTP: "GET /queue HTTP/1.1" 200 -
2025-03-17 13:09:28,382 - INFO - HTTP: "GET /queue HTTP/1.1" 200 -
2025-03-17 13:09:29,679 - INFO - HTTP: "GET /queue HTTP/1.1" 200 -
2025-03-17 13:09:30,980 - INFO - HTTP: "GET /queue HTTP/1.1" 200 -
2025-03-17 13:09:31,687 - INFO - HTTP: "GET /queue HTTP/1.1" 200 -
2025-03-17 13:09:32,985 - INFO - HTTP: "GET /queue HTTP/1.1" 200 -
2025-03-17 13:09:33,681 - INFO - HTTP: "GET /queue HTTP/1.1" 200 -
2025-03-17 13:09:34,986 - INFO - HTTP: "GET /queue HTTP/1.1" 200 -
2025-03-17 13:09:35,674 - INFO - HTTP: "GET /queue HTTP/1.1" 200 -
2025-03-17 13:09:36,996 - INFO - HTTP: "GET /queue HTTP/1.1" 200 -
2025-03-17 13:09:37,692 - INFO - HTTP: "GET /queue HTTP/1.1" 200 -
2025-03-17 13:09:38,996 - INFO - HTTP: "GET /queue HTTP/1.1" 200 -
2025-03-17 13:09:39,683 - INFO - HTTP: "GET /queue HTTP/1.1" 200 -
2025-03-17 13:09:40,995 - INFO - HTTP: "GET /queue HTTP/1.1" 200 -
2025-03-17 13:09:41,682 - INFO - HTTP: "GET /queue HTTP/1.1" 200 -
2025-03-17 13:09:42,994 - INFO - HTTP: "GET /queue HTTP/1.1" 200 -
2025-03-17 13:09:43,731 - INFO - HTTP: "GET /queue HTTP/1.1" 200 -
2025-03-17 13:09:44,993 - INFO - HTTP: "GET /queue HTTP/1.1" 200 -
2025-03-17 13:09:45,685 - INFO - HTTP: "GET /queue HTTP/1.1" 200 -
2025-03-17 13:09:46,986 - INFO - HTTP: "GET /queue HTTP/1.1" 200 -
2025-03-17 13:09:47,673 - INFO - HTTP: "GET /queue HTTP/1.1" 200 -
2025-03-17 13:09:48,991 - INFO - HTTP: "GET /queue HTTP/1.1" 200 -
2025-03-17 13:09:49,256 - INFO - HTTP: "GET /queue HTTP/1.1" 200 -
2025-03-17 13:09:49,678 - INFO - HTTP: "GET /queue HTTP/1.1" 200 -
2025-03-17 13:09:50,988 - INFO - HTTP: "GET /queue HTTP/1.1" 200 -
2025-03-17 13:09:51,674 - INFO - HTTP: "GET /queue HTTP/1.1" 200 -
2025-03-17 13:09:52,993 - INFO - HTTP: "GET /queue HTTP/1.1" 200 -
2025-03-17 13:09:53,683 - INFO - HTTP: "GET /queue HTTP/1.1" 200 -
2025-03-17 13:09:54,989 - INFO - HTTP: "GET /queue HTTP/1.1" 200 -
2025-03-17 13:09:55,717 - INFO - HTTP: "GET /queue HTTP/1.1" 200 -
2025-03-17 13:09:56,989 - INFO - HTTP: "GET /queue HTTP/1.1" 200 -
2025-03-17 13:09:57,678 - INFO - HTTP: "GET /queue HTTP/1.1" 200 -
2025-03-17 13:09:58,992 - INFO - HTTP: "GET /queue HTTP/1.1" 200 -
2025-03-17 13:09:59,680 - INFO - HTTP: "GET /queue HTTP/1.1" 200 -
2025-03-17 13:10:00,981 - INFO - HTTP: "GET /queue HTTP/1.1" 200 -
2025-03-17 13:10:01,676 - INFO - HTTP: "GET /queue HTTP/1.1" 200 -
2025-03-17 13:10:02,992 - INFO - HTTP: "GET /queue HTTP/1.1" 200 -
2025-03-17 13:10:03,680 - INFO - HTTP: "GET /queue HTTP/1.1" 200 -
2025-03-17 13:10:04,985 - INFO - HTTP: "GET /queue HTTP/1.1" 200 -
2025-03-17 13:10:05,674 - INFO - HTTP: "GET /queue HTTP/1.1" 200 -
2025-03-17 13:10:06,986 - INFO - HTTP: "GET /queue HTTP/1.1" 200 -
2025-03-17 13:10:07,675 - INFO - HTTP: "GET /queue HTTP/1.1" 200 -
2025-03-17 13:10:08,985 - INFO - HTTP: "GET /queue HTTP/1.1" 200 -
2025-03-17 13:10:09,673 - INFO - HTTP: "GET /queue HTTP/1.1" 200 -
2025-03-17 13:10:10,993 - INFO - HTTP: "GET /queue HTTP/1.1" 200 -
2025-03-17 13:10:11,681 - INFO - HTTP: "GET /queue HTTP/1.1" 200 -
2025-03-17 13:10:13,013 - INFO - HTTP: "GET /queue HTTP/1.1" 200 -
2025-03-17 13:10:13,676 - INFO - HTTP: "GET /queue HTTP/1.1" 200 -
2025-03-17 13:10:14,998 - INFO - HTTP: "GET /queue HTTP/1.1" 200 -
2025-03-17 13:10:15,684 - INFO - HTTP: "GET /queue HTTP/1.1" 200 -
2025-03-17 13:10:16,984 - INFO - HTTP: "GET /queue HTTP/1.1" 200 -
2025-03-17 13:10:17,682 - INFO - HTTP: "GET /queue HTTP/1.1" 200 -
2025-03-17 13:10:18,994 - INFO - HTTP: "GET /queue HTTP/1.1" 200 -
2025-03-17 13:10:19,684 - INFO - HTTP: "GET /queue HTTP/1.1" 200 -
2025-03-17 13:10:20,981 - INFO - HTTP: "GET /queue HTTP/1.1" 200 -
2025-03-17 13:10:21,673 - INFO - HTTP: "GET /queue HTTP/1.1" 200 -
2025-03-17 13:10:22,981 - INFO - HTTP: "GET /queue HTTP/1.1" 200 -
2025-03-17 13:10:23,677 - INFO - HTTP: "GET /queue HTTP/1.1" 200 -
2025-03-17 13:10:24,983 - INFO - HTTP: "GET /queue HTTP/1.1" 200 -
2025-03-17 13:10:25,670 - INFO - HTTP: "GET /queue HTTP/1.1" 200 -
2025-03-17 13:10:26,982 - INFO - HTTP: "GET /queue HTTP/1.1" 200 -
2025-03-17 13:10:27,670 - INFO - HTTP: "GET /queue HTTP/1.1" 200 -
2025-03-17 13:10:28,990 - INFO - HTTP: "GET /queue HTTP/1.1" 200 -
2025-03-17 13:11:32,453 - INFO - Settings loaded. Current voice: male_01.wav
2025-03-17 13:11:32,453 - INFO - Starting TTS player server...
2025-03-17 13:11:32,455 - INFO - TTS player server started on port 8765
2025-03-17 13:11:32,455 - INFO - Using voice: male_01.wav
2025-03-17 13:11:33,069 - INFO - TTS player opened in browser at http://localhost:8765
2025-03-17 13:11:33,070 - INFO - Added to TTS queue: Hey there! How can I help you today?

2025-03-17 13:11:33,514 - INFO - HTTP: "GET / HTTP/1.1" 200 -
2025-03-17 13:11:33,542 - INFO - HTTP: "GET /voices HTTP/1.1" 200 -
2025-03-17 13:11:33,778 - INFO - HTTP: "GET /queue HTTP/1.1" 200 -
2025-03-17 13:11:33,919 - INFO - HTTP: "GET /current-voice HTTP/1.1" 200 -
2025-03-17 13:11:34,846 - INFO - HTTP: "GET /next HTTP/1.1" 200 -
2025-03-17 13:11:35,104 - INFO - HTTP: "GET /queue HTTP/1.1" 200 -
2025-03-17 13:11:35,158 - INFO - HTTP: "GET /queue HTTP/1.1" 200 -
2025-03-17 13:11:35,555 - INFO - HTTP: "GET /queue HTTP/1.1" 200 -
2025-03-17 13:11:36,869 - INFO - HTTP: "GET /queue HTTP/1.1" 200 -
2025-03-17 13:11:37,498 - INFO - HTTP: code 404, message File not found
2025-03-17 13:11:37,498 - INFO - HTTP: "GET /favicon.ico HTTP/1.1" 404 -
2025-03-17 13:11:37,858 - INFO - HTTP: "GET /queue HTTP/1.1" 200 -
2025-03-17 13:11:38,548 - INFO - HTTP: "GET /queue HTTP/1.1" 200 -
2025-03-17 13:11:39,859 - INFO - HTTP: "GET /queue HTTP/1.1" 200 -
2025-03-17 13:11:40,544 - INFO - HTTP: "GET /queue HTTP/1.1" 200 -
2025-03-17 13:11:41,844 - INFO - HTTP: "GET /queue HTTP/1.1" 200 -
2025-03-17 13:11:42,547 - INFO - HTTP: "GET /queue HTTP/1.1" 200 -
2025-03-17 13:11:43,852 - INFO - HTTP: "GET /queue HTTP/1.1" 200 -
2025-03-17 13:11:44,545 - INFO - HTTP: "GET /queue HTTP/1.1" 200 -
2025-03-17 13:11:45,854 - INFO - HTTP: "GET /queue HTTP/1.1" 200 -
2025-03-17 13:11:46,543 - INFO - HTTP: "GET /queue HTTP/1.1" 200 -
2025-03-17 13:11:47,852 - INFO - HTTP: "GET /queue HTTP/1.1" 200 -
2025-03-17 13:11:48,542 - INFO - HTTP: "GET /queue HTTP/1.1" 200 -
2025-03-17 13:11:48,991 - INFO - HTTP: "GET /queue HTTP/1.1" 200 -
2025-03-17 13:11:49,242 - INFO - HTTP: "GET /queue HTTP/1.1" 200 -
2025-03-17 13:11:49,543 - INFO - HTTP: "GET /queue HTTP/1.1" 200 -
2025-03-17 13:11:50,860 - INFO - HTTP: "GET /queue HTTP/1.1" 200 -
2025-03-17 13:11:51,544 - INFO - HTTP: "GET /queue HTTP/1.1" 200 -
2025-03-17 13:11:52,848 - INFO - HTTP: "GET /queue HTTP/1.1" 200 -
2025-03-17 13:11:53,543 - INFO - HTTP: "GET /queue HTTP/1.1" 200 -
2025-03-17 13:11:54,845 - INFO - HTTP: "GET /queue HTTP/1.1" 200 -
2025-03-17 13:11:55,543 - INFO - HTTP: "GET /queue HTTP/1.1" 200 -
2025-03-17 13:11:56,863 - INFO - HTTP: "GET /queue HTTP/1.1" 200 -
2025-03-17 13:11:57,542 - INFO - HTTP: "GET /queue HTTP/1.1" 200 -
2025-03-17 13:11:58,085 - INFO - HTTP: "DELETE /queue HTTP/1.1" 200 -
2025-03-17 13:11:58,338 - INFO - HTTP: "GET /queue HTTP/1.1" 200 -
2025-03-17 13:11:58,557 - INFO - HTTP: "GET /queue HTTP/1.1" 200 -
2025-03-17 13:11:59,857 - INFO - HTTP: "GET /queue HTTP/1.1" 200 -
2025-03-17 13:12:00,543 - INFO - HTTP: "GET /queue HTTP/1.1" 200 -
2025-03-17 13:12:01,856 - INFO - HTTP: "GET /queue HTTP/1.1" 200 -
2025-03-17 13:12:02,542 - INFO - HTTP: "GET /queue HTTP/1.1" 200 -
2025-03-17 13:12:03,852 - INFO - HTTP: "GET /queue HTTP/1.1" 200 -
2025-03-17 13:12:35,274 - INFO - Settings loaded. Current voice: male_01.wav
2025-03-17 13:12:35,275 - INFO - Starting TTS player server...
2025-03-17 13:12:35,276 - INFO - TTS player server started on port 8765
2025-03-17 13:12:35,276 - INFO - Using voice: male_01.wav
2025-03-17 13:12:35,861 - INFO - TTS player opened in browser at http://localhost:8765
2025-03-17 13:12:35,862 - INFO - Added to TTS queue: Hey there! How can I help you today?

2025-03-17 13:12:38,217 - INFO - HTTP: "GET / HTTP/1.1" 200 -
2025-03-17 13:12:38,243 - INFO - HTTP: "GET /voices HTTP/1.1" 200 -
2025-03-17 13:12:38,466 - INFO - HTTP: "GET /queue HTTP/1.1" 200 -
2025-03-17 13:12:38,593 - INFO - HTTP: "GET /current-voice HTTP/1.1" 200 -
2025-03-17 13:12:38,638 - INFO - HTTP: code 404, message File not found
2025-03-17 13:12:38,638 - INFO - HTTP: "GET /favicon.ico HTTP/1.1" 404 -
2025-03-17 13:12:39,996 - INFO - HTTP: "GET /next HTTP/1.1" 200 -
2025-03-17 13:12:40,264 - INFO - HTTP: "GET /queue HTTP/1.1" 200 -
2025-03-17 13:12:40,308 - INFO - HTTP: "GET /queue HTTP/1.1" 200 -
2025-03-17 13:12:40,672 - INFO - HTTP: "GET /queue HTTP/1.1" 200 -
2025-03-17 13:12:41,987 - INFO - HTTP: "GET /queue HTTP/1.1" 200 -
2025-03-17 13:12:42,673 - INFO - HTTP: "GET /queue HTTP/1.1" 200 -
2025-03-17 13:12:43,987 - INFO - HTTP: "GET /queue HTTP/1.1" 200 -
2025-03-17 13:12:44,683 - INFO - HTTP: "GET /queue HTTP/1.1" 200 -
2025-03-17 13:12:45,988 - INFO - HTTP: "GET /queue HTTP/1.1" 200 -
2025-03-17 13:12:46,675 - INFO - HTTP: "GET /queue HTTP/1.1" 200 -
2025-03-17 13:12:47,996 - INFO - HTTP: "GET /queue HTTP/1.1" 200 -
2025-03-17 13:12:48,677 - INFO - HTTP: "GET /queue HTTP/1.1" 200 -
2025-03-17 13:12:49,400 - INFO - Added to TTS queue: Alright, let's dive into the Invincible War. Last ...
2025-03-17 13:12:49,990 - INFO - HTTP: "GET /queue HTTP/1.1" 200 -
2025-03-17 13:12:50,676 - INFO - HTTP: "GET /queue HTTP/1.1" 200 -
2025-03-17 13:12:51,998 - INFO - HTTP: "GET /queue HTTP/1.1" 200 -
2025-03-17 13:12:52,260 - INFO - HTTP: "GET /queue HTTP/1.1" 200 -
2025-03-17 13:12:52,900 - INFO - Added to TTS queue: Alright, cool. Let's keep rollin' with the Invinci...
2025-03-17 13:12:53,246 - INFO - HTTP: "GET /queue HTTP/1.1" 200 -
2025-03-17 13:12:54,459 - INFO - HTTP: code 404, message File not found
2025-03-17 13:12:54,460 - INFO - HTTP: "GET /favicon.ico HTTP/1.1" 404 -
2025-03-17 13:12:54,567 - INFO - HTTP: "GET /queue HTTP/1.1" 200 -
2025-03-17 13:12:55,257 - INFO - HTTP: "GET /queue HTTP/1.1" 200 -
2025-03-17 13:12:55,339 - INFO - Added to TTS queue: Okay, switching back now.

2025-03-17 13:12:56,569 - INFO - HTTP: "GET /queue HTTP/1.1" 200 -
2025-03-17 13:12:56,821 - INFO - HTTP: "GET /next HTTP/1.1" 200 -
2025-03-17 13:12:56,992 - INFO - HTTP: "GET /queue HTTP/1.1" 200 -
2025-03-17 13:12:57,147 - INFO - HTTP: "GET /queue HTTP/1.1" 200 -
2025-03-17 13:12:57,304 - INFO - HTTP: "GET /queue HTTP/1.1" 200 -
2025-03-17 13:12:58,257 - INFO - HTTP: "GET /queue HTTP/1.1" 200 -
2025-03-17 13:12:59,555 - INFO - HTTP: "GET /queue HTTP/1.1" 200 -
2025-03-17 13:13:00,247 - INFO - HTTP: "GET /queue HTTP/1.1" 200 -
2025-03-17 13:13:01,559 - INFO - HTTP: "GET /queue HTTP/1.1" 200 -
2025-03-17 13:13:02,244 - INFO - HTTP: "GET /queue HTTP/1.1" 200 -
2025-03-17 13:13:03,558 - INFO - HTTP: "GET /queue HTTP/1.1" 200 -
2025-03-17 13:13:04,249 - INFO - HTTP: "GET /queue HTTP/1.1" 200 -
2025-03-17 13:13:05,555 - INFO - HTTP: "GET /queue HTTP/1.1" 200 -
2025-03-17 13:13:06,249 - INFO - HTTP: "GET /queue HTTP/1.1" 200 -
2025-03-17 13:13:07,563 - INFO - HTTP: "GET /queue HTTP/1.1" 200 -
2025-03-17 13:13:08,252 - INFO - HTTP: "GET /queue HTTP/1.1" 200 -
2025-03-17 13:13:09,565 - INFO - HTTP: "GET /queue HTTP/1.1" 200 -
2025-03-17 13:13:10,255 - INFO - HTTP: "GET /queue HTTP/1.1" 200 -
2025-03-17 13:13:11,563 - INFO - HTTP: "GET /queue HTTP/1.1" 200 -
2025-03-17 13:13:12,249 - INFO - HTTP: "GET /queue HTTP/1.1" 200 -
2025-03-17 13:13:13,558 - INFO - HTTP: "GET /queue HTTP/1.1" 200 -
2025-03-17 13:13:14,245 - INFO - HTTP: "GET /queue HTTP/1.1" 200 -
2025-03-17 13:13:15,557 - INFO - HTTP: "GET /queue HTTP/1.1" 200 -
2025-03-17 13:13:16,243 - INFO - HTTP: "GET /queue HTTP/1.1" 200 -
2025-03-17 13:13:17,567 - INFO - HTTP: "GET /queue HTTP/1.1" 200 -
2025-03-17 13:13:18,257 - INFO - HTTP: "GET /queue HTTP/1.1" 200 -
2025-03-17 13:13:19,573 - INFO - HTTP: "GET /queue HTTP/1.1" 200 -
2025-03-17 13:13:20,249 - INFO - HTTP: "GET /queue HTTP/1.1" 200 -
2025-03-17 13:13:21,562 - INFO - HTTP: "GET /queue HTTP/1.1" 200 -
2025-03-17 13:13:22,253 - INFO - HTTP: "GET /queue HTTP/1.1" 200 -
2025-03-17 13:13:23,553 - INFO - HTTP: "GET /queue HTTP/1.1" 200 -
2025-03-17 13:13:24,248 - INFO - HTTP: "GET /queue HTTP/1.1" 200 -
2025-03-17 13:14:25,962 - INFO - Settings loaded. Current voice: male_01.wav
2025-03-17 13:14:25,962 - INFO - Starting TTS player server...
2025-03-17 13:14:25,963 - INFO - TTS player server started on port 8765
2025-03-17 13:14:25,963 - INFO - Using voice: male_01.wav
2025-03-17 13:14:26,003 - INFO - HTTP: "GET /queue HTTP/1.1" 200 -
2025-03-17 13:14:26,159 - INFO - HTTP: "GET /queue HTTP/1.1" 200 -
2025-03-17 13:14:26,315 - INFO - HTTP: "GET /queue HTTP/1.1" 200 -
2025-03-17 13:14:26,471 - INFO - HTTP: "GET /queue HTTP/1.1" 200 -
2025-03-17 13:14:26,550 - INFO - TTS player opened in browser at http://localhost:8765
2025-03-17 13:14:26,552 - INFO - Added to TTS queue: I am already in normal mode, how can I help?

2025-03-17 13:14:26,628 - INFO - HTTP: "GET /queue HTTP/1.1" 200 -
2025-03-17 13:14:26,783 - INFO - HTTP: "GET / HTTP/1.1" 200 -
2025-03-17 13:14:26,942 - INFO - HTTP: "GET /queue HTTP/1.1" 200 -
2025-03-17 13:14:26,958 - INFO - HTTP: "GET /voices HTTP/1.1" 200 -
2025-03-17 13:14:27,114 - INFO - HTTP: "GET /queue HTTP/1.1" 200 -
2025-03-17 13:14:27,254 - INFO - HTTP: "GET /current-voice HTTP/1.1" 200 -
2025-03-17 13:14:27,271 - INFO - HTTP: "GET /queue HTTP/1.1" 200 -
2025-03-17 13:14:27,428 - INFO - HTTP: "GET /queue HTTP/1.1" 200 -
2025-03-17 13:14:27,584 - INFO - HTTP: "GET /queue HTTP/1.1" 200 -
2025-03-17 13:14:27,741 - INFO - HTTP: "GET /queue HTTP/1.1" 200 -
2025-03-17 13:14:27,895 - INFO - HTTP: "GET /queue HTTP/1.1" 200 -
2025-03-17 13:14:28,048 - INFO - HTTP: "GET /next HTTP/1.1" 200 -
2025-03-17 13:14:28,128 - INFO - HTTP: "GET /queue HTTP/1.1" 200 -
2025-03-17 13:14:28,203 - INFO - HTTP: "GET /queue HTTP/1.1" 200 -
2025-03-17 13:14:28,433 - INFO - HTTP: "GET /queue HTTP/1.1" 200 -
2025-03-17 13:14:28,508 - INFO - HTTP: "GET /queue HTTP/1.1" 200 -
2025-03-17 13:14:28,751 - INFO - HTTP: "GET /queue HTTP/1.1" 200 -
2025-03-17 13:14:28,816 - INFO - HTTP: "GET /queue HTTP/1.1" 200 -
2025-03-17 13:14:29,829 - INFO - HTTP: "GET /queue HTTP/1.1" 200 -
2025-03-17 13:14:30,142 - INFO - HTTP: "GET /queue HTTP/1.1" 200 -
2025-03-17 13:14:30,406 - INFO - HTTP: "GET /queue HTTP/1.1" 200 -
2025-03-17 13:14:30,814 - INFO - HTTP: "GET /queue HTTP/1.1" 200 -
2025-03-17 13:14:32,119 - INFO - HTTP: "GET /queue HTTP/1.1" 200 -
2025-03-17 13:14:32,821 - INFO - HTTP: "GET /queue HTTP/1.1" 200 -
2025-03-17 13:14:34,133 - INFO - HTTP: "GET /queue HTTP/1.1" 200 -
2025-03-17 13:14:34,311 - INFO - HTTP: code 404, message File not found
2025-03-17 13:14:34,311 - INFO - HTTP: "GET /favicon.ico HTTP/1.1" 404 -
2025-03-17 13:14:34,810 - INFO - HTTP: "GET /queue HTTP/1.1" 200 -
2025-03-17 13:14:36,134 - INFO - HTTP: "GET /queue HTTP/1.1" 200 -
2025-03-17 13:14:36,818 - INFO - HTTP: "GET /queue HTTP/1.1" 200 -
2025-03-17 13:14:38,139 - INFO - HTTP: "GET /queue HTTP/1.1" 200 -
2025-03-17 13:14:38,822 - INFO - HTTP: "GET /queue HTTP/1.1" 200 -
2025-03-17 13:14:40,128 - INFO - HTTP: "GET /queue HTTP/1.1" 200 -
2025-03-17 13:14:40,816 - INFO - HTTP: "GET /queue HTTP/1.1" 200 -
2025-03-17 13:14:42,118 - INFO - HTTP: "GET /queue HTTP/1.1" 200 -
2025-03-17 13:14:42,815 - INFO - HTTP: "GET /queue HTTP/1.1" 200 -
2025-03-17 13:14:44,130 - INFO - HTTP: "GET /queue HTTP/1.1" 200 -
2025-03-17 13:14:44,819 - INFO - HTTP: "GET /queue HTTP/1.1" 200 -
2025-03-17 13:14:46,130 - INFO - HTTP: "GET /queue HTTP/1.1" 200 -
2025-03-17 13:14:46,815 - INFO - HTTP: "GET /queue HTTP/1.1" 200 -
2025-03-17 13:14:48,128 - INFO - HTTP: "GET /queue HTTP/1.1" 200 -
2025-03-17 13:14:48,817 - INFO - HTTP: "GET /queue HTTP/1.1" 200 -
2025-03-17 13:14:50,128 - INFO - HTTP: "GET /queue HTTP/1.1" 200 -
2025-03-17 13:14:50,815 - INFO - HTTP: "GET /queue HTTP/1.1" 200 -
2025-03-17 13:14:52,124 - INFO - HTTP: "GET /queue HTTP/1.1" 200 -
2025-03-17 13:14:52,808 - INFO - HTTP: "GET /queue HTTP/1.1" 200 -
2025-03-17 13:14:53,900 - INFO - Added to TTS queue: I am already in normal mode. If you would like to ...
2025-03-17 13:14:54,120 - INFO - HTTP: "GET /queue HTTP/1.1" 200 -
2025-03-17 13:14:54,822 - INFO - HTTP: "GET /queue HTTP/1.1" 200 -
2025-03-17 13:14:56,120 - INFO - HTTP: "GET /queue HTTP/1.1" 200 -
2025-03-17 13:14:56,823 - INFO - HTTP: "GET /queue HTTP/1.1" 200 -
2025-03-17 13:14:58,117 - INFO - HTTP: "GET /queue HTTP/1.1" 200 -
2025-03-17 13:14:58,819 - INFO - HTTP: "GET /queue HTTP/1.1" 200 -
2025-03-17 13:14:59,990 - INFO - Added to TTS queue: Okay, I understand. You want to switch back to Inv...
2025-03-17 13:15:00,126 - INFO - HTTP: "GET /queue HTTP/1.1" 200 -
2025-03-17 13:15:00,817 - INFO - HTTP: "GET /queue HTTP/1.1" 200 -
2025-03-17 13:15:02,126 - INFO - HTTP: "GET /queue HTTP/1.1" 200 -
2025-03-17 13:15:02,820 - INFO - HTTP: "GET /queue HTTP/1.1" 200 -
2025-03-17 13:15:04,124 - INFO - HTTP: "GET /queue HTTP/1.1" 200 -
2025-03-17 13:15:04,808 - INFO - HTTP: "GET /queue HTTP/1.1" 200 -
2025-03-17 13:15:06,126 - INFO - HTTP: "GET /queue HTTP/1.1" 200 -
2025-03-17 13:15:06,815 - INFO - HTTP: "GET /queue HTTP/1.1" 200 -
2025-03-17 13:15:08,132 - INFO - HTTP: "GET /queue HTTP/1.1" 200 -
2025-03-17 13:15:32,792 - INFO - Settings loaded. Current voice: male_01.wav
2025-03-17 13:15:32,792 - INFO - Starting TTS player server...
2025-03-17 13:15:32,792 - INFO - TTS player server started on port 8765
2025-03-17 13:15:32,792 - INFO - Using voice: male_01.wav
2025-03-17 13:15:33,386 - INFO - TTS player opened in browser at http://localhost:8765
2025-03-17 13:15:33,388 - INFO - Added to TTS queue: Hey there! How can I help you today?

2025-03-17 13:16:09,215 - INFO - Added to TTS queue: Alright, let's dive back into the Invincible War! ...
2025-03-17 13:16:14,239 - INFO - Added to TTS queue: Alright, let's keep this train rolling! So, Invinc...
2025-03-17 13:16:16,926 - INFO - Added to TTS queue: Okay, switching back now.

2025-03-17 13:18:08,116 - INFO - HTTP: "GET / HTTP/1.1" 200 -
2025-03-17 13:40:14,081 - INFO - Settings loaded. Current voice: male_01.wav
2025-03-17 13:40:14,082 - INFO - Starting TTS player server...
2025-03-17 13:40:14,083 - INFO - TTS player server started on port 8765
2025-03-17 13:40:14,083 - INFO - Using voice: male_01.wav
2025-03-17 13:40:14,706 - INFO - TTS player opened in browser at http://localhost:8765
2025-03-17 13:40:14,733 - INFO - Added to TTS queue: Hey there! How can I help you today?

2025-03-17 13:40:15,128 - INFO - HTTP: "GET / HTTP/1.1" 200 -
2025-03-17 13:40:15,148 - INFO - HTTP: "GET /queue HTTP/1.1" 200 -
2025-03-17 13:40:15,390 - INFO - HTTP: "GET /voices HTTP/1.1" 200 -
2025-03-17 13:40:15,544 - INFO - HTTP: code 404, message File not found
2025-03-17 13:40:15,544 - INFO - HTTP: "GET /favicon.ico HTTP/1.1" 404 -
2025-03-17 13:40:15,704 - INFO - HTTP: "GET /current-voice HTTP/1.1" 200 -
2025-03-17 13:40:16,466 - INFO - HTTP: "GET /next HTTP/1.1" 200 -
2025-03-17 13:40:16,712 - INFO - HTTP: "GET /queue HTTP/1.1" 200 -
2025-03-17 13:40:16,790 - INFO - HTTP: "GET /queue HTTP/1.1" 200 -
2025-03-17 13:40:17,163 - INFO - HTTP: "GET /queue HTTP/1.1" 200 -
2025-03-17 13:40:18,466 - INFO - HTTP: "GET /queue HTTP/1.1" 200 -
2025-03-17 13:40:19,153 - INFO - HTTP: "GET /queue HTTP/1.1" 200 -
2025-03-17 13:40:19,862 - INFO - HTTP: code 404, message File not found
2025-03-17 13:40:19,862 - INFO - HTTP: "GET /favicon.ico HTTP/1.1" 404 -
2025-03-17 13:40:20,158 - INFO - HTTP: "GET /queue HTTP/1.1" 200 -
2025-03-17 13:40:21,469 - INFO - HTTP: "GET /queue HTTP/1.1" 200 -
2025-03-17 13:40:22,157 - INFO - HTTP: "GET /queue HTTP/1.1" 200 -
2025-03-17 13:40:22,627 - INFO - HTTP: "GET /next HTTP/1.1" 200 -
2025-03-17 13:40:22,890 - INFO - HTTP: "GET /queue HTTP/1.1" 200 -
2025-03-17 13:40:22,936 - INFO - HTTP: "GET /queue HTTP/1.1" 200 -
2025-03-17 13:40:23,201 - INFO - HTTP: "GET /queue HTTP/1.1" 200 -
2025-03-17 13:40:24,157 - INFO - HTTP: "GET /queue HTTP/1.1" 200 -
2025-03-17 13:40:25,460 - INFO - HTTP: "GET /queue HTTP/1.1" 200 -
2025-03-17 13:40:26,162 - INFO - HTTP: "GET /queue HTTP/1.1" 200 -
2025-03-17 13:40:26,983 - INFO - HTTP: "GET /next HTTP/1.1" 200 -
2025-03-17 13:40:27,236 - INFO - HTTP: "GET /queue HTTP/1.1" 200 -
2025-03-17 13:40:27,293 - INFO - HTTP: "GET /queue HTTP/1.1" 200 -
2025-03-17 13:40:27,543 - INFO - HTTP: "GET /queue HTTP/1.1" 200 -
2025-03-17 13:40:28,152 - INFO - HTTP: "GET /queue HTTP/1.1" 200 -
2025-03-17 13:40:29,460 - INFO - HTTP: "GET /queue HTTP/1.1" 200 -
2025-03-17 13:40:30,155 - INFO - HTTP: "GET /queue HTTP/1.1" 200 -
2025-03-17 13:40:31,464 - INFO - HTTP: "GET /queue HTTP/1.1" 200 -
2025-03-17 13:40:32,154 - INFO - HTTP: "GET /queue HTTP/1.1" 200 -
2025-03-17 13:40:33,456 - INFO - HTTP: "GET /queue HTTP/1.1" 200 -
2025-03-17 13:40:34,152 - INFO - HTTP: "GET /queue HTTP/1.1" 200 -
2025-03-17 13:40:35,457 - INFO - HTTP: "GET /queue HTTP/1.1" 200 -
2025-03-17 13:40:35,756 - INFO - HTTP: "DELETE /queue HTTP/1.1" 200 -
2025-03-17 13:40:36,075 - INFO - HTTP: "GET /queue HTTP/1.1" 200 -
2025-03-17 13:40:36,329 - INFO - HTTP: "GET /queue HTTP/1.1" 200 -
2025-03-17 13:40:36,461 - INFO - HTTP: "GET /next HTTP/1.1" 200 -
2025-03-17 13:40:36,514 - INFO - HTTP: "GET /queue HTTP/1.1" 200 -
2025-03-17 13:40:37,150 - INFO - HTTP: "GET /next HTTP/1.1" 200 -
2025-03-17 13:40:37,461 - INFO - HTTP: "GET /queue HTTP/1.1" 200 -
2025-03-17 13:40:38,148 - INFO - HTTP: "GET /next HTTP/1.1" 200 -
2025-03-17 13:40:38,461 - INFO - HTTP: "GET /queue HTTP/1.1" 200 -
2025-03-17 13:40:39,165 - INFO - HTTP: "GET /next HTTP/1.1" 200 -
2025-03-17 13:40:39,476 - INFO - HTTP: "GET /queue HTTP/1.1" 200 -
2025-03-17 13:40:40,159 - INFO - HTTP: "GET /next HTTP/1.1" 200 -
2025-03-17 13:40:40,467 - INFO - HTTP: "GET /queue HTTP/1.1" 200 -
2025-03-17 13:40:41,159 - INFO - HTTP: "GET /next HTTP/1.1" 200 -
2025-03-17 13:40:41,470 - INFO - HTTP: "GET /queue HTTP/1.1" 200 -
2025-03-17 13:40:42,158 - INFO - HTTP: "GET /next HTTP/1.1" 200 -
2025-03-17 13:40:42,468 - INFO - HTTP: "GET /queue HTTP/1.1" 200 -
2025-03-17 13:40:43,148 - INFO - HTTP: "GET /next HTTP/1.1" 200 -
2025-03-17 13:40:43,466 - INFO - HTTP: "GET /queue HTTP/1.1" 200 -
2025-03-17 13:40:44,154 - INFO - HTTP: "GET /next HTTP/1.1" 200 -
2025-03-17 13:40:44,461 - INFO - HTTP: "GET /queue HTTP/1.1" 200 -
2025-03-17 13:40:45,161 - INFO - HTTP: "GET /next HTTP/1.1" 200 -
2025-03-17 13:40:45,468 - INFO - HTTP: "GET /queue HTTP/1.1" 200 -
2025-03-17 13:40:46,155 - INFO - HTTP: "GET /next HTTP/1.1" 200 -
2025-03-17 13:40:46,466 - INFO - HTTP: "GET /queue HTTP/1.1" 200 -
2025-03-17 13:40:47,154 - INFO - HTTP: "GET /next HTTP/1.1" 200 -
2025-03-17 13:40:47,464 - INFO - HTTP: "GET /queue HTTP/1.1" 200 -
2025-03-17 13:40:48,156 - INFO - HTTP: "GET /next HTTP/1.1" 200 -
2025-03-17 13:40:48,465 - INFO - HTTP: "GET /queue HTTP/1.1" 200 -
2025-03-17 13:40:49,160 - INFO - HTTP: "GET /next HTTP/1.1" 200 -
2025-03-17 13:40:49,472 - INFO - HTTP: "GET /queue HTTP/1.1" 200 -
2025-03-17 13:40:50,147 - INFO - HTTP: "GET /next HTTP/1.1" 200 -
2025-03-17 13:40:50,466 - INFO - HTTP: "GET /queue HTTP/1.1" 200 -
2025-03-17 13:40:51,151 - INFO - HTTP: "GET /next HTTP/1.1" 200 -
2025-03-17 13:40:51,463 - INFO - HTTP: "GET /queue HTTP/1.1" 200 -
2025-03-17 13:40:52,155 - INFO - HTTP: "GET /next HTTP/1.1" 200 -
2025-03-17 13:40:52,465 - INFO - HTTP: "GET /queue HTTP/1.1" 200 -
2025-03-17 13:40:52,690 - INFO - Added to TTS queue: Alright, fam, let's dive back into the deep end of...
2025-03-17 13:40:53,150 - INFO - HTTP: "GET /next HTTP/1.1" 200 -
2025-03-17 13:40:53,507 - INFO - HTTP: "GET /queue HTTP/1.1" 200 -
2025-03-17 13:40:53,771 - INFO - HTTP: "GET /queue HTTP/1.1" 200 -
2025-03-17 13:40:54,157 - INFO - HTTP: "GET /queue HTTP/1.1" 200 -
2025-03-17 13:40:55,473 - INFO - HTTP: "GET /queue HTTP/1.1" 200 -
2025-03-17 13:40:56,157 - INFO - HTTP: "GET /queue HTTP/1.1" 200 -
2025-03-17 13:40:56,818 - INFO - Added to TTS queue: Aight, aight, let's do this.

So, to really unders...
2025-03-17 13:40:57,458 - INFO - HTTP: "GET /queue HTTP/1.1" 200 -
2025-03-17 13:40:58,160 - INFO - HTTP: "GET /queue HTTP/1.1" 200 -
2025-03-17 13:40:59,468 - INFO - HTTP: "GET /queue HTTP/1.1" 200 -
2025-03-17 13:41:00,148 - INFO - HTTP: "GET /queue HTTP/1.1" 200 -
2025-03-17 13:41:01,467 - INFO - HTTP: "GET /queue HTTP/1.1" 200 -
2025-03-17 13:41:02,155 - INFO - HTTP: "GET /queue HTTP/1.1" 200 -
2025-03-17 13:41:03,466 - INFO - HTTP: "GET /queue HTTP/1.1" 200 -
2025-03-17 13:41:04,148 - INFO - HTTP: "GET /queue HTTP/1.1" 200 -
2025-03-17 13:41:05,476 - INFO - HTTP: "GET /queue HTTP/1.1" 200 -
2025-03-17 13:41:06,158 - INFO - HTTP: "GET /queue HTTP/1.1" 200 -
2025-03-17 13:41:07,468 - INFO - HTTP: "GET /queue HTTP/1.1" 200 -
2025-03-17 13:41:08,158 - INFO - HTTP: "GET /queue HTTP/1.1" 200 -
2025-03-17 13:41:09,466 - INFO - HTTP: "GET /queue HTTP/1.1" 200 -
2025-03-17 13:41:10,149 - INFO - HTTP: "GET /queue HTTP/1.1" 200 -
2025-03-17 13:41:11,472 - INFO - HTTP: "GET /queue HTTP/1.1" 200 -
2025-03-17 13:41:12,160 - INFO - HTTP: "GET /queue HTTP/1.1" 200 -
2025-03-17 13:41:13,460 - INFO - HTTP: "GET /queue HTTP/1.1" 200 -
2025-03-17 13:41:14,148 - INFO - HTTP: "GET /queue HTTP/1.1" 200 -
2025-03-17 13:41:15,453 - INFO - HTTP: "GET /queue HTTP/1.1" 200 -
2025-03-17 13:41:16,156 - INFO - HTTP: "GET /queue HTTP/1.1" 200 -
2025-03-17 13:41:17,467 - INFO - HTTP: "GET /queue HTTP/1.1" 200 -
2025-03-17 13:41:18,152 - INFO - HTTP: "GET /queue HTTP/1.1" 200 -
2025-03-17 13:41:19,463 - INFO - HTTP: "GET /queue HTTP/1.1" 200 -
2025-03-17 13:41:20,152 - INFO - HTTP: "GET /queue HTTP/1.1" 200 -
2025-03-17 13:41:21,460 - INFO - HTTP: "GET /queue HTTP/1.1" 200 -
2025-03-17 13:41:22,160 - INFO - HTTP: "GET /queue HTTP/1.1" 200 -
2025-03-17 13:41:23,467 - INFO - HTTP: "GET /queue HTTP/1.1" 200 -
2025-03-17 13:41:24,149 - INFO - HTTP: "GET /queue HTTP/1.1" 200 -
2025-03-17 13:41:25,458 - INFO - HTTP: "GET /queue HTTP/1.1" 200 -
2025-03-17 13:41:26,159 - INFO - HTTP: "GET /queue HTTP/1.1" 200 -
2025-03-17 13:41:27,471 - INFO - HTTP: "GET /queue HTTP/1.1" 200 -
2025-03-17 13:41:28,155 - INFO - HTTP: "GET /queue HTTP/1.1" 200 -
2025-03-17 13:41:29,451 - INFO - HTTP: "GET /queue HTTP/1.1" 200 -
2025-03-17 13:41:30,155 - INFO - HTTP: "GET /queue HTTP/1.1" 200 -
2025-03-17 13:41:31,468 - INFO - HTTP: "GET /queue HTTP/1.1" 200 -
2025-03-17 13:41:32,152 - INFO - HTTP: "GET /queue HTTP/1.1" 200 -
2025-03-17 13:41:33,460 - INFO - HTTP: "GET /queue HTTP/1.1" 200 -
2025-03-17 13:41:34,165 - INFO - HTTP: "GET /queue HTTP/1.1" 200 -
2025-03-17 13:41:35,472 - INFO - HTTP: "GET /queue HTTP/1.1" 200 -
2025-03-17 13:41:36,156 - INFO - HTTP: "GET /queue HTTP/1.1" 200 -
2025-03-17 13:41:37,466 - INFO - HTTP: "GET /queue HTTP/1.1" 200 -
2025-03-17 13:41:38,164 - INFO - HTTP: "GET /queue HTTP/1.1" 200 -
2025-03-17 13:41:39,461 - INFO - HTTP: "GET /queue HTTP/1.1" 200 -
2025-03-17 13:41:40,160 - INFO - HTTP: "GET /queue HTTP/1.1" 200 -
2025-03-17 13:41:41,469 - INFO - HTTP: "GET /queue HTTP/1.1" 200 -
2025-03-17 13:41:42,155 - INFO - HTTP: "GET /queue HTTP/1.1" 200 -
2025-03-17 13:41:43,468 - INFO - HTTP: "GET /queue HTTP/1.1" 200 -
2025-03-17 13:41:44,149 - INFO - HTTP: "GET /queue HTTP/1.1" 200 -
2025-03-17 13:41:45,459 - INFO - HTTP: "GET /queue HTTP/1.1" 200 -
2025-03-17 13:41:46,162 - INFO - HTTP: "GET /queue HTTP/1.1" 200 -
2025-03-17 13:41:47,473 - INFO - HTTP: "GET /queue HTTP/1.1" 200 -
2025-03-17 13:41:48,155 - INFO - HTTP: "GET /queue HTTP/1.1" 200 -
2025-03-17 13:41:49,462 - INFO - HTTP: "GET /queue HTTP/1.1" 200 -
2025-03-17 13:41:50,150 - INFO - HTTP: "GET /queue HTTP/1.1" 200 -
2025-03-17 13:41:51,473 - INFO - HTTP: "GET /queue HTTP/1.1" 200 -
2025-03-17 13:41:52,161 - INFO - HTTP: "GET /queue HTTP/1.1" 200 -
2025-03-17 13:41:53,465 - INFO - HTTP: "GET /queue HTTP/1.1" 200 -
2025-03-17 13:41:54,148 - INFO - HTTP: "GET /queue HTTP/1.1" 200 -
2025-03-17 13:41:55,457 - INFO - HTTP: "GET /queue HTTP/1.1" 200 -
2025-03-17 13:41:56,159 - INFO - HTTP: "GET /queue HTTP/1.1" 200 -
2025-03-17 13:41:57,461 - INFO - HTTP: "GET /queue HTTP/1.1" 200 -
2025-03-17 13:41:58,158 - INFO - HTTP: "GET /queue HTTP/1.1" 200 -
2025-03-17 13:41:59,468 - INFO - HTTP: "GET /queue HTTP/1.1" 200 -
2025-03-17 13:42:00,151 - INFO - HTTP: "GET /queue HTTP/1.1" 200 -
2025-03-17 13:42:01,466 - INFO - HTTP: "GET /queue HTTP/1.1" 200 -
2025-03-17 13:42:02,153 - INFO - HTTP: "GET /queue HTTP/1.1" 200 -
2025-03-17 13:42:03,475 - INFO - HTTP: "GET /queue HTTP/1.1" 200 -
2025-03-17 13:42:04,148 - INFO - HTTP: "GET /queue HTTP/1.1" 200 -
2025-03-17 13:42:05,475 - INFO - HTTP: "GET /queue HTTP/1.1" 200 -
2025-03-17 13:42:06,149 - INFO - HTTP: "GET /queue HTTP/1.1" 200 -
2025-03-17 13:42:07,473 - INFO - HTTP: "GET /queue HTTP/1.1" 200 -
2025-03-17 13:42:08,160 - INFO - HTTP: "GET /queue HTTP/1.1" 200 -
2025-03-17 13:42:09,458 - INFO - HTTP: "GET /queue HTTP/1.1" 200 -
2025-03-17 13:42:10,151 - INFO - HTTP: "GET /queue HTTP/1.1" 200 -
2025-03-17 13:42:11,462 - INFO - HTTP: "GET /queue HTTP/1.1" 200 -
2025-03-17 13:42:12,152 - INFO - HTTP: "GET /queue HTTP/1.1" 200 -
2025-03-17 13:42:13,461 - INFO - HTTP: "GET /queue HTTP/1.1" 200 -
2025-03-17 13:42:14,155 - INFO - HTTP: "GET /queue HTTP/1.1" 200 -
2025-03-17 13:42:15,471 - INFO - HTTP: "GET /queue HTTP/1.1" 200 -
2025-03-17 13:42:16,157 - INFO - HTTP: "GET /queue HTTP/1.1" 200 -
2025-03-17 13:42:17,465 - INFO - HTTP: "GET /queue HTTP/1.1" 200 -
2025-03-17 13:42:18,150 - INFO - HTTP: "GET /queue HTTP/1.1" 200 -
2025-03-17 13:42:19,461 - INFO - HTTP: "GET /queue HTTP/1.1" 200 -
2025-03-17 13:42:20,165 - INFO - HTTP: "GET /queue HTTP/1.1" 200 -
2025-03-17 13:42:21,470 - INFO - HTTP: "GET /queue HTTP/1.1" 200 -
2025-03-17 13:42:22,155 - INFO - HTTP: "GET /queue HTTP/1.1" 200 -
2025-03-17 13:42:23,473 - INFO - HTTP: "GET /queue HTTP/1.1" 200 -
2025-03-17 13:42:23,691 - INFO - HTTP: "GET /next HTTP/1.1" 200 -
2025-03-17 13:42:23,737 - INFO - HTTP: "GET /queue HTTP/1.1" 200 -
2025-03-17 13:42:24,002 - INFO - HTTP: "GET /queue HTTP/1.1" 200 -
2025-03-17 13:42:24,158 - INFO - HTTP: "GET /queue HTTP/1.1" 200 -
2025-03-17 13:42:25,461 - INFO - HTTP: "GET /queue HTTP/1.1" 200 -
2025-03-17 13:42:26,151 - INFO - HTTP: "GET /queue HTTP/1.1" 200 -
2025-03-17 13:42:27,466 - INFO - HTTP: "GET /queue HTTP/1.1" 200 -
2025-03-17 13:42:28,150 - INFO - HTTP: "GET /queue HTTP/1.1" 200 -
2025-03-17 13:42:29,460 - INFO - HTTP: "GET /queue HTTP/1.1" 200 -
2025-03-17 13:42:30,153 - INFO - HTTP: "GET /queue HTTP/1.1" 200 -
2025-03-17 13:42:31,460 - INFO - HTTP: "GET /queue HTTP/1.1" 200 -
2025-03-17 13:42:31,528 - INFO - Added to TTS queue: Okay, switching back now.

2025-03-17 13:42:32,150 - INFO - HTTP: "GET /queue HTTP/1.1" 200 -
2025-03-17 13:42:33,456 - INFO - HTTP: "GET /queue HTTP/1.1" 200 -
2025-03-17 13:42:34,161 - INFO - HTTP: "GET /queue HTTP/1.1" 200 -
2025-03-17 13:42:35,461 - INFO - HTTP: "GET /queue HTTP/1.1" 200 -
2025-03-17 13:42:36,157 - INFO - HTTP: "GET /queue HTTP/1.1" 200 -
2025-03-17 13:42:37,466 - INFO - HTTP: "GET /queue HTTP/1.1" 200 -
2025-03-17 13:42:38,152 - INFO - HTTP: "GET /queue HTTP/1.1" 200 -
2025-03-17 13:42:39,464 - INFO - HTTP: "GET /queue HTTP/1.1" 200 -
2025-03-17 13:42:40,149 - INFO - HTTP: "GET /queue HTTP/1.1" 200 -
2025-03-17 13:42:41,456 - INFO - HTTP: "GET /queue HTTP/1.1" 200 -
2025-03-17 13:42:42,161 - INFO - HTTP: "GET /queue HTTP/1.1" 200 -
2025-03-17 13:42:43,474 - INFO - HTTP: "GET /queue HTTP/1.1" 200 -
2025-03-17 13:42:44,160 - INFO - HTTP: "GET /queue HTTP/1.1" 200 -
2025-03-17 13:42:45,473 - INFO - HTTP: "GET /queue HTTP/1.1" 200 -
2025-03-17 13:42:46,159 - INFO - HTTP: "GET /queue HTTP/1.1" 200 -
2025-03-17 13:42:47,461 - INFO - HTTP: "GET /queue HTTP/1.1" 200 -
2025-03-17 13:42:48,153 - INFO - HTTP: "GET /queue HTTP/1.1" 200 -
2025-03-17 13:42:49,466 - INFO - HTTP: "GET /queue HTTP/1.1" 200 -
2025-03-17 13:42:50,153 - INFO - HTTP: "GET /queue HTTP/1.1" 200 -
2025-03-17 13:42:51,472 - INFO - HTTP: "GET /queue HTTP/1.1" 200 -
2025-03-17 13:42:52,150 - INFO - HTTP: "GET /queue HTTP/1.1" 200 -
2025-03-17 13:42:53,461 - INFO - HTTP: "GET /queue HTTP/1.1" 200 -
2025-03-17 13:42:54,154 - INFO - HTTP: "GET /next HTTP/1.1" 200 -
2025-03-17 13:42:54,475 - INFO - HTTP: "GET /queue HTTP/1.1" 200 -
2025-03-17 13:42:54,741 - INFO - HTTP: "GET /queue HTTP/1.1" 200 -
2025-03-17 13:42:55,164 - INFO - HTTP: "GET /queue HTTP/1.1" 200 -
2025-03-17 13:42:56,473 - INFO - HTTP: "GET /queue HTTP/1.1" 200 -
2025-03-17 13:42:57,153 - INFO - HTTP: "GET /queue HTTP/1.1" 200 -
2025-03-17 13:42:58,355 - INFO - HTTP: "DELETE /queue HTTP/1.1" 200 -
2025-03-17 13:42:58,623 - INFO - HTTP: "GET /queue HTTP/1.1" 200 -
2025-03-17 13:42:58,670 - INFO - HTTP: "GET /queue HTTP/1.1" 200 -
2025-03-17 13:42:59,151 - INFO - HTTP: "GET /queue HTTP/1.1" 200 -
2025-03-17 13:43:00,343 - INFO - HTTP: "DELETE /queue HTTP/1.1" 200 -
2025-03-17 13:43:00,610 - INFO - HTTP: "GET /queue HTTP/1.1" 200 -
2025-03-17 13:43:10,481 - INFO - HTTP: "GET / HTTP/1.1" 200 -
2025-03-17 13:43:10,482 - INFO - HTTP: "GET /queue HTTP/1.1" 200 -
2025-03-17 13:43:10,786 - INFO - HTTP: "GET /voices HTTP/1.1" 200 -
2025-03-17 13:43:10,812 - INFO - HTTP: "GET /queue HTTP/1.1" 200 -
2025-03-17 13:43:10,812 - INFO - HTTP: "GET /current-voice HTTP/1.1" 200 -
2025-03-17 13:43:11,516 - INFO - HTTP: "GET /next HTTP/1.1" 200 -
2025-03-17 13:43:11,831 - INFO - HTTP: "GET /queue HTTP/1.1" 200 -
2025-03-17 13:43:12,505 - INFO - HTTP: "GET /next HTTP/1.1" 200 -
2025-03-17 13:43:12,819 - INFO - HTTP: "GET /queue HTTP/1.1" 200 -
2025-03-17 13:43:13,506 - INFO - HTTP: "GET /next HTTP/1.1" 200 -
2025-03-17 13:43:13,817 - INFO - HTTP: "GET /queue HTTP/1.1" 200 -
2025-03-17 13:43:14,503 - INFO - HTTP: "GET /next HTTP/1.1" 200 -
2025-03-17 13:43:14,809 - INFO - HTTP: "GET /queue HTTP/1.1" 200 -
2025-03-17 13:43:15,514 - INFO - HTTP: "GET /next HTTP/1.1" 200 -
2025-03-17 13:43:15,820 - INFO - HTTP: "GET /queue HTTP/1.1" 200 -
2025-03-17 13:43:16,511 - INFO - HTTP: "GET /next HTTP/1.1" 200 -
2025-03-17 13:43:16,684 - INFO - Added to TTS queue: Hey! What's up? How can I help you today?

2025-03-17 13:43:16,832 - INFO - HTTP: "GET /queue HTTP/1.1" 200 -
2025-03-17 13:43:17,504 - INFO - HTTP: "GET /next HTTP/1.1" 200 -
2025-03-17 13:43:17,815 - INFO - HTTP: "GET /queue HTTP/1.1" 200 -
2025-03-17 13:43:18,079 - INFO - HTTP: "GET /queue HTTP/1.1" 200 -
2025-03-17 13:43:18,505 - INFO - HTTP: "GET /queue HTTP/1.1" 200 -
2025-03-17 13:43:19,813 - INFO - HTTP: "GET /queue HTTP/1.1" 200 -
2025-03-17 13:43:20,517 - INFO - HTTP: "GET /queue HTTP/1.1" 200 -
2025-03-17 13:43:21,827 - INFO - HTTP: "GET /queue HTTP/1.1" 200 -
2025-03-17 13:43:22,502 - INFO - HTTP: "GET /queue HTTP/1.1" 200 -
2025-03-17 13:43:23,813 - INFO - HTTP: "GET /queue HTTP/1.1" 200 -
2025-03-17 13:43:24,517 - INFO - HTTP: "GET /queue HTTP/1.1" 200 -
2025-03-17 13:43:25,824 - INFO - HTTP: "GET /queue HTTP/1.1" 200 -
2025-03-17 13:43:26,512 - INFO - HTTP: "GET /queue HTTP/1.1" 200 -
2025-03-17 13:43:27,826 - INFO - HTTP: "GET /queue HTTP/1.1" 200 -
2025-03-17 13:43:28,510 - INFO - HTTP: "GET /queue HTTP/1.1" 200 -
2025-03-17 13:43:29,823 - INFO - HTTP: "GET /queue HTTP/1.1" 200 -
2025-03-17 13:43:30,511 - INFO - HTTP: "GET /queue HTTP/1.1" 200 -
2025-03-17 13:43:31,824 - INFO - HTTP: "GET /queue HTTP/1.1" 200 -
2025-03-17 13:43:32,513 - INFO - HTTP: "GET /queue HTTP/1.1" 200 -
2025-03-17 13:43:33,824 - INFO - HTTP: "GET /queue HTTP/1.1" 200 -
2025-03-17 13:43:34,514 - INFO - HTTP: "GET /queue HTTP/1.1" 200 -
2025-03-17 13:43:35,831 - INFO - HTTP: "GET /queue HTTP/1.1" 200 -
2025-03-17 13:43:36,505 - INFO - HTTP: "GET /queue HTTP/1.1" 200 -
2025-03-17 13:43:37,822 - INFO - HTTP: "GET /queue HTTP/1.1" 200 -
2025-03-17 13:43:38,513 - INFO - HTTP: "GET /queue HTTP/1.1" 200 -
2025-03-17 13:43:39,824 - INFO - HTTP: "GET /queue HTTP/1.1" 200 -
2025-03-17 13:43:40,512 - INFO - HTTP: "GET /queue HTTP/1.1" 200 -
2025-03-17 13:43:41,817 - INFO - HTTP: "GET /queue HTTP/1.1" 200 -
2025-03-17 13:43:42,506 - INFO - HTTP: "GET /queue HTTP/1.1" 200 -
2025-03-17 13:43:43,825 - INFO - HTTP: "GET /queue HTTP/1.1" 200 -
2025-03-17 13:43:44,510 - INFO - HTTP: "GET /queue HTTP/1.1" 200 -
2025-03-17 13:43:45,823 - INFO - HTTP: "GET /queue HTTP/1.1" 200 -
2025-03-17 13:43:46,516 - INFO - HTTP: "GET /queue HTTP/1.1" 200 -
2025-03-17 13:43:47,824 - INFO - HTTP: "GET /queue HTTP/1.1" 200 -
2025-03-17 13:43:48,510 - INFO - HTTP: "GET /queue HTTP/1.1" 200 -
2025-03-17 13:43:49,818 - INFO - HTTP: "GET /queue HTTP/1.1" 200 -
2025-03-17 13:43:50,509 - INFO - HTTP: "GET /queue HTTP/1.1" 200 -
2025-03-17 13:43:51,824 - INFO - HTTP: "GET /queue HTTP/1.1" 200 -
2025-03-17 13:43:52,510 - INFO - HTTP: "GET /queue HTTP/1.1" 200 -
2025-03-17 13:43:53,816 - INFO - HTTP: "GET /queue HTTP/1.1" 200 -
2025-03-17 13:43:54,505 - INFO - HTTP: "GET /queue HTTP/1.1" 200 -
2025-03-17 13:43:55,819 - INFO - HTTP: "GET /queue HTTP/1.1" 200 -
2025-03-17 13:43:56,505 - INFO - HTTP: "GET /queue HTTP/1.1" 200 -
2025-03-17 13:43:57,814 - INFO - HTTP: "GET /queue HTTP/1.1" 200 -
2025-03-17 13:43:58,225 - INFO - HTTP: code 404, message File not found
2025-03-17 13:43:58,225 - INFO - HTTP: "GET /favicon.ico HTTP/1.1" 404 -
2025-03-17 13:43:58,822 - INFO - HTTP: "GET /queue HTTP/1.1" 200 -
2025-03-17 13:43:59,511 - INFO - HTTP: "GET /queue HTTP/1.1" 200 -
2025-03-17 13:44:00,828 - INFO - HTTP: "GET /queue HTTP/1.1" 200 -
2025-03-17 13:44:01,505 - INFO - HTTP: "GET /queue HTTP/1.1" 200 -
2025-03-17 13:44:02,033 - INFO - HTTP: "GET /next HTTP/1.1" 200 -
2025-03-17 13:44:02,283 - INFO - HTTP: "GET /queue HTTP/1.1" 200 -
2025-03-17 13:44:02,509 - INFO - HTTP: "GET /next HTTP/1.1" 200 -
2025-03-17 13:44:02,817 - INFO - HTTP: "GET /queue HTTP/1.1" 200 -
2025-03-17 13:44:03,506 - INFO - HTTP: "GET /next HTTP/1.1" 200 -
2025-03-17 13:44:03,818 - INFO - HTTP: "GET /queue HTTP/1.1" 200 -
2025-03-17 13:44:04,505 - INFO - HTTP: "GET /next HTTP/1.1" 200 -
2025-03-17 13:44:04,820 - INFO - HTTP: "GET /queue HTTP/1.1" 200 -
2025-03-17 13:44:05,518 - INFO - HTTP: "GET /next HTTP/1.1" 200 -
2025-03-17 13:44:05,826 - INFO - HTTP: "GET /queue HTTP/1.1" 200 -
2025-03-17 13:44:06,515 - INFO - HTTP: "GET /next HTTP/1.1" 200 -
2025-03-17 13:44:06,826 - INFO - HTTP: "GET /queue HTTP/1.1" 200 -
2025-03-17 13:44:07,517 - INFO - HTTP: "GET /next HTTP/1.1" 200 -
2025-03-17 13:44:07,828 - INFO - HTTP: "GET /queue HTTP/1.1" 200 -
2025-03-17 13:44:08,502 - INFO - HTTP: "GET /next HTTP/1.1" 200 -
2025-03-17 13:44:08,811 - INFO - HTTP: "GET /queue HTTP/1.1" 200 -
2025-03-17 13:44:09,513 - INFO - HTTP: "GET /next HTTP/1.1" 200 -
2025-03-17 13:44:09,826 - INFO - HTTP: "GET /queue HTTP/1.1" 200 -
2025-03-17 13:44:10,513 - INFO - HTTP: "GET /next HTTP/1.1" 200 -
2025-03-17 13:44:10,821 - INFO - HTTP: "GET /queue HTTP/1.1" 200 -
2025-03-17 13:44:11,510 - INFO - HTTP: "GET /next HTTP/1.1" 200 -
2025-03-17 13:44:11,819 - INFO - HTTP: "GET /queue HTTP/1.1" 200 -
2025-03-17 13:44:12,508 - INFO - HTTP: "GET /next HTTP/1.1" 200 -
2025-03-17 13:44:12,819 - INFO - HTTP: "GET /queue HTTP/1.1" 200 -
2025-03-17 13:44:13,511 - INFO - HTTP: "GET /next HTTP/1.1" 200 -
2025-03-17 13:44:13,820 - INFO - HTTP: "GET /queue HTTP/1.1" 200 -
2025-03-17 13:44:14,505 - INFO - HTTP: "GET /next HTTP/1.1" 200 -
2025-03-17 13:44:14,816 - INFO - HTTP: "GET /queue HTTP/1.1" 200 -
2025-03-17 13:44:15,505 - INFO - HTTP: "GET /next HTTP/1.1" 200 -
